{"type":"FeatureCollection","features":[{"type":"Feature","properties":{"N03_007":"13000","N03_001":"東京都","nam_ja":"所属未定地"},"geometry":{"type":"MultiPolygon","coordinates":[[[[140.051933,31.438464],[140.052031,31.438391],[140.051958,31.438332],[140.051933,31.438464]]],[[[140.050664,31.440272],[140.051601,31.438134],[140.051091,31.437812],[140.050333,31.437849],[140.050019,31.438812],[140.050019,31.439914],[140.050664,31.440272]]],[[[140.050638,31.442129],[140.050644,31.441997],[140.050588,31.442093],[140.050638,31.442129]]],[[[139.917094,31.886641],[139.917262,31.886697],[139.917453,31.886696],[139.917395,31.88648],[139.917094,31.886641]]],[[[139.917088,31.886789],[139.917083,31.886815],[139.917107,31.886805],[139.917088,31.886789]]],[[[139.917386,31.88702],[139.91739,31.886935],[139.917334,31.887028],[139.917386,31.88702]]],[[[139.91769,31.887059],[139.917685,31.887029],[139.917668,31.887065],[139.91769,31.887059]]],[[[139.917576,31.887229],[139.917281,31.887226],[139.917382,31.887336],[139.917576,31.887229]]],[[[139.916486,31.887293],[139.916533,31.887249],[139.91647,31.887286],[139.916486,31.887293]]],[[[139.916338,31.887294],[139.91628,31.88727],[139.916285,31.887284],[139.916338,31.887294]]],[[[139.916245,31.887311],[139.916193,31.887297],[139.916197,31.887312],[139.916245,31.887311]]],[[[139.91786,31.88745],[139.917664,31.887486],[139.917824,31.887521],[139.91786,31.88745]]],[[[139.917934,31.887528],[139.917911,31.887516],[139.917903,31.88753],[139.917934,31.887528]]],[[[139.918173,31.88752],[139.918078,31.887446],[139.918029,31.887591],[139.918173,31.88752]]],[[[139.917684,31.887606],[139.917681,31.887552],[139.917664,31.887598],[139.917684,31.887606]]],[[[139.917869,31.887573],[139.917841,31.88762],[139.917903,31.887599],[139.917869,31.887573]]],[[[139.9176,31.887695],[139.917639,31.887658],[139.917603,31.887649],[139.9176,31.887695]]],[[[139.917695,31.887789],[139.917861,31.887785],[139.917615,31.887768],[139.917695,31.887789]]],[[[139.917573,31.887931],[139.917651,31.887868],[139.917582,31.88784],[139.917573,31.887931]]],[[[139.918933,31.887958],[139.918933,31.887918],[139.918908,31.887938],[139.918933,31.887958]]],[[[139.91891,31.888101],[139.918868,31.88797],[139.918812,31.88806],[139.91891,31.888101]]],[[[139.917971,31.888127],[139.917752,31.888153],[139.91803,31.888204],[139.917971,31.888127]]],[[[139.917893,31.888377],[139.91796,31.888325],[139.917878,31.888355],[139.917893,31.888377]]],[[[139.918426,31.888475],[139.918397,31.888551],[139.918489,31.88854],[139.918426,31.888475]]],[[[139.918612,31.88858],[139.918569,31.888538],[139.918548,31.888569],[139.918612,31.88858]]],[[[139.917072,31.888622],[139.91715,31.88851],[139.917128,31.888502],[139.917072,31.888622]]],[[[139.918657,31.888676],[139.918567,31.888602],[139.918553,31.888686],[139.918657,31.888676]]],[[[139.918582,31.888844],[139.918645,31.888862],[139.918667,31.888824],[139.918582,31.888844]]],[[[139.82922,35.582014],[139.831219,35.582999],[139.829278,35.581942],[139.82922,35.582014]]],[[[139.813551,35.589656],[139.827062,35.596938],[139.83221,35.588933],[139.819743,35.58218],[139.822739,35.578501],[139.828259,35.581392],[139.822709,35.578383],[139.819656,35.582133],[139.813426,35.578728],[139.808477,35.58387],[139.805832,35.585448],[139.811715,35.588639],[139.805614,35.596159],[139.807435,35.597143],[139.813551,35.589656]]],[[[139.850381,35.656526],[139.849441,35.642762],[139.840978,35.64298],[139.842958,35.656821],[139.850381,35.656526]]],[[[140.297271,30.472491],[140.297385,30.472549],[140.297325,30.472439],[140.297271,30.472491]]],[[[140.297843,30.47267],[140.297951,30.472656],[140.297858,30.472605],[140.297843,30.47267]]],[[[140.297542,30.472665],[140.297651,30.472714],[140.297617,30.472647],[140.297542,30.472665]]],[[[140.298552,30.472729],[140.298633,30.472699],[140.298562,30.472676],[140.298552,30.472729]]],[[[140.29839,30.472845],[140.298471,30.472815],[140.298387,30.472812],[140.29839,30.472845]]],[[[140.298538,30.472853],[140.298627,30.472894],[140.298618,30.472854],[140.298538,30.472853]]],[[[140.297915,30.473031],[140.298005,30.472972],[140.297902,30.472968],[140.297915,30.473031]]],[[[140.295592,30.474312],[140.295669,30.47434],[140.295666,30.474304],[140.295592,30.474312]]],[[[140.295384,30.474421],[140.295435,30.474433],[140.295434,30.474396],[140.295384,30.474421]]],[[[140.295549,30.474509],[140.295586,30.474457],[140.295534,30.474484],[140.295549,30.474509]]],[[[140.29382,30.475635],[140.293909,30.475633],[140.293879,30.475596],[140.29382,30.475635]]],[[[140.294115,30.475761],[140.294164,30.475779],[140.294157,30.475737],[140.294115,30.475761]]],[[[140.293648,30.475889],[140.29372,30.475838],[140.293681,30.475813],[140.293648,30.475889]]],[[[140.293355,30.476072],[140.29342,30.4761],[140.293396,30.476039],[140.293355,30.476072]]],[[[140.29226,30.477244],[140.292333,30.477292],[140.292333,30.477222],[140.29226,30.477244]]],[[[140.291016,30.478337],[140.291068,30.478304],[140.291028,30.478297],[140.291016,30.478337]]],[[[140.290166,30.478687],[140.290294,30.478711],[140.290297,30.478653],[140.290166,30.478687]]],[[[140.290376,30.47877],[140.290448,30.478721],[140.290359,30.478742],[140.290376,30.47877]]],[[[140.290193,30.478896],[140.290245,30.478904],[140.290227,30.478857],[140.290193,30.478896]]],[[[140.289984,30.479206],[140.29005,30.479185],[140.29001,30.479152],[140.289984,30.479206]]],[[[140.289829,30.479306],[140.289912,30.479318],[140.289873,30.479267],[140.289829,30.479306]]],[[[140.288801,30.481609],[140.288871,30.481574],[140.288815,30.481574],[140.288801,30.481609]]],[[[140.288295,30.481873],[140.288375,30.481936],[140.288381,30.481897],[140.288295,30.481873]]],[[[140.287288,30.482293],[140.287383,30.482337],[140.287359,30.482259],[140.287288,30.482293]]],[[[140.286042,30.482436],[140.286045,30.482537],[140.286132,30.482437],[140.286042,30.482436]]],[[[140.286378,30.482824],[140.286747,30.482917],[140.286363,30.482762],[140.286378,30.482824]]],[[[140.286683,30.482991],[140.28675,30.483029],[140.286757,30.483004],[140.286683,30.482991]]],[[[140.28655,30.485457],[140.286814,30.485142],[140.286373,30.485401],[140.28655,30.485457]]],[[[140.287706,30.486095],[140.287787,30.486148],[140.287769,30.48608],[140.287706,30.486095]]],[[[140.052432,31.438134],[140.052524,31.438084],[140.052463,31.43805],[140.052432,31.438134]]],[[[140.053558,31.438166],[140.053683,31.438406],[140.053769,31.438149],[140.053558,31.438166]]],[[[140.300273,30.472794],[140.30035,30.47281],[140.300337,30.472768],[140.300273,30.472794]]],[[[140.300484,30.472825],[140.300576,30.472854],[140.30057,30.472811],[140.300484,30.472825]]],[[[140.298745,30.472885],[140.298839,30.472859],[140.29878,30.472834],[140.298745,30.472885]]],[[[140.298925,30.472926],[140.298973,30.47287],[140.29891,30.472872],[140.298925,30.472926]]],[[[140.30486,30.473925],[140.304963,30.473961],[140.304956,30.473909],[140.30486,30.473925]]],[[[140.305929,30.474264],[140.305995,30.474276],[140.305979,30.474228],[140.305929,30.474264]]],[[[140.305852,30.474368],[140.305918,30.474357],[140.305906,30.47433],[140.305852,30.474368]]],[[[140.306669,30.474462],[140.306729,30.474431],[140.306671,30.474436],[140.306669,30.474462]]],[[[140.307544,30.474436],[140.307588,30.474487],[140.307604,30.474448],[140.307544,30.474436]]],[[[140.307059,30.474476],[140.307115,30.474461],[140.307076,30.474436],[140.307059,30.474476]]],[[[140.307881,30.474491],[140.307947,30.474503],[140.307896,30.474454],[140.307881,30.474491]]],[[[140.307332,30.474495],[140.307423,30.474506],[140.307426,30.474471],[140.307332,30.474495]]],[[[140.308424,30.474575],[140.308512,30.474558],[140.30842,30.474554],[140.308424,30.474575]]],[[[140.309042,30.474607],[140.309104,30.474628],[140.309072,30.474585],[140.309042,30.474607]]],[[[140.309286,30.475098],[140.309344,30.475055],[140.309314,30.475041],[140.309286,30.475098]]],[[[140.309703,30.475287],[140.309755,30.475239],[140.309691,30.475256],[140.309703,30.475287]]],[[[140.310229,30.475509],[140.310296,30.47547],[140.31024,30.475473],[140.310229,30.475509]]],[[[140.310262,30.475595],[140.31031,30.475592],[140.310301,30.475556],[140.310262,30.475595]]],[[[140.310272,30.475693],[140.310317,30.475664],[140.310297,30.475651],[140.310272,30.475693]]],[[[140.310221,30.475785],[140.31027,30.475783],[140.310249,30.475748],[140.310221,30.475785]]],[[[140.310206,30.475943],[140.310244,30.475902],[140.310194,30.475917],[140.310206,30.475943]]],[[[140.310399,30.475969],[140.310467,30.475967],[140.310448,30.475914],[140.310399,30.475969]]],[[[140.310944,30.476208],[140.311038,30.476199],[140.310923,30.476157],[140.310944,30.476208]]],[[[140.311339,30.477138],[140.311419,30.477135],[140.311378,30.477087],[140.311339,30.477138]]],[[[140.311276,30.477431],[140.311344,30.477451],[140.311309,30.477394],[140.311276,30.477431]]],[[[140.304251,30.495761],[140.307067,30.495094],[140.312961,30.489405],[140.314439,30.486982],[140.313517,30.483778],[140.313821,30.481777],[140.313115,30.481182],[140.311301,30.477697],[140.310904,30.476246],[140.310199,30.476074],[140.310162,30.475553],[140.309272,30.47524],[140.308903,30.474643],[140.304026,30.474257],[140.300721,30.472971],[140.298214,30.472914],[140.290361,30.478848],[140.289684,30.480877],[140.288071,30.482501],[140.287235,30.482438],[140.287128,30.483035],[140.286473,30.483315],[140.286506,30.484129],[140.287192,30.484072],[140.286263,30.484716],[140.287659,30.484991],[140.288161,30.487599],[140.289431,30.488129],[140.290582,30.490627],[140.293737,30.493682],[140.297903,30.494057],[140.298543,30.495343],[140.304251,30.495761]]],[[[140.311245,30.491542],[140.311294,30.491594],[140.311301,30.491529],[140.311245,30.491542]]],[[[140.310356,30.492382],[140.310474,30.492359],[140.310377,30.492341],[140.310356,30.492382]]],[[[140.309983,30.492873],[140.310045,30.492866],[140.310016,30.492836],[140.309983,30.492873]]],[[[140.309489,30.493222],[140.309554,30.493203],[140.309547,30.493156],[140.309489,30.493222]]],[[[140.309833,30.493141],[140.309785,30.493252],[140.309901,30.493208],[140.309833,30.493141]]],[[[140.341741,29.793841],[140.341991,29.794367],[140.342355,29.794097],[140.341741,29.793841]]],[[[140.311423,30.477316],[140.311493,30.477302],[140.311449,30.477268],[140.311423,30.477316]]],[[[140.312368,30.478857],[140.312413,30.478817],[140.312369,30.478817],[140.312368,30.478857]]],[[[140.312564,30.479198],[140.312593,30.479145],[140.312547,30.479144],[140.312564,30.479198]]],[[[140.313024,30.479278],[140.313094,30.479309],[140.313049,30.479255],[140.313024,30.479278]]],[[[140.312804,30.479926],[140.312875,30.479911],[140.312834,30.479855],[140.312804,30.479926]]],[[[140.313146,30.480441],[140.313272,30.480506],[140.313251,30.480429],[140.313146,30.480441]]],[[[140.313606,30.481531],[140.313688,30.481521],[140.313642,30.481499],[140.313606,30.481531]]],[[[140.313867,30.481552],[140.313965,30.48159],[140.313923,30.481533],[140.313867,30.481552]]],[[[140.313904,30.481972],[140.313981,30.481992],[140.313917,30.48195],[140.313904,30.481972]]],[[[140.313776,30.482492],[140.313831,30.482495],[140.313811,30.482456],[140.313776,30.482492]]],[[[140.313716,30.483104],[140.313775,30.483116],[140.313741,30.483076],[140.313716,30.483104]]],[[[140.314561,30.484912],[140.314632,30.484957],[140.314611,30.484885],[140.314561,30.484912]]],[[[140.313967,30.484974],[140.314066,30.48498],[140.314029,30.484915],[140.313967,30.484974]]],[[[140.314657,30.485116],[140.314725,30.485082],[140.314677,30.485071],[140.314657,30.485116]]],[[[140.314289,30.485421],[140.314347,30.485375],[140.314283,30.485363],[140.314289,30.485421]]],[[[140.314601,30.485935],[140.314674,30.485886],[140.314607,30.485876],[140.314601,30.485935]]],[[[140.315433,30.486187],[140.315515,30.486152],[140.315479,30.486116],[140.315433,30.486187]]],[[[140.315365,30.486327],[140.315457,30.486388],[140.315448,30.486315],[140.315365,30.486327]]],[[[140.315452,30.486469],[140.315553,30.486489],[140.31549,30.486426],[140.315452,30.486469]]],[[[140.31466,30.486561],[140.314744,30.48653],[140.314648,30.486517],[140.31466,30.486561]]],[[[140.314583,30.486715],[140.314664,30.486779],[140.314643,30.486698],[140.314583,30.486715]]],[[[140.314789,30.487044],[140.314856,30.487102],[140.314827,30.48703],[140.314789,30.487044]]],[[[140.315169,30.487084],[140.31524,30.487102],[140.315243,30.487047],[140.315169,30.487084]]],[[[140.314514,30.487124],[140.314579,30.48715],[140.314554,30.487109],[140.314514,30.487124]]],[[[140.315206,30.487186],[140.315277,30.487221],[140.315271,30.487165],[140.315206,30.487186]]],[[[140.315092,30.487357],[140.315103,30.487537],[140.315209,30.487405],[140.315092,30.487357]]],[[[140.313378,30.489066],[140.313429,30.489079],[140.31343,30.489039],[140.313378,30.489066]]],[[[140.3118,30.490893],[140.311861,30.490918],[140.311844,30.490864],[140.3118,30.490893]]],[[[140.311583,30.491254],[140.311677,30.491238],[140.311591,30.491207],[140.311583,30.491254]]]]}},{"type":"Feature","properties":{"N03_007":"13101","N03_001":"東京都","nam_ja":"千代田区"},"geometry":{"type":"Polygon","coordinates":[[[139.773039,35.705095],[139.772794,35.70312],[139.773661,35.70304],[139.773171,35.701879],[139.776644,35.700616],[139.780394,35.700331],[139.779977,35.698078],[139.782661,35.697855],[139.781978,35.695238],[139.782589,35.694718],[139.777708,35.691768],[139.768121,35.688637],[139.770896,35.684515],[139.770291,35.682976],[139.764175,35.67359],[139.760646,35.672364],[139.758551,35.668588],[139.749962,35.670831],[139.747479,35.669656],[139.746962,35.670505],[139.743362,35.67136],[139.739061,35.674026],[139.736775,35.678873],[139.733834,35.678878],[139.73162,35.681336],[139.730001,35.685542],[139.731377,35.689401],[139.737795,35.693441],[139.744123,35.701274],[139.744131,35.702029],[139.746708,35.703174],[139.749064,35.703124],[139.757198,35.701719],[139.7613,35.701587],[139.764561,35.700009],[139.768284,35.699701],[139.767867,35.700969],[139.766401,35.701782],[139.766773,35.702646],[139.768097,35.702743],[139.768061,35.703466],[139.769895,35.703367],[139.770139,35.705352],[139.773039,35.705095]]]}},{"type":"Feature","properties":{"N03_007":"13102","N03_001":"東京都","nam_ja":"中央区"},"geometry":{"type":"Polygon","coordinates":[[[139.783406,35.696449],[139.788915,35.694704],[139.789154,35.691027],[139.792752,35.685999],[139.792387,35.683485],[139.788692,35.678522],[139.787179,35.674506],[139.787296,35.67147],[139.789066,35.665644],[139.789592,35.656259],[139.788526,35.656176],[139.772744,35.646043],[139.76949,35.649266],[139.77272,35.651453],[139.771767,35.652453],[139.768361,35.650373],[139.767646,35.651078],[139.767239,35.655209],[139.768092,35.655786],[139.769645,35.654262],[139.770651,35.65494],[139.769304,35.656271],[139.767211,35.658121],[139.764531,35.656117],[139.759477,35.658992],[139.76331,35.664553],[139.762249,35.666958],[139.758551,35.668588],[139.760646,35.672364],[139.764175,35.67359],[139.770291,35.682976],[139.770896,35.684515],[139.768121,35.688637],[139.780227,35.692975],[139.782589,35.694718],[139.782069,35.696259],[139.783406,35.696449]]]}},{"type":"Feature","properties":{"N03_007":"13103","N03_001":"東京都","nam_ja":"港区"},"geometry":{"type":"MultiPolygon","coordinates":[[[[139.771264,35.628471],[139.771164,35.628379],[139.77113,35.628451],[139.771264,35.628471]]],[[[139.766065,35.627605],[139.768158,35.629399],[139.766134,35.627278],[139.766065,35.627605]]],[[[139.755244,35.633628],[139.759226,35.633654],[139.759413,35.628],[139.757432,35.62793],[139.757549,35.624093],[139.753507,35.624049],[139.754005,35.630919],[139.755244,35.633628]]],[[[139.776759,35.635963],[139.782376,35.629509],[139.77135,35.623138],[139.768732,35.626436],[139.768982,35.626929],[139.772801,35.628597],[139.774037,35.629366],[139.773937,35.629895],[139.777247,35.631751],[139.774862,35.634793],[139.773216,35.633949],[139.772659,35.632574],[139.770858,35.633074],[139.771361,35.634647],[139.773133,35.634409],[139.776759,35.635963]]],[[[139.770357,35.63177],[139.768518,35.629979],[139.768117,35.630134],[139.76979,35.632363],[139.770357,35.63177]]],[[[139.767045,35.634178],[139.767238,35.633202],[139.765572,35.633197],[139.766008,35.634233],[139.767045,35.634178]]],[[[139.758406,35.633734],[139.758522,35.633802],[139.758521,35.633732],[139.758406,35.633734]]],[[[139.756196,35.636882],[139.756188,35.636925],[139.75623,35.636915],[139.756196,35.636882]]],[[[139.730991,35.681191],[139.731499,35.681495],[139.732633,35.680619],[139.733834,35.678878],[139.736775,35.678873],[139.739061,35.674026],[139.743206,35.67143],[139.746962,35.670505],[139.747668,35.669609],[139.749516,35.670831],[139.754317,35.669905],[139.762004,35.667128],[139.76322,35.665257],[139.763182,35.664004],[139.759477,35.659077],[139.764531,35.656117],[139.762504,35.651876],[139.7613,35.652466],[139.760987,35.651872],[139.75908,35.645411],[139.759083,35.644971],[139.760354,35.644978],[139.760426,35.636778],[139.759652,35.636775],[139.758872,35.635922],[139.758352,35.635749],[139.759603,35.636805],[139.758788,35.637281],[139.758053,35.63638],[139.75875,35.637301],[139.756748,35.638388],[139.756182,35.636938],[139.7567,35.638414],[139.754805,35.638876],[139.752626,35.634423],[139.751922,35.626101],[139.750897,35.626187],[139.751377,35.62585],[139.750253,35.624824],[139.746217,35.623117],[139.744435,35.623395],[139.743335,35.625134],[139.737787,35.624532],[139.737507,35.623446],[139.735399,35.623202],[139.73395,35.626113],[139.731229,35.626335],[139.731523,35.628712],[139.731012,35.628814],[139.730862,35.630411],[139.728834,35.631655],[139.728865,35.632645],[139.728306,35.632844],[139.72773,35.631902],[139.726716,35.632208],[139.726853,35.634271],[139.725998,35.635034],[139.722212,35.635979],[139.722029,35.635388],[139.719962,35.634577],[139.717828,35.635045],[139.718208,35.636465],[139.716679,35.63826],[139.716843,35.639902],[139.719729,35.641432],[139.719202,35.641848],[139.721317,35.644409],[139.722492,35.644397],[139.72356,35.646701],[139.722979,35.647118],[139.722406,35.65233],[139.721558,35.653616],[139.722793,35.656075],[139.721974,35.655603],[139.718045,35.656982],[139.717851,35.656559],[139.714464,35.657348],[139.712878,35.65845],[139.713793,35.659758],[139.708564,35.664067],[139.713813,35.669349],[139.714708,35.669592],[139.713735,35.670311],[139.714933,35.672994],[139.71656,35.672369],[139.716558,35.673433],[139.719476,35.674498],[139.719948,35.675324],[139.719488,35.678411],[139.721158,35.679315],[139.721557,35.678848],[139.722579,35.679063],[139.722727,35.678253],[139.723204,35.679106],[139.726748,35.679288],[139.728529,35.682832],[139.729565,35.68281],[139.730991,35.681191]]]]}},{"type":"Feature","properties":{"N03_007":"13104","N03_001":"東京都","nam_ja":"新宿区"},"geometry":{"type":"Polygon","coordinates":[[[139.745832,35.70296],[139.74369,35.701629],[139.744123,35.701274],[139.737571,35.693225],[139.731175,35.689142],[139.730001,35.685542],[139.731499,35.681495],[139.73071,35.681024],[139.729565,35.68281],[139.728529,35.682832],[139.726226,35.679034],[139.723204,35.679106],[139.722727,35.678253],[139.722579,35.679063],[139.720646,35.679126],[139.719488,35.678411],[139.719948,35.675324],[139.718145,35.67393],[139.716558,35.673433],[139.716157,35.674044],[139.715462,35.67389],[139.71486,35.675078],[139.712894,35.674618],[139.712905,35.677288],[139.71479,35.680862],[139.711407,35.683367],[139.707408,35.684463],[139.707201,35.685987],[139.70578,35.688048],[139.70271,35.687772],[139.702103,35.689169],[139.69503,35.686649],[139.687673,35.681594],[139.685651,35.683787],[139.684933,35.685746],[139.685795,35.686188],[139.68598,35.687893],[139.684188,35.687557],[139.683219,35.688716],[139.68481,35.691243],[139.68374,35.692614],[139.685612,35.694214],[139.688377,35.699065],[139.687397,35.702219],[139.688372,35.706915],[139.693212,35.709717],[139.694331,35.71104],[139.691532,35.711326],[139.691047,35.710523],[139.690041,35.710826],[139.690076,35.711484],[139.688964,35.711438],[139.682783,35.710123],[139.680389,35.711212],[139.681851,35.713156],[139.68117,35.713292],[139.68145,35.714013],[139.680704,35.714494],[139.679876,35.714188],[139.679266,35.714698],[139.679691,35.716374],[139.679101,35.718279],[139.675442,35.719819],[139.675231,35.719152],[139.673438,35.718948],[139.674629,35.721499],[139.675685,35.721499],[139.675364,35.724881],[139.677015,35.72952],[139.68135,35.727044],[139.682722,35.723644],[139.684152,35.723791],[139.684409,35.722514],[139.689395,35.722597],[139.695727,35.721742],[139.698973,35.722432],[139.699817,35.723546],[139.7046,35.723014],[139.704157,35.722217],[139.705365,35.721478],[139.705011,35.719756],[139.705939,35.718851],[139.705377,35.716491],[139.704563,35.715876],[139.705877,35.713439],[139.707346,35.713853],[139.710421,35.713459],[139.711658,35.714819],[139.714412,35.713176],[139.71588,35.713813],[139.71865,35.712547],[139.721999,35.712527],[139.723259,35.710414],[139.725665,35.709311],[139.72742,35.709939],[139.728585,35.709312],[139.731845,35.709266],[139.731685,35.70823],[139.732447,35.707394],[139.735416,35.708224],[139.735852,35.709182],[139.742808,35.708132],[139.74485,35.70362],[139.745832,35.70296]]]}},{"type":"Feature","properties":{"N03_007":"13105","N03_001":"東京都","nam_ja":"文京区"},"geometry":{"type":"Polygon","coordinates":[[[139.74504,35.735855],[139.74677,35.735337],[139.749194,35.732874],[139.750651,35.734446],[139.753625,35.735158],[139.759937,35.731578],[139.760937,35.732206],[139.762237,35.731462],[139.764967,35.727573],[139.763258,35.721873],[139.767146,35.718241],[139.768678,35.715816],[139.767783,35.715714],[139.766873,35.716935],[139.765997,35.716594],[139.765029,35.717607],[139.764509,35.717275],[139.766013,35.715431],[139.765682,35.713585],[139.76763,35.712966],[139.76764,35.71137],[139.766859,35.711195],[139.76818,35.710979],[139.768227,35.71045],[139.766669,35.710469],[139.766622,35.708708],[139.771236,35.708991],[139.771295,35.708297],[139.772216,35.708345],[139.772402,35.707842],[139.772372,35.70722],[139.770163,35.707429],[139.769895,35.703367],[139.768061,35.703466],[139.768097,35.702743],[139.766773,35.702646],[139.766401,35.701782],[139.767867,35.700969],[139.768284,35.699701],[139.764561,35.700009],[139.7613,35.701587],[139.757198,35.701719],[139.749064,35.703124],[139.74587,35.702911],[139.74485,35.70362],[139.743058,35.708051],[139.735852,35.709182],[139.735416,35.708224],[139.732447,35.707394],[139.731685,35.70823],[139.731845,35.709266],[139.728585,35.709312],[139.72742,35.709939],[139.725665,35.709311],[139.722287,35.71137],[139.722392,35.712651],[139.717477,35.714622],[139.718317,35.717757],[139.718999,35.717451],[139.719533,35.718375],[139.722463,35.718782],[139.724725,35.720009],[139.72275,35.725149],[139.724369,35.72552],[139.725339,35.726136],[139.724813,35.726637],[139.726203,35.726579],[139.726487,35.727052],[139.729162,35.725716],[139.729878,35.726283],[139.731967,35.724104],[139.734148,35.72558],[139.734489,35.725069],[139.736039,35.725296],[139.735481,35.726177],[139.73739,35.726897],[139.735968,35.729354],[139.739085,35.731847],[139.740857,35.73036],[139.741486,35.73073],[139.741471,35.73137],[139.743526,35.732891],[139.742447,35.733787],[139.74504,35.735855]]]}},{"type":"Feature","properties":{"N03_007":"13106","N03_001":"東京都","nam_ja":"台東区"},"geometry":{"type":"Polygon","coordinates":[[[139.76763,35.712966],[139.765682,35.713585],[139.766013,35.715431],[139.764509,35.717275],[139.765029,35.717607],[139.765997,35.716594],[139.766873,35.716935],[139.767783,35.715714],[139.768678,35.715816],[139.767146,35.718241],[139.763258,35.721873],[139.764967,35.727573],[139.762789,35.730747],[139.763214,35.731193],[139.764748,35.730142],[139.766053,35.727532],[139.768166,35.727475],[139.769772,35.728126],[139.775174,35.726122],[139.776743,35.724936],[139.780168,35.724611],[139.781455,35.724618],[139.782297,35.726255],[139.784457,35.72786],[139.787758,35.727975],[139.789461,35.728743],[139.791206,35.731218],[139.792353,35.730922],[139.792687,35.730118],[139.794436,35.730231],[139.795066,35.728972],[139.801431,35.729252],[139.809719,35.728135],[139.808571,35.720853],[139.80732,35.718361],[139.797023,35.707783],[139.793483,35.701223],[139.788915,35.694704],[139.782543,35.696571],[139.782661,35.697855],[139.779977,35.698078],[139.780394,35.700331],[139.776644,35.700616],[139.773171,35.701879],[139.773661,35.70304],[139.772794,35.70312],[139.773039,35.705095],[139.770139,35.705352],[139.770163,35.707429],[139.772372,35.70722],[139.772216,35.708345],[139.771295,35.708297],[139.771236,35.708991],[139.766622,35.708708],[139.766669,35.710469],[139.768227,35.71045],[139.76818,35.710979],[139.766859,35.711195],[139.76764,35.71137],[139.76763,35.712966]]]}},{"type":"Feature","properties":{"N03_007":"13107","N03_001":"東京都","nam_ja":"墨田区"},"geometry":{"type":"Polygon","coordinates":[[[139.792551,35.699758],[139.799397,35.710553],[139.80732,35.718361],[139.808571,35.720853],[139.810928,35.732164],[139.814146,35.736212],[139.814497,35.738805],[139.816583,35.741465],[139.820363,35.743429],[139.824812,35.736484],[139.842155,35.719311],[139.839046,35.717114],[139.835496,35.71787],[139.833159,35.715758],[139.834168,35.713438],[139.839605,35.71035],[139.834552,35.70529],[139.835402,35.703017],[139.830682,35.703008],[139.81869,35.708008],[139.819695,35.693034],[139.813386,35.692674],[139.813447,35.691992],[139.811469,35.691909],[139.811877,35.688557],[139.809379,35.688442],[139.809467,35.686993],[139.805005,35.686776],[139.804809,35.688502],[139.800485,35.688302],[139.79917,35.689717],[139.796729,35.688538],[139.79639,35.689751],[139.793562,35.690012],[139.79348,35.690815],[139.792495,35.690765],[139.790401,35.689293],[139.789154,35.691027],[139.788646,35.693393],[139.789155,35.695304],[139.792551,35.699758]]]}},{"type":"Feature","properties":{"N03_007":"13108","N03_001":"東京都","nam_ja":"江東区"},"geometry":{"type":"MultiPolygon","coordinates":[[[[139.79343,35.592803],[139.803778,35.59842],[139.804426,35.59764],[139.794477,35.592182],[139.79343,35.592803]]],[[[139.818944,35.608876],[139.791596,35.593958],[139.790624,35.592412],[139.790436,35.592485],[139.791495,35.593951],[139.790263,35.595455],[139.791141,35.597134],[139.79413,35.601141],[139.795214,35.601506],[139.795903,35.603525],[139.79855,35.607071],[139.799498,35.607053],[139.810593,35.613184],[139.818944,35.608876]]],[[[139.790355,35.606392],[139.790376,35.60647],[139.790414,35.606424],[139.790355,35.606392]]],[[[139.772136,35.615549],[139.772854,35.614747],[139.772808,35.61472],[139.772136,35.615549]]],[[[139.780992,35.623883],[139.792628,35.609579],[139.78673,35.60184],[139.77747,35.613796],[139.776782,35.614076],[139.77438,35.612786],[139.776743,35.614125],[139.775099,35.616131],[139.773895,35.615547],[139.775058,35.61618],[139.774625,35.616706],[139.773454,35.616126],[139.774596,35.616749],[139.772888,35.618534],[139.774252,35.619274],[139.77135,35.623138],[139.782376,35.629509],[139.784947,35.626349],[139.780992,35.623883]]],[[[139.797918,35.617732],[139.794879,35.61379],[139.794407,35.613909],[139.785288,35.625133],[139.789878,35.627623],[139.797918,35.617732]]],[[[139.811003,35.628507],[139.810989,35.628735],[139.811025,35.628509],[139.811003,35.628507]]],[[[139.811544,35.629819],[139.813742,35.630009],[139.811547,35.6298],[139.811544,35.629819]]],[[[139.810402,35.63074],[139.810575,35.629714],[139.810556,35.629713],[139.810402,35.63074]]],[[[139.810352,35.633002],[139.810915,35.628703],[139.810298,35.632996],[139.810352,35.633002]]],[[[139.810379,35.630919],[139.8101,35.632979],[139.810396,35.63092],[139.810379,35.630919]]],[[[139.811255,35.632043],[139.813424,35.632262],[139.813425,35.63225],[139.811255,35.632043]]],[[[139.810345,35.633211],[139.810331,35.633184],[139.810271,35.633178],[139.80998,35.635214],[139.810291,35.633205],[139.810345,35.633211]]],[[[139.809762,35.635225],[139.810048,35.633333],[139.810073,35.63316],[139.809762,35.635225]]],[[[139.813097,35.634483],[139.810899,35.634296],[139.813094,35.634503],[139.813097,35.634483]]],[[[139.809981,35.635222],[139.810032,35.635251],[139.810035,35.635227],[139.809981,35.635222]]],[[[139.809483,35.637146],[139.809728,35.635583],[139.80971,35.635581],[139.809483,35.637146]]],[[[139.809923,35.635609],[139.809698,35.637172],[139.809755,35.637177],[139.809729,35.637148],[139.809923,35.635609]]],[[[139.811674,35.636637],[139.810585,35.636519],[139.810583,35.636537],[139.811674,35.636637]]],[[[139.811897,35.63664],[139.81277,35.636743],[139.812773,35.636725],[139.811897,35.63664]]],[[[139.812994,35.636745],[139.813866,35.636848],[139.813869,35.63683],[139.812994,35.636745]]],[[[139.809332,35.638364],[139.809433,35.637507],[139.809312,35.638362],[139.809332,35.638364]]],[[[139.790145,35.643128],[139.782267,35.639381],[139.79019,35.643428],[139.790145,35.643128]]],[[[139.796689,35.646682],[139.790858,35.643844],[139.796838,35.647072],[139.796689,35.646682]]],[[[139.835402,35.703017],[139.845112,35.698558],[139.847706,35.694967],[139.847834,35.69256],[139.846602,35.683071],[139.845515,35.681288],[139.848227,35.679135],[139.846887,35.67385],[139.845543,35.656717],[139.842958,35.656821],[139.841366,35.647917],[139.840254,35.633892],[139.821666,35.631977],[139.821714,35.630329],[139.820622,35.630224],[139.82069,35.62975],[139.820629,35.629743],[139.820609,35.630238],[139.8217,35.630343],[139.821247,35.63344],[139.833675,35.634625],[139.83448,35.644068],[139.821673,35.642941],[139.820415,35.641631],[139.808124,35.640462],[139.807716,35.643345],[139.808786,35.64368],[139.809175,35.645682],[139.806361,35.645206],[139.80699,35.636901],[139.801369,35.636359],[139.801486,35.632811],[139.800334,35.631065],[139.802193,35.626224],[139.798619,35.621762],[139.792021,35.62987],[139.787331,35.62733],[139.778651,35.637269],[139.781215,35.638784],[139.782635,35.637688],[139.78414,35.638504],[139.78437,35.639441],[139.794438,35.644898],[139.796288,35.643176],[139.798094,35.644742],[139.797694,35.647864],[139.793986,35.650826],[139.79304,35.650307],[139.795086,35.648345],[139.794698,35.647217],[139.780161,35.639354],[139.778797,35.639369],[139.776086,35.642032],[139.792419,35.652934],[139.790946,35.654382],[139.791817,35.655274],[139.790911,35.654914],[139.790694,35.656345],[139.789592,35.656259],[139.788946,35.66654],[139.787165,35.672281],[139.787858,35.676982],[139.792636,35.684375],[139.792366,35.687107],[139.790401,35.689293],[139.792495,35.690765],[139.79348,35.690815],[139.793562,35.690012],[139.79639,35.689751],[139.796729,35.688538],[139.79917,35.689717],[139.800485,35.688302],[139.804809,35.688502],[139.805005,35.686776],[139.809467,35.686993],[139.809379,35.688442],[139.811877,35.688557],[139.811469,35.691909],[139.813447,35.691992],[139.813386,35.692674],[139.819695,35.693034],[139.81869,35.708008],[139.830682,35.703008],[139.835402,35.703017]]],[[[139.813551,35.589656],[139.805596,35.599405],[139.82026,35.607492],[139.827062,35.596938],[139.813551,35.589656]]],[[[139.819197,35.608938],[139.824229,35.609996],[139.824418,35.610069],[139.824324,35.60994],[139.819197,35.608938]]],[[[139.817691,35.617541],[139.821922,35.619306],[139.82196,35.619243],[139.817691,35.617541]]],[[[139.821962,35.628532],[139.80726,35.627124],[139.807254,35.62713],[139.811086,35.627511],[139.810941,35.628522],[139.811111,35.627514],[139.820854,35.628446],[139.820757,35.628823],[139.821962,35.628532]]],[[[139.820748,35.629332],[139.820733,35.629305],[139.820686,35.629326],[139.820748,35.629332]]],[[[139.813956,35.630051],[139.815931,35.630217],[139.813959,35.630029],[139.813956,35.630051]]],[[[139.81667,35.630287],[139.816148,35.63026],[139.818131,35.630429],[139.81667,35.630287]]],[[[139.818346,35.63045],[139.819442,35.630576],[139.819446,35.630557],[139.818346,35.63045]]],[[[139.813633,35.632283],[139.815608,35.63247],[139.813635,35.632269],[139.813633,35.632283]]],[[[139.817806,35.632685],[139.815827,35.632477],[139.815825,35.632493],[139.817806,35.632685]]],[[[139.820215,35.632915],[139.82022,35.6329],[139.818015,35.632701],[139.820215,35.632915]]],[[[139.813317,35.634524],[139.815291,35.634694],[139.81332,35.634504],[139.813317,35.634524]]],[[[139.817484,35.634926],[139.815513,35.634713],[139.81551,35.634735],[139.817484,35.634926]]],[[[139.817957,35.634952],[139.8177,35.634947],[139.819896,35.635139],[139.817957,35.634952]]],[[[139.827155,35.636947],[139.826127,35.636705],[139.826216,35.635945],[139.826105,35.636711],[139.826247,35.63686],[139.827155,35.636947]]],[[[139.814094,35.636848],[139.814967,35.636953],[139.81497,35.636933],[139.814094,35.636848]]],[[[139.815188,35.636957],[139.81606,35.637061],[139.816063,35.637042],[139.815188,35.636957]]],[[[139.817157,35.637164],[139.816287,35.63706],[139.816284,35.63708],[139.817157,35.637164]]],[[[139.817381,35.637167],[139.818252,35.637268],[139.818257,35.637249],[139.817381,35.637167]]],[[[139.819569,35.637394],[139.818478,35.637272],[139.818474,35.637291],[139.819569,35.637394]]],[[[139.824827,35.639577],[139.832954,35.640359],[139.832768,35.638205],[139.825124,35.637464],[139.825557,35.634258],[139.821158,35.634061],[139.820099,35.639048],[139.822955,35.641683],[139.822864,35.642323],[139.826129,35.64283],[139.824827,35.639577]]],[[[139.818897,35.63927],[139.809892,35.63872],[139.809651,35.637525],[139.809877,35.638741],[139.818452,35.639557],[139.818897,35.63927]]],[[[139.819822,35.638974],[139.819876,35.639028],[139.819884,35.63898],[139.819822,35.638974]]],[[[139.819346,35.638953],[139.819034,35.639119],[139.819068,35.639158],[139.819354,35.638976],[139.819597,35.639003],[139.819605,35.638955],[139.819346,35.638953]]],[[[139.818815,35.639236],[139.819042,35.639095],[139.81903,35.639084],[139.818815,35.639236]]],[[[139.8386,35.61416],[139.835524,35.61249],[139.832487,35.616227],[139.828139,35.611981],[139.828046,35.612035],[139.832447,35.616267],[139.83063,35.618486],[139.832936,35.619739],[139.831712,35.621242],[139.829411,35.61999],[139.827417,35.619798],[139.825851,35.630699],[139.837012,35.631773],[139.837115,35.631044],[139.838488,35.631072],[139.839219,35.631246],[139.839114,35.631975],[139.840111,35.632067],[139.8386,35.61416]]],[[[139.82772,35.634952],[139.827689,35.634968],[139.828435,35.635021],[139.82772,35.634952]]],[[[139.828654,35.635042],[139.82939,35.635132],[139.829393,35.635113],[139.828654,35.635042]]],[[[139.830407,35.63521],[139.829667,35.635139],[139.829665,35.635158],[139.830407,35.63521]]],[[[139.831366,35.635321],[139.830627,35.635231],[139.830624,35.63525],[139.831366,35.635321]]],[[[139.826248,35.635722],[139.826381,35.634964],[139.827421,35.634924],[139.826358,35.634955],[139.826248,35.635722]]],[[[139.832733,35.636342],[139.832666,35.635545],[139.832507,35.635412],[139.83164,35.635328],[139.832644,35.635557],[139.832733,35.636342]]],[[[139.827374,35.636949],[139.828143,35.637041],[139.828146,35.637023],[139.827374,35.636949]]],[[[139.831321,35.637327],[139.832647,35.637473],[139.832818,35.637336],[139.832753,35.63657],[139.832643,35.637454],[139.831321,35.637327]]],[[[139.828364,35.637044],[139.829129,35.637136],[139.829132,35.637117],[139.828364,35.637044]]],[[[139.830116,35.637231],[139.829351,35.637138],[139.829348,35.637157],[139.830116,35.637231]]],[[[139.830338,35.637233],[139.831101,35.637325],[139.831104,35.637306],[139.830338,35.637233]]],[[[139.827424,35.640603],[139.828189,35.640697],[139.828192,35.640679],[139.827424,35.640603]]],[[[139.82841,35.640717],[139.829182,35.640773],[139.828412,35.640699],[139.82841,35.640717]]],[[[139.830167,35.640866],[139.829396,35.64081],[139.830164,35.640884],[139.830167,35.640866]]],[[[139.830383,35.640886],[139.831147,35.640978],[139.83115,35.64096],[139.830383,35.640886]]],[[[139.826556,35.641468],[139.826208,35.640656],[139.827204,35.640585],[139.826183,35.640653],[139.826556,35.641468]]],[[[139.831372,35.64098],[139.832133,35.641073],[139.832136,35.641055],[139.831372,35.64098]]],[[[139.83318,35.642013],[139.833139,35.641297],[139.833014,35.641139],[139.832352,35.641076],[139.833001,35.641156],[139.83318,35.642013]]],[[[139.827903,35.642536],[139.826979,35.64234],[139.826636,35.641639],[139.826961,35.642351],[139.827903,35.642536]]],[[[139.828176,35.642545],[139.828916,35.642634],[139.828918,35.642617],[139.828176,35.642545]]],[[[139.832084,35.642922],[139.833107,35.643037],[139.833279,35.642907],[139.833217,35.642215],[139.8331,35.643018],[139.832084,35.642922]]],[[[139.829137,35.642637],[139.829877,35.642727],[139.82988,35.642709],[139.829137,35.642637]]],[[[139.830148,35.642753],[139.830892,35.642805],[139.830151,35.642735],[139.830148,35.642753]]],[[[139.831107,35.642844],[139.831851,35.642897],[139.83111,35.642826],[139.831107,35.642844]]]]}},{"type":"Feature","properties":{"N03_007":"13109","N03_001":"東京都","nam_ja":"品川区"},"geometry":{"type":"MultiPolygon","coordinates":[[[[139.749606,35.591485],[139.749467,35.591468],[139.74944,35.591549],[139.749606,35.591485]]],[[[139.753019,35.617648],[139.756357,35.617662],[139.756368,35.617006],[139.756946,35.617505],[139.756949,35.616992],[139.757995,35.617673],[139.760283,35.615802],[139.759775,35.615395],[139.760249,35.61486],[139.761946,35.614649],[139.763479,35.608717],[139.773149,35.595757],[139.766797,35.592565],[139.765417,35.594482],[139.762562,35.594609],[139.762567,35.58501],[139.75597,35.58493],[139.756013,35.589254],[139.750271,35.589348],[139.749475,35.588862],[139.750182,35.591354],[139.749433,35.592133],[139.748341,35.592019],[139.749004,35.600728],[139.75182,35.60542],[139.753019,35.617648]]],[[[139.719729,35.641432],[139.716797,35.639796],[139.716679,35.63826],[139.718208,35.636465],[139.717828,35.635045],[139.719962,35.634577],[139.722029,35.635388],[139.722212,35.635979],[139.725998,35.635034],[139.726853,35.634271],[139.726716,35.632208],[139.72773,35.631902],[139.728306,35.632844],[139.728865,35.632645],[139.728834,35.631655],[139.730862,35.630411],[139.731012,35.628814],[139.731523,35.628712],[139.731229,35.626335],[139.73395,35.626113],[139.735399,35.623202],[139.737507,35.623446],[139.737787,35.624532],[139.743335,35.625134],[139.744435,35.623395],[139.746022,35.623113],[139.750253,35.624824],[139.751877,35.624716],[139.751679,35.622177],[139.752212,35.622119],[139.751611,35.621286],[139.750724,35.606468],[139.74845,35.602778],[139.747716,35.602719],[139.746541,35.590169],[139.738631,35.587865],[139.730108,35.587372],[139.729703,35.588572],[139.728934,35.588833],[139.730551,35.592157],[139.728901,35.592713],[139.729008,35.593737],[139.728242,35.594383],[139.726812,35.59395],[139.726785,35.594352],[139.721088,35.59429],[139.720327,35.592396],[139.719183,35.591848],[139.717537,35.596233],[139.714685,35.597511],[139.714486,35.599969],[139.711641,35.600673],[139.701067,35.601414],[139.698209,35.603581],[139.695393,35.607492],[139.695816,35.61343],[139.702381,35.62013],[139.702671,35.621443],[139.703987,35.621879],[139.701301,35.623293],[139.696139,35.624815],[139.701465,35.625896],[139.702508,35.624829],[139.704016,35.624708],[139.707133,35.625472],[139.707503,35.626199],[139.709074,35.626384],[139.714633,35.629047],[139.714439,35.634136],[139.713229,35.637552],[139.714614,35.638566],[139.715343,35.640379],[139.717641,35.641661],[139.719729,35.641432]]],[[[139.75689,35.617641],[139.757329,35.617679],[139.75733,35.617644],[139.75689,35.617641]]],[[[139.773441,35.620266],[139.770626,35.618736],[139.768442,35.621193],[139.768778,35.621463],[139.767657,35.622077],[139.767621,35.625836],[139.768732,35.626436],[139.773441,35.620266]]],[[[139.75975,35.619353],[139.753213,35.618995],[139.752867,35.62142],[139.753507,35.624049],[139.757549,35.624093],[139.757432,35.62793],[139.759413,35.628],[139.75975,35.619353]]]]}},{"type":"Feature","properties":{"N03_007":"13110","N03_001":"東京都","nam_ja":"目黒区"},"geometry":{"type":"Polygon","coordinates":[[[139.68053,35.604454],[139.680935,35.600647],[139.680281,35.600667],[139.679248,35.605677],[139.677,35.608092],[139.673249,35.608149],[139.668309,35.606492],[139.665107,35.607488],[139.662843,35.609345],[139.663766,35.609842],[139.662677,35.611972],[139.663221,35.615662],[139.664866,35.616731],[139.66477,35.618273],[139.666496,35.618525],[139.665675,35.620701],[139.666191,35.620979],[139.663934,35.623951],[139.663455,35.626776],[139.661809,35.627485],[139.662271,35.630161],[139.661483,35.631706],[139.664152,35.631897],[139.671994,35.629708],[139.6764,35.627248],[139.67797,35.625348],[139.679597,35.625068],[139.681345,35.629829],[139.686371,35.638975],[139.684302,35.643766],[139.684207,35.652273],[139.679497,35.657329],[139.675003,35.66388],[139.679659,35.663815],[139.687024,35.661809],[139.688765,35.658927],[139.689822,35.658343],[139.695891,35.650682],[139.708624,35.642008],[139.710335,35.641458],[139.710625,35.641929],[139.715236,35.642623],[139.717641,35.641661],[139.715343,35.640379],[139.714614,35.638566],[139.713229,35.637552],[139.714439,35.634136],[139.714633,35.629047],[139.709074,35.626384],[139.707503,35.626199],[139.707133,35.625472],[139.704016,35.624708],[139.702508,35.624829],[139.701465,35.625896],[139.696139,35.624815],[139.701301,35.623293],[139.703987,35.621879],[139.702671,35.621443],[139.702381,35.62013],[139.695816,35.61343],[139.695393,35.607492],[139.691304,35.610929],[139.686128,35.611684],[139.684269,35.61321],[139.684757,35.605338],[139.68209,35.60584],[139.681452,35.604504],[139.68053,35.604454]]]}},{"type":"Feature","properties":{"N03_007":"13111","N03_001":"東京都","nam_ja":"大田区"},"geometry":{"type":"MultiPolygon","coordinates":[[[[139.810761,35.528323],[139.807089,35.531107],[139.819802,35.542383],[139.823087,35.543844],[139.826028,35.54157],[139.810761,35.528323]]],[[[139.753129,35.56271],[139.753496,35.562604],[139.753318,35.562498],[139.753129,35.56271]]],[[[139.764177,35.574958],[139.773534,35.574923],[139.773802,35.574521],[139.765611,35.564896],[139.75848,35.568442],[139.757141,35.571501],[139.757608,35.57446],[139.761583,35.574453],[139.761737,35.574906],[139.761735,35.574453],[139.763613,35.574822],[139.763804,35.57444],[139.764177,35.574958]]],[[[139.686625,35.611686],[139.690959,35.611078],[139.693833,35.609268],[139.698209,35.603581],[139.701067,35.601414],[139.711641,35.600673],[139.714486,35.599969],[139.714685,35.597511],[139.717537,35.596233],[139.719183,35.591848],[139.720327,35.592396],[139.721088,35.59429],[139.726785,35.594352],[139.726812,35.59395],[139.728242,35.594383],[139.729008,35.593737],[139.728901,35.592713],[139.730551,35.592157],[139.728934,35.588833],[139.729703,35.588572],[139.730108,35.587372],[139.735875,35.587368],[139.735941,35.58805],[139.738631,35.587865],[139.746541,35.590169],[139.747847,35.588686],[139.752097,35.578963],[139.751692,35.577179],[139.749872,35.576186],[139.750564,35.575222],[139.752342,35.575621],[139.754093,35.574485],[139.756355,35.569071],[139.756007,35.56854],[139.750238,35.567378],[139.749784,35.566626],[139.753397,35.562251],[139.754953,35.561546],[139.755685,35.56273],[139.758592,35.564368],[139.76102,35.563163],[139.763733,35.560463],[139.770997,35.568974],[139.785437,35.570561],[139.785972,35.569804],[139.786467,35.569988],[139.786328,35.569108],[139.787412,35.567584],[139.78799,35.567762],[139.788002,35.566752],[139.789209,35.56506],[139.789716,35.565237],[139.790844,35.562935],[139.791456,35.562945],[139.79228,35.560914],[139.794698,35.558227],[139.795841,35.555849],[139.7964,35.555905],[139.796249,35.555265],[139.798069,35.553468],[139.800753,35.54894],[139.803956,35.54603],[139.808503,35.540266],[139.809067,35.538581],[139.794898,35.532133],[139.787619,35.534313],[139.786545,35.535804],[139.784417,35.53538],[139.781958,35.53883],[139.778785,35.536999],[139.776496,35.53447],[139.768079,35.539339],[139.756854,35.544502],[139.750084,35.544584],[139.746777,35.543828],[139.739595,35.545156],[139.737471,35.544234],[139.734292,35.540897],[139.733027,35.541015],[139.730356,35.542914],[139.726563,35.543575],[139.722372,35.541508],[139.71866,35.53854],[139.715951,35.537667],[139.710138,35.536457],[139.705742,35.536246],[139.700742,35.537773],[139.697943,35.541452],[139.697935,35.544664],[139.703534,35.549411],[139.704226,35.551174],[139.703736,35.552608],[139.700879,35.554889],[139.698294,35.555972],[139.689618,35.557287],[139.67879,35.562988],[139.675989,35.566884],[139.668709,35.58559],[139.663801,35.589806],[139.658795,35.589434],[139.655139,35.590146],[139.65705,35.593416],[139.658195,35.593524],[139.655981,35.594511],[139.655692,35.594007],[139.655578,35.594678],[139.654128,35.594823],[139.654332,35.595216],[139.652975,35.595937],[139.653807,35.59733],[139.655776,35.596475],[139.65744,35.598941],[139.65969,35.599977],[139.662682,35.598413],[139.664396,35.599666],[139.665068,35.59897],[139.666889,35.59955],[139.666839,35.598932],[139.668152,35.598892],[139.668734,35.598186],[139.66967,35.599101],[139.675653,35.591787],[139.68067,35.594904],[139.680411,35.6044],[139.681452,35.604504],[139.68209,35.60584],[139.684757,35.605338],[139.685028,35.60645],[139.684004,35.613092],[139.686625,35.611686]]],[[[139.773149,35.595757],[139.776779,35.590288],[139.773772,35.587524],[139.772886,35.58752],[139.769059,35.584011],[139.772887,35.587474],[139.775488,35.585181],[139.776007,35.585632],[139.77557,35.585121],[139.776337,35.585827],[139.777162,35.585227],[139.777833,35.585844],[139.777443,35.586161],[139.777858,35.585866],[139.778534,35.586484],[139.777797,35.587161],[139.78142,35.584537],[139.784024,35.58605],[139.781832,35.584433],[139.787408,35.580058],[139.78727,35.579023],[139.787331,35.579689],[139.786291,35.579453],[139.785135,35.57725],[139.76667,35.577144],[139.766531,35.578543],[139.767873,35.578719],[139.770409,35.581065],[139.769119,35.580098],[139.767813,35.581516],[139.762477,35.577156],[139.755866,35.577068],[139.75433,35.578023],[139.749475,35.588862],[139.750271,35.589348],[139.756013,35.589254],[139.75597,35.58493],[139.762567,35.58501],[139.762562,35.594609],[139.765417,35.594482],[139.766797,35.592565],[139.773149,35.595757]]],[[[139.805832,35.585448],[139.794477,35.592182],[139.804426,35.59764],[139.811715,35.588639],[139.805832,35.585448]]]]}},{"type":"Feature","properties":{"N03_007":"13112","N03_001":"東京都","nam_ja":"世田谷区"},"geometry":{"type":"Polygon","coordinates":[[[139.585501,35.682624],[139.592071,35.682095],[139.593304,35.681738],[139.594409,35.682153],[139.597944,35.681817],[139.603264,35.680649],[139.606846,35.677733],[139.607363,35.675955],[139.60823,35.676439],[139.608784,35.67592],[139.608917,35.670352],[139.610522,35.670855],[139.610989,35.670087],[139.613647,35.670114],[139.615718,35.669425],[139.616187,35.669902],[139.616559,35.67264],[139.613289,35.672904],[139.613317,35.674075],[139.610313,35.676644],[139.611805,35.676369],[139.611843,35.675543],[139.612481,35.676167],[139.621018,35.672994],[139.623281,35.671222],[139.623521,35.670372],[139.625032,35.670133],[139.625047,35.669135],[139.632595,35.668085],[139.636936,35.666683],[139.636685,35.666014],[139.637404,35.665879],[139.639112,35.665844],[139.641279,35.667195],[139.646965,35.668115],[139.65033,35.669903],[139.655117,35.670552],[139.661756,35.672523],[139.662059,35.671443],[139.672704,35.672296],[139.672806,35.667481],[139.674186,35.664599],[139.684587,35.65135],[139.68391,35.649204],[139.684715,35.645891],[139.684302,35.643766],[139.686371,35.638975],[139.681345,35.629829],[139.679597,35.625068],[139.67797,35.625348],[139.6764,35.627248],[139.671994,35.629708],[139.664152,35.631897],[139.661483,35.631706],[139.662271,35.630161],[139.661809,35.627485],[139.663455,35.626776],[139.663934,35.623951],[139.666191,35.620979],[139.665675,35.620701],[139.666496,35.618525],[139.66477,35.618273],[139.664866,35.616731],[139.663221,35.615662],[139.662677,35.611972],[139.663766,35.609842],[139.662843,35.609345],[139.665107,35.607488],[139.668309,35.606492],[139.673404,35.608175],[139.677258,35.607939],[139.679248,35.605677],[139.68026,35.602887],[139.680623,35.594856],[139.675653,35.591787],[139.66967,35.599101],[139.668734,35.598186],[139.668152,35.598892],[139.666839,35.598932],[139.666889,35.59955],[139.665068,35.59897],[139.664396,35.599666],[139.662682,35.598413],[139.65969,35.599977],[139.65744,35.598941],[139.655776,35.596475],[139.653807,35.59733],[139.652975,35.595937],[139.654332,35.595216],[139.654128,35.594823],[139.655578,35.594678],[139.655692,35.594007],[139.655981,35.594511],[139.658195,35.593524],[139.65705,35.593416],[139.655139,35.590146],[139.650433,35.592584],[139.648765,35.595041],[139.639763,35.600215],[139.637003,35.60305],[139.635177,35.603463],[139.631948,35.605682],[139.631848,35.606833],[139.625436,35.609409],[139.623723,35.611161],[139.618601,35.613752],[139.615581,35.613328],[139.612192,35.615853],[139.609671,35.616411],[139.605348,35.615573],[139.599835,35.618459],[139.595812,35.618392],[139.593101,35.617571],[139.590236,35.618431],[139.589333,35.621225],[139.589575,35.623814],[139.590215,35.624534],[139.591396,35.623726],[139.592488,35.623802],[139.594116,35.626828],[139.592383,35.627521],[139.592948,35.629427],[139.591271,35.631055],[139.591406,35.633063],[139.589757,35.63442],[139.587668,35.635067],[139.584436,35.641144],[139.587044,35.643144],[139.587638,35.646167],[139.589566,35.645141],[139.592062,35.64591],[139.591961,35.651359],[139.593083,35.651524],[139.592862,35.654182],[139.592334,35.655432],[139.590918,35.655359],[139.589933,35.657111],[139.590018,35.661175],[139.588969,35.662445],[139.587343,35.66259],[139.586561,35.663958],[139.590124,35.665792],[139.588501,35.670514],[139.582489,35.673394],[139.58345,35.674037],[139.587304,35.673758],[139.586502,35.676941],[139.588338,35.67893],[139.58828,35.679644],[139.58532,35.682045],[139.591803,35.681678],[139.585501,35.682624]]]}},{"type":"Feature","properties":{"N03_007":"13113","N03_001":"東京都","nam_ja":"渋谷区"},"geometry":{"type":"Polygon","coordinates":[[[139.684818,35.691423],[139.683219,35.688716],[139.684188,35.687557],[139.68598,35.687893],[139.685795,35.686188],[139.684933,35.685746],[139.685651,35.683787],[139.687673,35.681594],[139.69503,35.686649],[139.702103,35.689169],[139.70271,35.687772],[139.70578,35.688048],[139.707201,35.685987],[139.707408,35.684463],[139.711407,35.683367],[139.71479,35.680862],[139.712905,35.677288],[139.712894,35.674618],[139.71486,35.675078],[139.717006,35.672573],[139.714933,35.672994],[139.713735,35.670311],[139.714708,35.669592],[139.713813,35.669349],[139.708564,35.664067],[139.713793,35.659758],[139.712878,35.65845],[139.714464,35.657348],[139.717851,35.656559],[139.718045,35.656982],[139.721974,35.655603],[139.722793,35.656075],[139.721558,35.653616],[139.722406,35.65233],[139.722979,35.647118],[139.72356,35.646701],[139.722492,35.644397],[139.721317,35.644409],[139.718884,35.641686],[139.717293,35.641654],[139.715236,35.642623],[139.710625,35.641929],[139.710335,35.641458],[139.708624,35.642008],[139.695891,35.650682],[139.689822,35.658343],[139.688765,35.658927],[139.687024,35.661809],[139.679938,35.663767],[139.6747,35.664017],[139.672806,35.667481],[139.672704,35.672296],[139.661856,35.671642],[139.662055,35.675622],[139.665392,35.676985],[139.667627,35.679776],[139.671303,35.681493],[139.680336,35.689798],[139.683628,35.69197],[139.684455,35.692025],[139.684818,35.691423]]]}},{"type":"Feature","properties":{"N03_007":"13114","N03_001":"東京都","nam_ja":"中野区"},"geometry":{"type":"Polygon","coordinates":[[[139.627168,35.735106],[139.633543,35.735284],[139.635074,35.732304],[139.63643,35.732278],[139.638099,35.728154],[139.639241,35.727857],[139.639842,35.726373],[139.643574,35.725308],[139.647397,35.725489],[139.647435,35.726745],[139.650474,35.726886],[139.651782,35.726327],[139.659622,35.72583],[139.659627,35.726636],[139.662589,35.727245],[139.665059,35.731294],[139.668175,35.731395],[139.668356,35.732073],[139.670393,35.732331],[139.671455,35.733541],[139.67468,35.733059],[139.677969,35.730679],[139.675364,35.724881],[139.675685,35.721499],[139.674629,35.721499],[139.674346,35.720195],[139.673676,35.720263],[139.673517,35.718664],[139.675418,35.719248],[139.675442,35.719819],[139.679101,35.718279],[139.679691,35.716374],[139.679266,35.714698],[139.679876,35.714188],[139.680704,35.714494],[139.68145,35.714013],[139.68117,35.713292],[139.681851,35.713156],[139.680342,35.711264],[139.682783,35.710123],[139.688964,35.711438],[139.690076,35.711484],[139.690041,35.710826],[139.691047,35.710523],[139.691532,35.711326],[139.694331,35.71104],[139.693212,35.709717],[139.688372,35.706915],[139.687397,35.702219],[139.688377,35.699065],[139.685612,35.694214],[139.68374,35.692614],[139.68399,35.691991],[139.680336,35.689798],[139.671303,35.681493],[139.667839,35.679949],[139.664393,35.676445],[139.663238,35.677902],[139.664823,35.677613],[139.664999,35.679015],[139.66258,35.679434],[139.661461,35.680402],[139.659647,35.67993],[139.660473,35.680935],[139.659272,35.681903],[139.659527,35.683265],[139.660572,35.684432],[139.660185,35.685061],[139.659663,35.684732],[139.65922,35.686685],[139.662405,35.687435],[139.666408,35.690425],[139.666751,35.691518],[139.667547,35.691751],[139.667216,35.693304],[139.667769,35.693782],[139.666668,35.693737],[139.665993,35.69496],[139.665433,35.694769],[139.664645,35.695638],[139.661168,35.695196],[139.660619,35.696524],[139.661711,35.697265],[139.662538,35.699241],[139.661085,35.701427],[139.66091,35.704678],[139.658199,35.705038],[139.658222,35.709221],[139.65104,35.708994],[139.642842,35.711503],[139.641663,35.712812],[139.641788,35.714757],[139.636968,35.716497],[139.632189,35.716947],[139.631353,35.718513],[139.631874,35.719719],[139.628996,35.72101],[139.624328,35.729564],[139.627303,35.733958],[139.627168,35.735106]]]}},{"type":"Feature","properties":{"N03_007":"13115","N03_001":"東京都","nam_ja":"杉並区"},"geometry":{"type":"Polygon","coordinates":[[[139.624343,35.729842],[139.628996,35.72101],[139.631874,35.719719],[139.631353,35.718513],[139.632189,35.716947],[139.636968,35.716497],[139.641788,35.714757],[139.641663,35.712812],[139.642842,35.711503],[139.65104,35.708994],[139.658222,35.709221],[139.658199,35.705038],[139.66091,35.704678],[139.661085,35.701427],[139.662538,35.699241],[139.661711,35.697265],[139.660619,35.696524],[139.661168,35.695196],[139.664645,35.695638],[139.665433,35.694769],[139.665993,35.69496],[139.666668,35.693737],[139.667769,35.693782],[139.667216,35.693304],[139.667547,35.691751],[139.666751,35.691518],[139.666408,35.690425],[139.662405,35.687435],[139.65922,35.686685],[139.659663,35.684732],[139.660185,35.685061],[139.660572,35.684432],[139.659527,35.683265],[139.659272,35.681903],[139.660473,35.680935],[139.659647,35.67993],[139.661461,35.680402],[139.66258,35.679434],[139.664999,35.679015],[139.664823,35.677613],[139.663238,35.677902],[139.664121,35.676348],[139.662179,35.675703],[139.661595,35.674751],[139.662141,35.67367],[139.661756,35.672523],[139.655117,35.670552],[139.65033,35.669903],[139.646965,35.668115],[139.641279,35.667195],[139.639112,35.665844],[139.636685,35.666014],[139.636936,35.666683],[139.632595,35.668085],[139.625047,35.669135],[139.625032,35.670133],[139.623521,35.670372],[139.623281,35.671222],[139.621018,35.672994],[139.612481,35.676167],[139.611843,35.675543],[139.611805,35.676369],[139.610313,35.676644],[139.613317,35.674075],[139.613289,35.672904],[139.616559,35.67264],[139.616187,35.669902],[139.615718,35.669425],[139.613647,35.670114],[139.610989,35.670087],[139.610522,35.670855],[139.608917,35.670352],[139.609186,35.674887],[139.608373,35.676359],[139.607363,35.675955],[139.606846,35.677733],[139.603264,35.680649],[139.594179,35.682141],[139.593089,35.682903],[139.593612,35.684128],[139.590565,35.687001],[139.593165,35.68799],[139.593103,35.688863],[139.594055,35.688997],[139.586717,35.693963],[139.588287,35.695617],[139.590255,35.69482],[139.592892,35.701246],[139.595473,35.705435],[139.586651,35.711912],[139.586815,35.713265],[139.584967,35.716451],[139.585794,35.718916],[139.586812,35.719759],[139.589454,35.720281],[139.591191,35.719777],[139.593359,35.71807],[139.595655,35.722172],[139.599798,35.723914],[139.601948,35.726008],[139.609553,35.728708],[139.615395,35.730285],[139.61647,35.729833],[139.62178,35.730449],[139.624343,35.729842]]]}},{"type":"Feature","properties":{"N03_007":"13116","N03_001":"東京都","nam_ja":"豊島区"},"geometry":{"type":"Polygon","coordinates":[[[139.71363,35.745305],[139.714802,35.745745],[139.719513,35.745043],[139.720012,35.741785],[139.724324,35.739748],[139.72535,35.739991],[139.72449,35.740827],[139.727909,35.744714],[139.732635,35.745088],[139.731784,35.743313],[139.734573,35.740685],[139.735557,35.740546],[139.741061,35.742349],[139.7419,35.742114],[139.744417,35.740789],[139.744036,35.738955],[139.744412,35.739337],[139.746168,35.73884],[139.746574,35.739847],[139.748354,35.738694],[139.749557,35.736541],[139.75276,35.735057],[139.750651,35.734446],[139.749194,35.732874],[139.74677,35.735337],[139.744618,35.735833],[139.743989,35.734668],[139.742447,35.733787],[139.743526,35.732891],[139.741471,35.73137],[139.741486,35.73073],[139.740857,35.73036],[139.739085,35.731847],[139.735968,35.729354],[139.73739,35.726897],[139.735481,35.726177],[139.736039,35.725296],[139.734489,35.725069],[139.734148,35.72558],[139.731967,35.724104],[139.729878,35.726283],[139.729162,35.725716],[139.726487,35.727052],[139.726203,35.726579],[139.724813,35.726637],[139.725339,35.726136],[139.724369,35.72552],[139.72275,35.725149],[139.724725,35.720009],[139.722463,35.718782],[139.719533,35.718375],[139.718999,35.717451],[139.718317,35.717757],[139.717473,35.714788],[139.720772,35.713566],[139.722608,35.712504],[139.72251,35.712266],[139.717917,35.712703],[139.71588,35.713813],[139.714412,35.713176],[139.711658,35.714819],[139.710421,35.713459],[139.707346,35.713853],[139.705877,35.713439],[139.704563,35.715876],[139.705377,35.716491],[139.705939,35.718851],[139.705011,35.719756],[139.705365,35.721478],[139.704157,35.722217],[139.7046,35.723014],[139.699817,35.723546],[139.698973,35.722432],[139.695727,35.721742],[139.689395,35.722597],[139.684409,35.722514],[139.684152,35.723791],[139.682722,35.723644],[139.68135,35.727044],[139.677344,35.729373],[139.678424,35.731228],[139.677969,35.731696],[139.679247,35.733368],[139.679095,35.735344],[139.68065,35.737782],[139.681307,35.737803],[139.68076,35.738756],[139.689611,35.741324],[139.692578,35.743634],[139.694512,35.743055],[139.694535,35.742227],[139.698866,35.742393],[139.699222,35.739725],[139.700993,35.739908],[139.702132,35.736385],[139.703814,35.735872],[139.704123,35.737287],[139.708303,35.741638],[139.710428,35.745793],[139.71363,35.745305]]]}},{"type":"Feature","properties":{"N03_007":"13117","N03_001":"東京都","nam_ja":"北区"},"geometry":{"type":"Polygon","coordinates":[[[139.710859,35.791929],[139.720736,35.791428],[139.722241,35.790727],[139.723145,35.788389],[139.724462,35.787274],[139.726589,35.787491],[139.733872,35.790047],[139.738186,35.78778],[139.738279,35.77875],[139.735723,35.772593],[139.735891,35.771055],[139.736727,35.770219],[139.746406,35.767012],[139.754318,35.768168],[139.757938,35.770178],[139.759279,35.769305],[139.760139,35.766993],[139.758892,35.765198],[139.748888,35.759811],[139.748282,35.758912],[139.748594,35.757572],[139.750068,35.75646],[139.757964,35.754855],[139.757587,35.753169],[139.750887,35.753706],[139.749637,35.751188],[139.750121,35.751139],[139.749779,35.75012],[139.754704,35.749188],[139.755383,35.747577],[139.7578,35.74761],[139.757199,35.745462],[139.761504,35.743181],[139.761736,35.743772],[139.763842,35.744137],[139.763933,35.742848],[139.765891,35.741619],[139.768177,35.741462],[139.769005,35.739259],[139.771125,35.737899],[139.763762,35.734934],[139.764247,35.734437],[139.76342,35.733692],[139.761321,35.73381],[139.761615,35.732826],[139.759937,35.731578],[139.753805,35.735084],[139.750084,35.736139],[139.748354,35.738694],[139.746574,35.739847],[139.746168,35.73884],[139.744412,35.739337],[139.744036,35.738955],[139.744417,35.740789],[139.7419,35.742114],[139.741061,35.742349],[139.735557,35.740546],[139.734573,35.740685],[139.731784,35.743313],[139.732635,35.745088],[139.727909,35.744714],[139.72449,35.740827],[139.72535,35.739991],[139.724523,35.739748],[139.720012,35.741785],[139.719513,35.745043],[139.720614,35.746698],[139.72141,35.746311],[139.721525,35.747379],[139.722202,35.747322],[139.721785,35.747783],[139.722702,35.753228],[139.720423,35.755062],[139.715213,35.761633],[139.713168,35.763267],[139.710895,35.763622],[139.710281,35.765018],[139.709494,35.764845],[139.706404,35.766669],[139.702312,35.781444],[139.703027,35.783568],[139.702152,35.784077],[139.698441,35.782127],[139.69498,35.782622],[139.691279,35.784409],[139.689398,35.787032],[139.690637,35.790573],[139.696151,35.797239],[139.69686,35.798904],[139.705258,35.793408],[139.710859,35.791929]]]}},{"type":"Feature","properties":{"N03_007":"13118","N03_001":"東京都","nam_ja":"荒川区"},"geometry":{"type":"Polygon","coordinates":[[[139.770355,35.753647],[139.782855,35.75414],[139.788796,35.752505],[139.790604,35.751132],[139.791232,35.749653],[139.790908,35.748489],[139.788688,35.747025],[139.788681,35.744907],[139.791106,35.741692],[139.794803,35.739825],[139.802044,35.738568],[139.809938,35.741036],[139.813697,35.740322],[139.814592,35.737215],[139.810928,35.732164],[139.809719,35.728135],[139.801431,35.729252],[139.795066,35.728972],[139.794436,35.730231],[139.792687,35.730118],[139.792353,35.730922],[139.791206,35.731218],[139.789461,35.728743],[139.787758,35.727975],[139.784457,35.72786],[139.782297,35.726255],[139.781455,35.724618],[139.776743,35.724936],[139.775174,35.726122],[139.769772,35.728126],[139.768166,35.727475],[139.766053,35.727532],[139.763987,35.73088],[139.763214,35.731193],[139.762789,35.730747],[139.760937,35.732206],[139.761615,35.732826],[139.761321,35.73381],[139.76342,35.733692],[139.764247,35.734437],[139.763762,35.734934],[139.771125,35.737899],[139.769005,35.739259],[139.768177,35.741462],[139.765488,35.741791],[139.763933,35.742848],[139.763842,35.744137],[139.761736,35.743772],[139.761504,35.743181],[139.760316,35.743452],[139.757199,35.745462],[139.7578,35.74761],[139.755383,35.747577],[139.755167,35.748926],[139.751219,35.749878],[139.750887,35.749554],[139.749779,35.75012],[139.750121,35.751139],[139.749637,35.751188],[139.750887,35.753706],[139.757587,35.753169],[139.757964,35.754855],[139.770355,35.753647]]]}},{"type":"Feature","properties":{"N03_007":"13119","N03_001":"東京都","nam_ja":"板橋区"},"geometry":{"type":"Polygon","coordinates":[[[139.69686,35.798904],[139.696151,35.797239],[139.690637,35.790573],[139.689469,35.786797],[139.691279,35.784409],[139.695654,35.782458],[139.698441,35.782127],[139.702152,35.784077],[139.702751,35.783915],[139.703078,35.782608],[139.702312,35.781444],[139.706404,35.766669],[139.709494,35.764845],[139.710281,35.765018],[139.710895,35.763622],[139.713168,35.763267],[139.715213,35.761633],[139.720423,35.755062],[139.722702,35.753228],[139.721785,35.747783],[139.722202,35.747322],[139.721525,35.747379],[139.72141,35.746311],[139.720614,35.746698],[139.719513,35.745043],[139.710428,35.745793],[139.708303,35.741638],[139.704123,35.737287],[139.703814,35.735872],[139.702132,35.736385],[139.700993,35.739908],[139.699222,35.739725],[139.698866,35.742393],[139.694535,35.742227],[139.694512,35.743055],[139.692578,35.743634],[139.689611,35.741324],[139.680478,35.738715],[139.679097,35.740627],[139.680841,35.743817],[139.675879,35.745395],[139.675379,35.744918],[139.6744,35.74546],[139.672136,35.744526],[139.675025,35.751887],[139.673345,35.754512],[139.673534,35.758932],[139.671285,35.76103],[139.668218,35.767567],[139.66724,35.767291],[139.661133,35.768669],[139.655821,35.769023],[139.651124,35.769174],[139.647914,35.768616],[139.642964,35.770926],[139.640845,35.76916],[139.63483,35.768797],[139.63473,35.769875],[139.633476,35.769862],[139.633488,35.770489],[139.630209,35.772337],[139.629356,35.771735],[139.629396,35.776881],[139.628701,35.777495],[139.625189,35.777934],[139.625453,35.779074],[139.624489,35.780498],[139.627737,35.783129],[139.627875,35.784658],[139.629066,35.785738],[139.630346,35.785362],[139.631692,35.786336],[139.632131,35.787438],[139.631567,35.788203],[139.632294,35.788954],[139.634231,35.790335],[139.637918,35.7912],[139.637654,35.791546],[139.63941,35.792849],[139.640857,35.797943],[139.643691,35.798218],[139.647872,35.797473],[139.653362,35.800226],[139.657777,35.800502],[139.667371,35.800455],[139.678382,35.798823],[139.689814,35.800854],[139.693834,35.800227],[139.69686,35.798904]]]}},{"type":"Feature","properties":{"N03_007":"13120","N03_001":"東京都","nam_ja":"練馬区"},"geometry":{"type":"Polygon","coordinates":[[[139.629396,35.776881],[139.629356,35.771735],[139.630209,35.772337],[139.633488,35.770489],[139.633476,35.769862],[139.63473,35.769875],[139.63483,35.768797],[139.640845,35.76916],[139.642964,35.770926],[139.647914,35.768616],[139.651124,35.769174],[139.655821,35.769023],[139.661133,35.768669],[139.66724,35.767291],[139.668218,35.767567],[139.671285,35.76103],[139.673534,35.758932],[139.673345,35.754512],[139.675025,35.751887],[139.672136,35.744526],[139.6744,35.74546],[139.675379,35.744918],[139.675879,35.745395],[139.680841,35.743817],[139.679097,35.740627],[139.681307,35.737803],[139.68065,35.737782],[139.679095,35.735344],[139.679247,35.733368],[139.677969,35.731696],[139.678424,35.731228],[139.677969,35.730679],[139.67468,35.733059],[139.671455,35.733541],[139.670393,35.732331],[139.668356,35.732073],[139.668175,35.731395],[139.664987,35.731257],[139.662589,35.727245],[139.659627,35.726636],[139.659622,35.72583],[139.651782,35.726327],[139.650474,35.726886],[139.647435,35.726745],[139.647397,35.725489],[139.643574,35.725308],[139.639842,35.726373],[139.639241,35.727857],[139.638099,35.728154],[139.63643,35.732278],[139.635074,35.732304],[139.633543,35.735284],[139.627694,35.735233],[139.624545,35.730146],[139.62178,35.730449],[139.615995,35.729831],[139.615395,35.730285],[139.601948,35.726008],[139.599798,35.723914],[139.595655,35.722172],[139.593359,35.71807],[139.590489,35.720094],[139.586812,35.719759],[139.584919,35.717184],[139.586815,35.713265],[139.586651,35.711912],[139.580571,35.71479],[139.575126,35.718992],[139.56564,35.721657],[139.565258,35.724268],[139.566083,35.727325],[139.569424,35.734156],[139.56733,35.736361],[139.568252,35.73808],[139.568164,35.742759],[139.566765,35.747431],[139.568831,35.747589],[139.567795,35.750061],[139.569276,35.74999],[139.569011,35.751922],[139.567697,35.753224],[139.56777,35.755066],[139.565835,35.756821],[139.56611,35.757424],[139.564136,35.759657],[139.563779,35.761397],[139.562786,35.761595],[139.563585,35.762838],[139.564737,35.762823],[139.565612,35.761876],[139.566779,35.761964],[139.566794,35.762823],[139.568369,35.762823],[139.568238,35.763508],[139.569311,35.763634],[139.569734,35.763007],[139.571076,35.763343],[139.57004,35.765587],[139.572432,35.76582],[139.572388,35.766446],[139.574591,35.766228],[139.574337,35.768191],[139.576889,35.768074],[139.578071,35.769473],[139.578165,35.770851],[139.580682,35.771091],[139.580653,35.77179],[139.581003,35.77112],[139.582243,35.771207],[139.581863,35.772446],[139.583774,35.772854],[139.583985,35.774832],[139.586683,35.775284],[139.588761,35.778529],[139.593414,35.777188],[139.594144,35.778704],[139.597201,35.778366],[139.596938,35.776412],[139.604384,35.775017],[139.603975,35.774216],[139.602677,35.774362],[139.59844,35.772142],[139.59739,35.770976],[139.598353,35.770174],[139.597682,35.769927],[139.598207,35.76914],[139.60286,35.770962],[139.604289,35.769971],[139.606357,35.77095],[139.607145,35.769376],[139.608749,35.768837],[139.611272,35.771067],[139.61171,35.769376],[139.612483,35.770425],[139.615424,35.770874],[139.617233,35.770348],[139.616818,35.768437],[139.617729,35.766648],[139.622992,35.766872],[139.624083,35.771253],[139.625602,35.773015],[139.624209,35.774331],[139.624714,35.779826],[139.625453,35.779074],[139.625189,35.777934],[139.628701,35.777495],[139.629396,35.776881]]]}},{"type":"Feature","properties":{"N03_007":"13121","N03_001":"東京都","nam_ja":"足立区"},"geometry":{"type":"Polygon","coordinates":[[[139.771307,35.817202],[139.77885,35.808605],[139.781137,35.80723],[139.78723,35.806878],[139.794001,35.805198],[139.798841,35.806194],[139.802304,35.808553],[139.812394,35.808258],[139.814696,35.808709],[139.81793,35.810425],[139.818604,35.811767],[139.818608,35.811062],[139.819654,35.81178],[139.821098,35.811438],[139.82011,35.812804],[139.821056,35.815077],[139.823392,35.814152],[139.824927,35.811905],[139.824855,35.811003],[139.822921,35.809407],[139.820752,35.805535],[139.819624,35.799335],[139.820486,35.797539],[139.822476,35.79565],[139.826418,35.793381],[139.832765,35.79568],[139.837219,35.800638],[139.839522,35.800701],[139.84387,35.799494],[139.846748,35.796506],[139.84465,35.79474],[139.84422,35.793587],[139.845266,35.787707],[139.848531,35.78115],[139.85802,35.770414],[139.8588,35.76791],[139.858073,35.765873],[139.856571,35.764427],[139.85218,35.765749],[139.851299,35.769882],[139.845798,35.769515],[139.843596,35.768394],[139.841928,35.766518],[139.837821,35.765973],[139.837478,35.763188],[139.83173,35.763708],[139.830906,35.762272],[139.830938,35.758823],[139.829867,35.757661],[139.827549,35.75735],[139.825625,35.758247],[139.826247,35.761685],[139.826973,35.762085],[139.82437,35.761786],[139.823541,35.755869],[139.822597,35.755576],[139.820253,35.755979],[139.819737,35.760449],[139.817255,35.760211],[139.817163,35.760733],[139.81354,35.759666],[139.813375,35.754643],[139.814887,35.753463],[139.814539,35.752337],[139.817922,35.748003],[139.820363,35.743429],[139.817253,35.742093],[139.814497,35.738805],[139.813697,35.740322],[139.811577,35.741068],[139.809107,35.74086],[139.802044,35.738568],[139.794803,35.739825],[139.792423,35.740775],[139.789975,35.742853],[139.788473,35.745789],[139.788688,35.747025],[139.790908,35.748489],[139.79087,35.75077],[139.788796,35.752505],[139.784663,35.753863],[139.764413,35.753995],[139.752966,35.755691],[139.74928,35.756892],[139.748299,35.758342],[139.748888,35.759811],[139.758165,35.764593],[139.759845,35.766284],[139.760148,35.767546],[139.759279,35.769305],[139.757938,35.770178],[139.754318,35.768168],[139.746406,35.767012],[139.736727,35.770219],[139.735705,35.772208],[139.738188,35.778254],[139.738049,35.780221],[139.74582,35.783283],[139.746768,35.78685],[139.750033,35.785937],[139.755001,35.786896],[139.756262,35.788639],[139.755596,35.790029],[139.75997,35.794338],[139.760601,35.797883],[139.755099,35.803373],[139.750656,35.806669],[139.750773,35.810171],[139.751908,35.810938],[139.755201,35.810732],[139.755611,35.81271],[139.757588,35.811973],[139.761274,35.812888],[139.765784,35.815745],[139.765147,35.816435],[139.767165,35.817653],[139.771307,35.817202]]]}},{"type":"Feature","properties":{"N03_007":"13122","N03_001":"東京都","nam_ja":"葛飾区"},"geometry":{"type":"Polygon","coordinates":[[[139.876265,35.794794],[139.876358,35.792614],[139.873258,35.790395],[139.871194,35.786634],[139.871758,35.784751],[139.872035,35.785039],[139.874542,35.781776],[139.877249,35.781166],[139.887748,35.784023],[139.893778,35.782746],[139.894331,35.781644],[139.894464,35.779918],[139.893417,35.778316],[139.881752,35.772858],[139.87939,35.768013],[139.882475,35.762584],[139.883208,35.758623],[139.889982,35.750765],[139.885915,35.750673],[139.882706,35.74954],[139.880753,35.749731],[139.880444,35.748479],[139.88299,35.748336],[139.882829,35.747485],[139.884898,35.746536],[139.885016,35.745601],[139.881853,35.744382],[139.882144,35.743495],[139.880689,35.741644],[139.879794,35.74153],[139.880508,35.740283],[139.877579,35.740915],[139.876542,35.737036],[139.875245,35.737282],[139.874661,35.736749],[139.873176,35.737699],[139.872934,35.737373],[139.873945,35.736017],[139.87217,35.734443],[139.872183,35.730045],[139.870139,35.729019],[139.870553,35.724708],[139.868743,35.723801],[139.866269,35.71853],[139.868569,35.714582],[139.867399,35.712119],[139.866572,35.712302],[139.866606,35.712911],[139.864848,35.713205],[139.86224,35.712833],[139.860558,35.714339],[139.859624,35.713662],[139.856268,35.714458],[139.851356,35.710853],[139.834644,35.72633],[139.823823,35.737708],[139.817922,35.748003],[139.814539,35.752337],[139.814887,35.753463],[139.813375,35.754643],[139.813275,35.7593],[139.817163,35.760733],[139.817255,35.760211],[139.819737,35.760449],[139.820253,35.755979],[139.822597,35.755576],[139.823541,35.755869],[139.82437,35.761786],[139.826973,35.762085],[139.826247,35.761685],[139.825625,35.758247],[139.827549,35.75735],[139.829867,35.757661],[139.830938,35.758823],[139.830906,35.762272],[139.83173,35.763708],[139.837478,35.763188],[139.837821,35.765973],[139.841928,35.766518],[139.843596,35.768394],[139.845798,35.769515],[139.851299,35.769882],[139.85218,35.765749],[139.856571,35.764427],[139.858452,35.766491],[139.858535,35.769255],[139.848055,35.781872],[139.844808,35.789263],[139.844192,35.792738],[139.84465,35.79474],[139.846748,35.796506],[139.853563,35.791558],[139.855917,35.790823],[139.857368,35.791768],[139.858991,35.79485],[139.859895,35.795333],[139.863849,35.794828],[139.868309,35.796886],[139.871758,35.79734],[139.874313,35.796859],[139.876265,35.794794]]]}},{"type":"Feature","properties":{"N03_007":"13123","N03_001":"東京都","nam_ja":"江戸川区"},"geometry":{"type":"MultiPolygon","coordinates":[[[[139.86514,35.63677],[139.867532,35.635004],[139.867386,35.63422],[139.866427,35.632947],[139.866052,35.632715],[139.867361,35.634678],[139.864468,35.636719],[139.863171,35.635699],[139.861065,35.63692],[139.858155,35.634591],[139.861192,35.637132],[139.863089,35.637338],[139.86514,35.63677]]],[[[139.862284,35.635315],[139.863529,35.635341],[139.863635,35.635081],[139.862284,35.635315]]],[[[139.855539,35.638602],[139.858177,35.638093],[139.858977,35.637415],[139.858954,35.636519],[139.857576,35.635042],[139.858406,35.636888],[139.853296,35.63854],[139.849914,35.638467],[139.849567,35.635743],[139.84977,35.63921],[139.850705,35.640224],[139.852345,35.64028],[139.855539,35.638602]]],[[[139.889982,35.750765],[139.892878,35.748082],[139.898559,35.74541],[139.900683,35.741351],[139.900886,35.737458],[139.897263,35.729278],[139.897982,35.724289],[139.90478,35.718885],[139.908123,35.713862],[139.913437,35.710508],[139.916211,35.708001],[139.916986,35.703523],[139.918908,35.698274],[139.913853,35.69093],[139.907154,35.684384],[139.903789,35.683116],[139.892045,35.681644],[139.887945,35.679993],[139.886432,35.678566],[139.885531,35.672769],[139.887368,35.667921],[139.887389,35.656166],[139.883146,35.644757],[139.871461,35.638642],[139.869044,35.639202],[139.864313,35.638539],[139.85993,35.638842],[139.849441,35.642762],[139.850381,35.656526],[139.845543,35.656717],[139.846887,35.67385],[139.848227,35.679135],[139.845515,35.681288],[139.846602,35.683071],[139.847588,35.688094],[139.847706,35.694967],[139.844528,35.699078],[139.835046,35.703307],[139.834388,35.704732],[139.834899,35.705833],[139.839605,35.71035],[139.834168,35.713438],[139.833159,35.715758],[139.835496,35.71787],[139.839046,35.717114],[139.842155,35.719311],[139.851356,35.710853],[139.856268,35.714458],[139.859624,35.713662],[139.860558,35.714339],[139.86224,35.712833],[139.864848,35.713205],[139.866606,35.712911],[139.866572,35.712302],[139.867399,35.712119],[139.868569,35.714582],[139.866269,35.71853],[139.868743,35.723801],[139.870553,35.724708],[139.870139,35.729019],[139.872183,35.730045],[139.87217,35.734443],[139.873945,35.736017],[139.872934,35.737373],[139.873176,35.737699],[139.874661,35.736749],[139.875245,35.737282],[139.876542,35.737036],[139.877579,35.740915],[139.880508,35.740283],[139.879794,35.74153],[139.880689,35.741644],[139.882144,35.743495],[139.881853,35.744382],[139.885016,35.745601],[139.884898,35.746536],[139.882829,35.747485],[139.88299,35.748336],[139.880444,35.748479],[139.880753,35.749731],[139.882706,35.74954],[139.885915,35.750673],[139.889982,35.750765]]]]}},{"type":"Feature","properties":{"N03_007":"13201","N03_001":"東京都","nam_ja":"八王子市"},"geometry":{"type":"Polygon","coordinates":[[[139.323273,35.715772],[139.327638,35.710396],[139.329058,35.710033],[139.329087,35.712308],[139.332258,35.714008],[139.332486,35.712612],[139.331441,35.711876],[139.331322,35.709767],[139.333083,35.70453],[139.336822,35.701511],[139.335596,35.699058],[139.336064,35.695963],[139.340256,35.693714],[139.342311,35.693668],[139.343201,35.692844],[139.346447,35.691985],[139.352056,35.692453],[139.354477,35.693276],[139.363327,35.693744],[139.367625,35.692141],[139.376266,35.691631],[139.380344,35.687418],[139.379643,35.68677],[139.377969,35.687673],[139.375201,35.685782],[139.376013,35.683591],[139.375039,35.681909],[139.376711,35.678383],[139.376502,35.676454],[139.373163,35.673453],[139.37047,35.668562],[139.372425,35.665753],[139.370028,35.665081],[139.37031,35.66453],[139.360846,35.660016],[139.358889,35.659359],[139.357349,35.659998],[139.359453,35.657273],[139.358305,35.655759],[139.357354,35.655808],[139.358149,35.654112],[139.366378,35.645664],[139.371024,35.643747],[139.373713,35.643981],[139.376549,35.645403],[139.378879,35.643633],[139.378698,35.641958],[139.378026,35.642304],[139.378071,35.641116],[139.377181,35.641013],[139.378084,35.639323],[139.379783,35.639713],[139.3819,35.64131],[139.384064,35.641348],[139.387375,35.64072],[139.390263,35.641142],[139.39266,35.639465],[139.393741,35.640267],[139.395003,35.639723],[139.39606,35.640504],[139.396943,35.639824],[139.398398,35.639792],[139.399361,35.64119],[139.404703,35.643678],[139.406404,35.645257],[139.410523,35.644904],[139.412835,35.6466],[139.415004,35.647034],[139.415573,35.645161],[139.417603,35.6432],[139.42025,35.643081],[139.420163,35.642077],[139.422885,35.641031],[139.423982,35.639448],[139.426797,35.637979],[139.426906,35.636784],[139.428519,35.635186],[139.429329,35.63511],[139.429787,35.631967],[139.426924,35.63196],[139.426675,35.63091],[139.425016,35.629862],[139.422515,35.629596],[139.421484,35.629066],[139.42193,35.6286],[139.419841,35.628598],[139.418722,35.627774],[139.418967,35.62696],[139.41733,35.626965],[139.415408,35.625509],[139.413191,35.625617],[139.411791,35.62435],[139.407869,35.622604],[139.407388,35.621344],[139.404408,35.620592],[139.40286,35.61773],[139.401254,35.616319],[139.400819,35.614562],[139.398668,35.612862],[139.398527,35.611955],[139.393666,35.608627],[139.392968,35.607364],[139.390084,35.606847],[139.38897,35.605352],[139.388585,35.605701],[139.387555,35.604907],[139.388349,35.602407],[139.386808,35.599773],[139.386884,35.597941],[139.381678,35.602123],[139.379812,35.602484],[139.377072,35.604165],[139.373388,35.604219],[139.372349,35.605127],[139.371146,35.605031],[139.370979,35.606127],[139.369951,35.605692],[139.365833,35.60872],[139.361222,35.605092],[139.359688,35.605521],[139.359392,35.606574],[139.353654,35.607324],[139.351615,35.608683],[139.349509,35.608227],[139.349276,35.609057],[139.347167,35.609012],[139.346227,35.6107],[139.345946,35.61031],[139.343832,35.611877],[139.342712,35.610036],[139.343341,35.611581],[139.342579,35.611635],[139.343383,35.611998],[139.342936,35.612801],[139.341387,35.612541],[139.342307,35.613259],[139.339914,35.614203],[139.340397,35.615539],[139.339455,35.61692],[139.339983,35.618219],[139.341153,35.618376],[139.341567,35.619749],[139.340049,35.620788],[139.338279,35.623504],[139.33746,35.622837],[139.33779,35.622412],[139.336962,35.622485],[139.337994,35.621677],[139.337395,35.621044],[139.338323,35.620369],[139.338535,35.619445],[139.337847,35.619004],[139.338447,35.618911],[139.338266,35.617655],[139.338979,35.616949],[139.337827,35.616419],[139.337375,35.614208],[139.335619,35.614898],[139.334051,35.614371],[139.333469,35.615224],[139.331299,35.61532],[139.330128,35.616413],[139.328439,35.615002],[139.326973,35.615764],[139.325557,35.61498],[139.323914,35.615369],[139.322786,35.614819],[139.321308,35.615574],[139.317717,35.615341],[139.315467,35.612868],[139.313628,35.614464],[139.307617,35.61624],[139.303488,35.615177],[139.298037,35.616107],[139.296786,35.615502],[139.293541,35.615467],[139.294756,35.616925],[139.293643,35.618569],[139.293434,35.62075],[139.292051,35.621026],[139.289297,35.620188],[139.288527,35.621515],[139.287034,35.622027],[139.285768,35.620809],[139.28455,35.621094],[139.283601,35.6203],[139.282979,35.620861],[139.281853,35.619787],[139.279916,35.620066],[139.27914,35.618791],[139.277777,35.619462],[139.276372,35.616388],[139.274504,35.614972],[139.27437,35.614137],[139.271535,35.613978],[139.269164,35.61262],[139.268799,35.609355],[139.266025,35.60791],[139.266135,35.605627],[139.264775,35.602459],[139.2612,35.602869],[139.257705,35.604231],[139.252224,35.601667],[139.250748,35.603201],[139.247216,35.605096],[139.238638,35.606977],[139.2378,35.609798],[139.236495,35.609835],[139.229881,35.614568],[139.23048,35.616897],[139.229665,35.618991],[139.226166,35.622316],[139.225906,35.623477],[139.219641,35.625895],[139.219479,35.626678],[139.221434,35.629466],[139.21916,35.631972],[139.218542,35.633651],[139.216789,35.634478],[139.215371,35.637076],[139.215522,35.639266],[139.214427,35.641551],[139.215456,35.646122],[139.211461,35.649117],[139.207323,35.649715],[139.205636,35.651361],[139.203557,35.651692],[139.202109,35.653007],[139.201308,35.652537],[139.198258,35.653],[139.19573,35.651287],[139.193992,35.651785],[139.192475,35.650256],[139.191633,35.647435],[139.184233,35.645075],[139.181369,35.645739],[139.179034,35.645596],[139.176118,35.648188],[139.175489,35.649546],[139.17374,35.650351],[139.171791,35.650341],[139.169566,35.65149],[139.166955,35.651066],[139.166593,35.652338],[139.167836,35.653862],[139.168628,35.656819],[139.16836,35.658556],[139.167017,35.659304],[139.167226,35.66176],[139.165134,35.663337],[139.164981,35.665279],[139.162099,35.666982],[139.161604,35.667907],[139.16475,35.670322],[139.166011,35.6752],[139.167947,35.676835],[139.169978,35.680051],[139.170529,35.682879],[139.171767,35.684065],[139.171138,35.685888],[139.171415,35.688743],[139.178788,35.689241],[139.181987,35.688059],[139.18433,35.689068],[139.189706,35.687594],[139.191808,35.687972],[139.193368,35.689078],[139.195533,35.688424],[139.197756,35.688584],[139.198461,35.687837],[139.19939,35.688246],[139.200162,35.690134],[139.200769,35.696663],[139.200139,35.698286],[139.200493,35.699153],[139.203426,35.699177],[139.204924,35.699842],[139.205348,35.703202],[139.204371,35.704801],[139.204438,35.707147],[139.205378,35.708349],[139.206458,35.712425],[139.212857,35.715172],[139.217245,35.718868],[139.218878,35.716913],[139.222001,35.716199],[139.223448,35.716639],[139.226064,35.715904],[139.228857,35.716284],[139.230052,35.71537],[139.232943,35.715354],[139.234787,35.714424],[139.235621,35.71484],[139.237496,35.713236],[139.240652,35.714201],[139.243209,35.712491],[139.245123,35.713339],[139.246526,35.71089],[139.248418,35.711028],[139.24963,35.710493],[139.251946,35.712262],[139.256187,35.712661],[139.258107,35.712243],[139.260862,35.710441],[139.265949,35.709776],[139.267195,35.710317],[139.268807,35.709963],[139.271075,35.71087],[139.272216,35.712646],[139.271893,35.714414],[139.273911,35.715008],[139.276807,35.713971],[139.281852,35.713644],[139.283484,35.712753],[139.28538,35.713352],[139.294118,35.713413],[139.295925,35.71145],[139.301352,35.711774],[139.304048,35.713875],[139.303501,35.712395],[139.304541,35.711469],[139.306441,35.712598],[139.306436,35.713406],[139.308005,35.714508],[139.308496,35.715886],[139.313593,35.713951],[139.316112,35.714327],[139.319316,35.719097],[139.323273,35.715772]]]}},{"type":"Feature","properties":{"N03_007":"13202","N03_001":"東京都","nam_ja":"立川市"},"geometry":{"type":"Polygon","coordinates":[[[139.387311,35.739086],[139.388068,35.739383],[139.39531,35.733503],[139.399111,35.735011],[139.399946,35.734895],[139.400775,35.733482],[139.402,35.73339],[139.402374,35.734003],[139.406936,35.733614],[139.409264,35.734086],[139.408822,35.733625],[139.409457,35.732594],[139.414416,35.733028],[139.416225,35.732084],[139.423201,35.731073],[139.426682,35.731483],[139.426438,35.73017],[139.423014,35.730726],[139.422848,35.730308],[139.433583,35.727085],[139.435628,35.724756],[139.446122,35.722875],[139.443981,35.711704],[139.441612,35.715827],[139.436552,35.714772],[139.433098,35.719298],[139.430993,35.718966],[139.431361,35.717848],[139.428265,35.71736],[139.429098,35.71599],[139.432451,35.716375],[139.432764,35.715865],[139.429407,35.715425],[139.429747,35.714447],[139.431556,35.714241],[139.431897,35.713615],[139.430643,35.713233],[139.431709,35.711649],[139.433053,35.71164],[139.431763,35.711237],[139.43381,35.707204],[139.437065,35.707444],[139.437313,35.706982],[139.434223,35.706575],[139.435628,35.703729],[139.430318,35.703543],[139.429522,35.704415],[139.427273,35.703629],[139.425594,35.701883],[139.426541,35.699822],[139.428782,35.701118],[139.429027,35.700412],[139.427202,35.699445],[139.4274,35.698441],[139.431647,35.696937],[139.4299,35.693933],[139.431051,35.693575],[139.431216,35.690281],[139.428412,35.69112],[139.426315,35.68857],[139.426614,35.687998],[139.425208,35.687777],[139.42539,35.686776],[139.422296,35.687751],[139.421575,35.688644],[139.417568,35.682761],[139.410491,35.684154],[139.395136,35.68918],[139.385089,35.691283],[139.388823,35.693384],[139.38853,35.695155],[139.39025,35.698842],[139.392951,35.699076],[139.393961,35.70242],[139.393401,35.70321],[139.393825,35.704155],[139.394591,35.703946],[139.394852,35.704511],[139.394051,35.705146],[139.398531,35.711561],[139.3957,35.712888],[139.394506,35.711652],[139.391039,35.715333],[139.388988,35.714393],[139.387097,35.716672],[139.388845,35.717896],[139.385502,35.720457],[139.382495,35.720756],[139.381982,35.720251],[139.379315,35.721723],[139.381791,35.723116],[139.380092,35.72559],[139.377708,35.724212],[139.37636,35.725452],[139.370048,35.724509],[139.370286,35.725834],[139.365413,35.725026],[139.365274,35.725761],[139.361866,35.726292],[139.361947,35.725104],[139.362866,35.72457],[139.362413,35.724173],[139.357169,35.725801],[139.356879,35.725285],[139.355047,35.725078],[139.35521,35.726456],[139.354141,35.727963],[139.35335,35.727959],[139.352329,35.732594],[139.353462,35.733058],[139.352926,35.736093],[139.359007,35.737331],[139.358779,35.73872],[139.359375,35.739421],[139.365463,35.739064],[139.369466,35.735877],[139.370274,35.737356],[139.374049,35.736666],[139.377962,35.735093],[139.378478,35.733515],[139.381162,35.734863],[139.383496,35.733034],[139.384402,35.733724],[139.38386,35.735523],[139.388527,35.733666],[139.391146,35.73339],[139.387289,35.737046],[139.384825,35.737876],[139.384916,35.741448],[139.383341,35.742661],[139.383452,35.745098],[139.383631,35.743822],[139.387071,35.741205],[139.387311,35.739086]]]}},{"type":"Feature","properties":{"N03_007":"13203","N03_001":"東京都","nam_ja":"武蔵野市"},"geometry":{"type":"Polygon","coordinates":[[[139.532601,35.701073],[139.532543,35.709109],[139.527161,35.709909],[139.527388,35.712816],[139.525247,35.712944],[139.526913,35.718514],[139.530001,35.717501],[139.529423,35.712793],[139.537361,35.71132],[139.549406,35.716919],[139.554584,35.720777],[139.559938,35.721997],[139.565828,35.721621],[139.575126,35.718992],[139.580571,35.71479],[139.587707,35.711404],[139.595473,35.705435],[139.592892,35.701246],[139.590255,35.69482],[139.588287,35.695617],[139.586717,35.693963],[139.584827,35.697249],[139.579915,35.698823],[139.576655,35.701434],[139.575375,35.70117],[139.574518,35.699771],[139.572585,35.698886],[139.572301,35.697359],[139.570515,35.698928],[139.550168,35.706781],[139.55066,35.695009],[139.542443,35.696719],[139.542191,35.695294],[139.536519,35.695331],[139.536417,35.698291],[139.533935,35.698973],[139.533557,35.701082],[139.532601,35.701073]]]}},{"type":"Feature","properties":{"N03_007":"13204","N03_001":"東京都","nam_ja":"三鷹市"},"geometry":{"type":"Polygon","coordinates":[[[139.572078,35.697647],[139.572585,35.698886],[139.574518,35.699771],[139.575375,35.70117],[139.576655,35.701434],[139.579915,35.698823],[139.584827,35.697249],[139.586826,35.693856],[139.594055,35.688997],[139.593103,35.688863],[139.593165,35.68799],[139.590565,35.687001],[139.593612,35.684128],[139.593089,35.682903],[139.594179,35.682141],[139.593304,35.681738],[139.592071,35.682095],[139.586675,35.682801],[139.585501,35.682624],[139.591803,35.681678],[139.58532,35.682045],[139.58828,35.679644],[139.588338,35.67893],[139.586502,35.676941],[139.586724,35.674586],[139.587404,35.674024],[139.58345,35.674037],[139.582489,35.673394],[139.588501,35.670514],[139.588889,35.66941],[139.585167,35.671288],[139.584504,35.6704],[139.581255,35.670245],[139.580454,35.670715],[139.580044,35.672523],[139.579464,35.672247],[139.576732,35.673554],[139.575072,35.673137],[139.578447,35.671914],[139.57894,35.670397],[139.57809,35.670232],[139.577715,35.66886],[139.578358,35.668319],[139.578307,35.668895],[139.578908,35.668915],[139.579805,35.665537],[139.582141,35.665026],[139.578336,35.662474],[139.576908,35.660387],[139.575394,35.660118],[139.572631,35.662714],[139.572601,35.663303],[139.57459,35.661463],[139.575209,35.661706],[139.572805,35.664231],[139.568497,35.663502],[139.566144,35.664254],[139.564398,35.668543],[139.56438,35.672628],[139.560871,35.682843],[139.556746,35.682733],[139.55675,35.682309],[139.552144,35.68134],[139.552163,35.680841],[139.545439,35.682063],[139.544709,35.680324],[139.542939,35.680461],[139.541396,35.669899],[139.542293,35.667457],[139.544431,35.666605],[139.541989,35.664448],[139.538377,35.664745],[139.538832,35.665474],[139.537451,35.665474],[139.537157,35.666555],[139.538489,35.667128],[139.53559,35.669292],[139.53475,35.668856],[139.534451,35.667551],[139.53137,35.667699],[139.532436,35.669899],[139.530711,35.670753],[139.530663,35.671929],[139.529539,35.672523],[139.529452,35.675608],[139.528508,35.675612],[139.527944,35.674453],[139.526757,35.67468],[139.5267,35.676296],[139.527404,35.676323],[139.52782,35.677286],[139.526259,35.677243],[139.526595,35.679138],[139.525338,35.679584],[139.525389,35.6809],[139.528681,35.681198],[139.528206,35.682199],[139.528843,35.682859],[139.52706,35.683739],[139.526258,35.686941],[139.524469,35.688414],[139.524875,35.690104],[139.526832,35.689488],[139.528541,35.690672],[139.532162,35.688779],[139.53137,35.694614],[139.534198,35.694881],[139.533935,35.698973],[139.536417,35.698291],[139.536519,35.695331],[139.542191,35.695294],[139.542443,35.696719],[139.55066,35.695009],[139.550168,35.706781],[139.570515,35.698928],[139.572078,35.697647]]]}},{"type":"Feature","properties":{"N03_007":"13205","N03_001":"東京都","nam_ja":"青梅市"},"geometry":{"type":"Polygon","coordinates":[[[139.163531,35.850868],[139.168968,35.850018],[139.171113,35.84861],[139.174358,35.848312],[139.175444,35.847202],[139.181073,35.844765],[139.181831,35.843787],[139.183628,35.843575],[139.184158,35.842792],[139.186762,35.842916],[139.189277,35.841371],[139.192819,35.840222],[139.19581,35.840046],[139.198246,35.841102],[139.203444,35.841297],[139.204802,35.843028],[139.204943,35.844663],[139.206326,35.845907],[139.207606,35.846437],[139.212649,35.846611],[139.213687,35.845531],[139.214922,35.84578],[139.215838,35.844307],[139.219333,35.842521],[139.22018,35.841295],[139.224547,35.840499],[139.231272,35.83664],[139.232811,35.836747],[139.234232,35.838133],[139.235361,35.838049],[139.237024,35.840153],[139.239038,35.840525],[139.241234,35.840038],[139.24278,35.8366],[139.251134,35.837556],[139.252255,35.838249],[139.256416,35.837769],[139.256695,35.837065],[139.258805,35.837272],[139.258885,35.836389],[139.260426,35.835992],[139.263115,35.837311],[139.26824,35.838242],[139.271522,35.839682],[139.27992,35.839246],[139.280265,35.840687],[139.281679,35.839764],[139.282884,35.837169],[139.284941,35.836008],[139.286564,35.837071],[139.290911,35.837957],[139.295604,35.833845],[139.296615,35.835446],[139.301169,35.83496],[139.302077,35.834129],[139.301387,35.83394],[139.301756,35.831087],[139.301173,35.829693],[139.302691,35.826014],[139.30244,35.824206],[139.304865,35.823868],[139.304767,35.822398],[139.311604,35.825332],[139.315242,35.824987],[139.316192,35.823588],[139.316497,35.819359],[139.31505,35.816891],[139.315,35.814347],[139.316752,35.812689],[139.316789,35.81147],[139.318339,35.809829],[139.319091,35.806979],[139.322619,35.800269],[139.322254,35.799497],[139.325404,35.79541],[139.33036,35.794339],[139.330099,35.792922],[139.328483,35.791769],[139.330071,35.790612],[139.326264,35.787031],[139.32172,35.789736],[139.321218,35.789595],[139.32365,35.7875],[139.323801,35.786675],[139.322759,35.786306],[139.322009,35.788511],[139.32058,35.789909],[139.318008,35.789524],[139.320786,35.788299],[139.32066,35.783363],[139.32349,35.781822],[139.32412,35.781084],[139.323749,35.780045],[139.320686,35.776808],[139.31844,35.778411],[139.312281,35.775525],[139.31137,35.776762],[139.309187,35.775706],[139.308022,35.777234],[139.306896,35.776669],[139.306065,35.777826],[139.303319,35.778134],[139.301945,35.779895],[139.300782,35.77997],[139.2999,35.781159],[139.297554,35.78077],[139.295503,35.777656],[139.292133,35.775342],[139.292786,35.772505],[139.295113,35.769994],[139.296693,35.76605],[139.296555,35.762934],[139.297442,35.760081],[139.296542,35.754545],[139.293862,35.75567],[139.293546,35.757068],[139.292329,35.757555],[139.290091,35.760073],[139.288143,35.759614],[139.28752,35.760982],[139.276323,35.761684],[139.274432,35.760899],[139.269323,35.76113],[139.266904,35.759975],[139.264275,35.760552],[139.263515,35.759969],[139.261527,35.759832],[139.257389,35.760336],[139.256238,35.761887],[139.255257,35.761957],[139.254295,35.764026],[139.251913,35.764482],[139.249452,35.766601],[139.245628,35.767395],[139.242641,35.766808],[139.238308,35.767009],[139.23812,35.768624],[139.235363,35.769374],[139.233744,35.768618],[139.232103,35.768757],[139.230781,35.769974],[139.228289,35.770809],[139.227441,35.772023],[139.225933,35.771862],[139.224142,35.772883],[139.222584,35.772446],[139.220852,35.774034],[139.216885,35.772811],[139.21434,35.774086],[139.21053,35.773178],[139.209314,35.774603],[139.209377,35.775866],[139.206439,35.778435],[139.205673,35.778292],[139.204883,35.779732],[139.203572,35.780158],[139.200531,35.783849],[139.198896,35.784451],[139.198345,35.786377],[139.194304,35.787377],[139.192215,35.78919],[139.1912,35.788679],[139.18879,35.789075],[139.186184,35.787784],[139.181804,35.787592],[139.175619,35.784863],[139.171926,35.782112],[139.166569,35.780922],[139.165676,35.779564],[139.16143,35.777116],[139.158632,35.777915],[139.157932,35.77575],[139.158431,35.774239],[139.157738,35.773171],[139.157001,35.773658],[139.153719,35.773546],[139.151731,35.776622],[139.148795,35.778938],[139.148242,35.775291],[139.146379,35.77537],[139.144746,35.776946],[139.142857,35.776406],[139.142276,35.774831],[139.140995,35.774213],[139.139383,35.772054],[139.138444,35.771918],[139.137638,35.772432],[139.137355,35.778311],[139.140485,35.778995],[139.142726,35.781025],[139.147812,35.781991],[139.146479,35.785755],[139.147418,35.78608],[139.146626,35.787685],[139.14774,35.790668],[139.146779,35.792631],[139.14982,35.796378],[139.156305,35.798625],[139.159141,35.798428],[139.164816,35.8016],[139.167321,35.801725],[139.171454,35.803472],[139.171665,35.805094],[139.173579,35.806755],[139.17569,35.807078],[139.174209,35.812827],[139.177412,35.820398],[139.175242,35.827134],[139.178431,35.830589],[139.176892,35.833086],[139.17735,35.83515],[139.17495,35.836308],[139.174337,35.837924],[139.173272,35.838279],[139.171999,35.839958],[139.169709,35.840414],[139.166118,35.842972],[139.166419,35.844569],[139.162576,35.849551],[139.163531,35.850868]]]}},{"type":"Feature","properties":{"N03_007":"13206","N03_001":"東京都","nam_ja":"府中市"},"geometry":{"type":"MultiPolygon","coordinates":[[[[139.463074,35.699743],[139.464033,35.697247],[139.463262,35.696955],[139.463773,35.695432],[139.465294,35.695004],[139.466816,35.695335],[139.467791,35.692498],[139.465891,35.691565],[139.466223,35.69039],[139.463718,35.689715],[139.466542,35.688443],[139.473313,35.689454],[139.473594,35.68908],[139.477373,35.68934],[139.478217,35.690372],[139.481041,35.6907],[139.481322,35.691435],[139.483526,35.691255],[139.484544,35.692092],[139.486611,35.69221],[139.487911,35.694794],[139.489588,35.695451],[139.487812,35.691978],[139.489634,35.692489],[139.489035,35.690956],[139.490258,35.690563],[139.490178,35.690052],[139.491401,35.690228],[139.495787,35.688643],[139.495715,35.688212],[139.496953,35.688471],[139.495441,35.686901],[139.497353,35.686756],[139.497003,35.686311],[139.497814,35.685664],[139.49871,35.68563],[139.499894,35.687176],[139.502948,35.687273],[139.500529,35.684268],[139.502174,35.684102],[139.505947,35.687238],[139.505886,35.686561],[139.514571,35.686091],[139.514517,35.688421],[139.51527,35.690003],[139.518078,35.691383],[139.521498,35.688357],[139.522269,35.687362],[139.520499,35.681634],[139.52126,35.68144],[139.520935,35.680532],[139.524338,35.679688],[139.524676,35.677511],[139.523835,35.678094],[139.522128,35.677717],[139.522099,35.677183],[139.524735,35.676425],[139.526457,35.672385],[139.525431,35.669232],[139.524336,35.669163],[139.524151,35.667865],[139.523218,35.667789],[139.519437,35.660443],[139.517461,35.658385],[139.518195,35.658183],[139.517036,35.655309],[139.518838,35.655179],[139.520791,35.653592],[139.520835,35.646195],[139.517403,35.649012],[139.512094,35.651202],[139.506798,35.650879],[139.503319,35.650033],[139.50215,35.649102],[139.50132,35.649185],[139.50147,35.650517],[139.499462,35.651448],[139.491625,35.65209],[139.489018,35.6515],[139.486128,35.652677],[139.479246,35.651977],[139.473997,35.650747],[139.473807,35.649334],[139.47255,35.649281],[139.467882,35.651208],[139.442015,35.657961],[139.440917,35.659975],[139.429828,35.670818],[139.431729,35.672677],[139.435914,35.67151],[139.437212,35.672149],[139.441477,35.670715],[139.441967,35.671427],[139.440542,35.671683],[139.44338,35.672373],[139.445145,35.671817],[139.444173,35.672588],[139.4457,35.673502],[139.450805,35.671555],[139.45351,35.671555],[139.449597,35.67434],[139.451109,35.673474],[139.450727,35.67665],[139.45165,35.676816],[139.451288,35.677951],[139.452382,35.67865],[139.451587,35.679473],[139.451452,35.681279],[139.452347,35.683468],[139.45293,35.683557],[139.453641,35.687905],[139.456079,35.691305],[139.457108,35.691113],[139.457459,35.691937],[139.458212,35.691702],[139.458581,35.692256],[139.459597,35.691851],[139.458798,35.69351],[139.459556,35.693913],[139.460249,35.699849],[139.463074,35.699743]]],[[[139.496955,35.687245],[139.496792,35.687785],[139.497522,35.687708],[139.497618,35.687316],[139.496955,35.687245]]]]}},{"type":"Feature","properties":{"N03_007":"13207","N03_001":"東京都","nam_ja":"昭島市"},"geometry":{"type":"Polygon","coordinates":[[[139.365391,35.725592],[139.365413,35.725026],[139.366077,35.725029],[139.370286,35.725834],[139.370048,35.724509],[139.37636,35.725452],[139.377708,35.724212],[139.380092,35.72559],[139.381791,35.723116],[139.379315,35.721723],[139.381982,35.720251],[139.382495,35.720756],[139.385502,35.720457],[139.388845,35.717896],[139.387097,35.716672],[139.388988,35.714393],[139.391039,35.715333],[139.394506,35.711652],[139.3957,35.712888],[139.398531,35.711561],[139.394051,35.705146],[139.394852,35.704511],[139.394591,35.703946],[139.393825,35.704155],[139.393401,35.70321],[139.393961,35.70242],[139.392951,35.699076],[139.39025,35.698842],[139.390279,35.698079],[139.389388,35.697579],[139.388589,35.69307],[139.385089,35.691283],[139.371159,35.69168],[139.367625,35.692141],[139.363327,35.693744],[139.354477,35.693276],[139.352056,35.692453],[139.346447,35.691985],[139.343201,35.692844],[139.342311,35.693668],[139.340387,35.693653],[139.336211,35.695786],[139.335596,35.699058],[139.336822,35.701511],[139.333083,35.70453],[139.331322,35.709767],[139.331441,35.711876],[139.333488,35.713419],[139.338862,35.715865],[139.339448,35.717389],[139.338597,35.718948],[139.341619,35.721309],[139.343168,35.721572],[139.343659,35.721084],[139.346276,35.720946],[139.346638,35.721658],[139.351576,35.722143],[139.352979,35.723532],[139.352944,35.724837],[139.356756,35.725255],[139.357169,35.725801],[139.362413,35.724173],[139.362866,35.72457],[139.361947,35.725104],[139.361838,35.726286],[139.365391,35.725592]]]}},{"type":"Feature","properties":{"N03_007":"13208","N03_001":"東京都","nam_ja":"調布市"},"geometry":{"type":"Polygon","coordinates":[[[139.523781,35.688016],[139.525447,35.686885],[139.525157,35.686016],[139.525942,35.684754],[139.528843,35.682859],[139.528206,35.682199],[139.528681,35.681198],[139.525389,35.6809],[139.525338,35.679584],[139.526595,35.679138],[139.526259,35.677243],[139.52782,35.677286],[139.527404,35.676323],[139.5267,35.676296],[139.526757,35.67468],[139.527944,35.674453],[139.528508,35.675612],[139.529452,35.675608],[139.529539,35.672523],[139.530663,35.671929],[139.530711,35.670753],[139.532436,35.669899],[139.53137,35.667699],[139.534451,35.667551],[139.53475,35.668856],[139.53559,35.669292],[139.538489,35.667128],[139.537157,35.666555],[139.537451,35.665474],[139.538832,35.665474],[139.538377,35.664745],[139.541599,35.664273],[139.544393,35.666506],[139.542133,35.667634],[139.54143,35.670531],[139.542939,35.680461],[139.544709,35.680324],[139.545439,35.682063],[139.552163,35.680841],[139.552144,35.68134],[139.55675,35.682309],[139.556746,35.682733],[139.560871,35.682843],[139.56438,35.672628],[139.564363,35.668754],[139.565571,35.665069],[139.567935,35.66353],[139.573014,35.664144],[139.575209,35.661706],[139.57459,35.661463],[139.572601,35.663303],[139.572631,35.662714],[139.575502,35.660041],[139.576908,35.660387],[139.578336,35.662474],[139.582141,35.665026],[139.579805,35.665537],[139.578908,35.668915],[139.578307,35.668895],[139.578358,35.668319],[139.577715,35.66886],[139.57809,35.670232],[139.57894,35.670397],[139.578447,35.671914],[139.575072,35.673137],[139.576732,35.673554],[139.579464,35.672247],[139.580044,35.672523],[139.580454,35.670715],[139.581255,35.670245],[139.584504,35.6704],[139.585167,35.671288],[139.588838,35.669461],[139.590124,35.665792],[139.586561,35.663958],[139.587343,35.66259],[139.588969,35.662445],[139.590018,35.661175],[139.589933,35.657111],[139.590918,35.655359],[139.592334,35.655432],[139.592862,35.654182],[139.593083,35.651524],[139.591961,35.651359],[139.591994,35.645816],[139.589566,35.645141],[139.587298,35.646492],[139.585579,35.645511],[139.584311,35.646845],[139.584189,35.648699],[139.582299,35.648464],[139.582785,35.647257],[139.580775,35.647274],[139.579101,35.648182],[139.580857,35.64916],[139.580615,35.649546],[139.57892,35.6487],[139.577334,35.649235],[139.576523,35.650338],[139.5745,35.650745],[139.571562,35.649315],[139.569924,35.649258],[139.569478,35.647796],[139.565753,35.64717],[139.565868,35.646249],[139.563368,35.641371],[139.563064,35.636396],[139.561971,35.632591],[139.557425,35.633995],[139.549428,35.634375],[139.547721,35.636693],[139.545959,35.63742],[139.535951,35.639482],[139.530888,35.641958],[139.525389,35.642648],[139.523923,35.643432],[139.520835,35.646195],[139.520713,35.653737],[139.518838,35.655179],[139.517036,35.655309],[139.518195,35.658183],[139.517461,35.658385],[139.519437,35.660443],[139.523218,35.667789],[139.524151,35.667865],[139.524336,35.669163],[139.525431,35.669232],[139.526457,35.672385],[139.524735,35.676425],[139.522099,35.677183],[139.522128,35.677717],[139.523835,35.678094],[139.524676,35.677511],[139.524338,35.679688],[139.520935,35.680532],[139.52126,35.68144],[139.520499,35.681634],[139.522269,35.687362],[139.523781,35.688016]]]}},{"type":"Feature","properties":{"N03_007":"13209","N03_001":"東京都","nam_ja":"町田市"},"geometry":{"type":"Polygon","coordinates":[[[139.338279,35.623504],[139.341567,35.619749],[139.341153,35.618376],[139.339983,35.618219],[139.339455,35.61692],[139.340397,35.615539],[139.339914,35.614203],[139.342307,35.613259],[139.341387,35.612541],[139.342936,35.612801],[139.343383,35.611998],[139.342579,35.611635],[139.343341,35.611581],[139.342712,35.610036],[139.343832,35.611877],[139.345946,35.61031],[139.346227,35.6107],[139.347167,35.609012],[139.349276,35.609057],[139.349509,35.608227],[139.351615,35.608683],[139.353654,35.607324],[139.359392,35.606574],[139.359688,35.605521],[139.361222,35.605092],[139.365833,35.60872],[139.369951,35.605692],[139.370979,35.606127],[139.371146,35.605031],[139.372349,35.605127],[139.373388,35.604219],[139.377072,35.604165],[139.379812,35.602484],[139.381678,35.602123],[139.386884,35.597941],[139.386808,35.599773],[139.388349,35.602407],[139.38764,35.605012],[139.388585,35.605701],[139.38897,35.605352],[139.390227,35.606908],[139.392097,35.606843],[139.393901,35.608189],[139.395644,35.608209],[139.396638,35.609627],[139.398583,35.610437],[139.400691,35.61045],[139.401394,35.608635],[139.407934,35.612044],[139.408158,35.611016],[139.410185,35.610062],[139.412703,35.61228],[139.414571,35.611609],[139.415759,35.612163],[139.417184,35.611689],[139.417998,35.61034],[139.420613,35.609725],[139.423111,35.606635],[139.424592,35.606955],[139.426281,35.605447],[139.42817,35.606135],[139.428576,35.608138],[139.433867,35.605866],[139.434284,35.604698],[139.434429,35.60601],[139.436178,35.606641],[139.438735,35.610055],[139.443382,35.609021],[139.444331,35.609421],[139.445935,35.608705],[139.447656,35.610877],[139.449281,35.611776],[139.452866,35.607684],[139.452515,35.606718],[139.453517,35.604476],[139.457918,35.607477],[139.460634,35.608412],[139.463074,35.608027],[139.463798,35.609161],[139.465036,35.608753],[139.466049,35.609501],[139.466665,35.608632],[139.466467,35.606731],[139.470275,35.603486],[139.47106,35.601158],[139.473973,35.599697],[139.476578,35.599625],[139.478021,35.598974],[139.479635,35.595092],[139.479491,35.595886],[139.480781,35.595742],[139.480303,35.594695],[139.481886,35.595368],[139.482932,35.594867],[139.48391,35.595298],[139.483184,35.593415],[139.484537,35.594163],[139.484255,35.592817],[139.485118,35.592921],[139.485778,35.591912],[139.487096,35.591717],[139.487115,35.590022],[139.487881,35.590949],[139.488629,35.590719],[139.488232,35.589948],[139.489176,35.590144],[139.490688,35.588991],[139.491194,35.589371],[139.491935,35.588469],[139.493678,35.589076],[139.493605,35.587612],[139.494459,35.586236],[139.493103,35.584282],[139.493753,35.584164],[139.493936,35.58273],[139.49532,35.582686],[139.496602,35.581562],[139.497406,35.582095],[139.499216,35.58097],[139.500624,35.579142],[139.502265,35.578224],[139.502359,35.577061],[139.503673,35.576696],[139.505457,35.574787],[139.507013,35.575822],[139.507591,35.575141],[139.506894,35.574852],[139.507349,35.573766],[139.506575,35.571716],[139.500602,35.570443],[139.500829,35.568534],[139.497893,35.567797],[139.496267,35.56464],[139.49467,35.564856],[139.492997,35.562626],[139.491129,35.561445],[139.489248,35.561807],[139.487358,35.567064],[139.486037,35.567583],[139.486358,35.569041],[139.482868,35.571384],[139.483749,35.571958],[139.486058,35.578363],[139.488379,35.578475],[139.489869,35.583579],[139.489602,35.584395],[139.488281,35.583937],[139.486837,35.584696],[139.485167,35.584686],[139.48188,35.581502],[139.480513,35.581676],[139.477822,35.580639],[139.477193,35.581192],[139.477833,35.582222],[139.476385,35.581941],[139.47324,35.576674],[139.473252,35.573851],[139.471731,35.571045],[139.469667,35.569498],[139.469175,35.566742],[139.469651,35.565302],[139.468266,35.563139],[139.469477,35.56244],[139.47041,35.560405],[139.47474,35.559605],[139.476486,35.562552],[139.47789,35.560441],[139.479763,35.559344],[139.48199,35.555629],[139.482564,35.548393],[139.482303,35.547222],[139.480883,35.545958],[139.480333,35.543146],[139.481637,35.539946],[139.483982,35.539181],[139.484921,35.538184],[139.484532,35.536098],[139.486816,35.535526],[139.485786,35.531128],[139.487798,35.527882],[139.48653,35.526499],[139.487595,35.524775],[139.485694,35.522208],[139.486338,35.519839],[139.484544,35.519958],[139.483283,35.519153],[139.480352,35.514734],[139.476973,35.511396],[139.481061,35.505355],[139.484938,35.503969],[139.480352,35.502971],[139.476383,35.501354],[139.473814,35.501252],[139.471429,35.50206],[139.467745,35.502312],[139.468268,35.506206],[139.464609,35.511466],[139.463443,35.517624],[139.461121,35.51928],[139.455766,35.520468],[139.454774,35.521691],[139.454823,35.522741],[139.457589,35.527061],[139.458419,35.526727],[139.458317,35.527989],[139.455482,35.529558],[139.454145,35.531435],[139.448956,35.534887],[139.44815,35.537802],[139.445097,35.541131],[139.445099,35.542072],[139.444354,35.542417],[139.443773,35.541907],[139.440439,35.543096],[139.438775,35.544268],[139.438147,35.545581],[139.436007,35.54683],[139.435214,35.546227],[139.433392,35.546355],[139.431986,35.548739],[139.427369,35.5512],[139.427848,35.552269],[139.423644,35.556223],[139.422441,35.559435],[139.417998,35.561918],[139.416233,35.561886],[139.416234,35.563813],[139.412849,35.56622],[139.409104,35.575221],[139.407347,35.575828],[139.403324,35.57553],[139.402662,35.576016],[139.402992,35.576605],[139.402106,35.576453],[139.401512,35.577028],[139.401052,35.580135],[139.400331,35.580612],[139.400696,35.581469],[139.399644,35.581935],[139.399212,35.583333],[139.399797,35.584426],[139.396674,35.584459],[139.396081,35.583876],[139.394858,35.584084],[139.394157,35.585642],[139.391085,35.58526],[139.388618,35.588533],[139.384369,35.587608],[139.384511,35.588477],[139.38296,35.589117],[139.382993,35.58995],[139.381997,35.589515],[139.381007,35.589924],[139.380722,35.590523],[139.379157,35.590202],[139.37504,35.594095],[139.373327,35.594909],[139.370137,35.594507],[139.366273,35.597486],[139.362766,35.599132],[139.357933,35.59871],[139.356183,35.599228],[139.354837,35.600549],[139.353358,35.600028],[139.353071,35.600805],[139.348281,35.601631],[139.348301,35.602242],[139.347428,35.601896],[139.347293,35.602346],[139.347245,35.601952],[139.344198,35.602595],[139.342995,35.603649],[139.342563,35.603151],[139.341883,35.604545],[139.339955,35.605537],[139.337891,35.604347],[139.335146,35.604536],[139.333457,35.603723],[139.331009,35.604246],[139.330234,35.603153],[139.329571,35.603679],[139.326872,35.603873],[139.324888,35.605151],[139.324714,35.604694],[139.323404,35.605538],[139.322996,35.605246],[139.32075,35.606526],[139.319832,35.606265],[139.320019,35.605734],[139.318962,35.606094],[139.317121,35.605379],[139.314619,35.605479],[139.314284,35.604295],[139.312802,35.604684],[139.30923,35.604219],[139.307595,35.604793],[139.307709,35.605336],[139.306141,35.605468],[139.305529,35.604938],[139.304518,35.605268],[139.304837,35.604727],[139.304186,35.604621],[139.301072,35.605815],[139.301156,35.606501],[139.299168,35.60624],[139.29843,35.60708],[139.298754,35.607639],[139.297003,35.608],[139.296603,35.609937],[139.294354,35.611166],[139.293295,35.610671],[139.292543,35.611843],[139.290161,35.612585],[139.28962,35.611962],[139.285998,35.612514],[139.285248,35.613389],[139.281565,35.612842],[139.279879,35.611481],[139.274058,35.611021],[139.268799,35.609355],[139.26906,35.612525],[139.271535,35.613978],[139.27437,35.614137],[139.274504,35.614972],[139.276372,35.616388],[139.277655,35.619386],[139.27914,35.618791],[139.279916,35.620066],[139.281853,35.619787],[139.282979,35.620861],[139.283601,35.6203],[139.28455,35.621094],[139.285768,35.620809],[139.287034,35.622027],[139.288527,35.621515],[139.289297,35.620188],[139.292051,35.621026],[139.293434,35.62075],[139.293643,35.618569],[139.294756,35.616925],[139.293541,35.615467],[139.296786,35.615502],[139.298037,35.616107],[139.303488,35.615177],[139.307617,35.61624],[139.313628,35.614464],[139.315467,35.612868],[139.317717,35.615341],[139.321308,35.615574],[139.322786,35.614819],[139.323914,35.615369],[139.325557,35.61498],[139.326973,35.615764],[139.328439,35.615002],[139.330128,35.616413],[139.331299,35.61532],[139.333469,35.615224],[139.334051,35.614371],[139.335619,35.614898],[139.337375,35.614208],[139.337827,35.616419],[139.338979,35.616949],[139.338266,35.617655],[139.338447,35.618911],[139.337847,35.619004],[139.338535,35.619445],[139.338323,35.620369],[139.337395,35.621044],[139.337994,35.621677],[139.336966,35.622559],[139.33779,35.622412],[139.33746,35.622837],[139.338279,35.623504]],[[139.380931,35.590292],[139.380817,35.590503],[139.380853,35.590321],[139.380931,35.590292]]]}},{"type":"Feature","properties":{"N03_007":"13210","N03_001":"東京都","nam_ja":"小金井市"},"geometry":{"type":"Polygon","coordinates":[[[139.525426,35.712921],[139.527388,35.712816],[139.527161,35.709909],[139.532543,35.709109],[139.532204,35.702541],[139.532601,35.701073],[139.533557,35.701082],[139.53419,35.695212],[139.53137,35.694614],[139.532162,35.688779],[139.528541,35.690672],[139.526832,35.689488],[139.524875,35.690104],[139.524469,35.688414],[139.526258,35.686941],[139.526917,35.684216],[139.525201,35.685846],[139.525588,35.686584],[139.524512,35.687939],[139.523577,35.688161],[139.522269,35.687362],[139.518078,35.691383],[139.51527,35.690003],[139.514517,35.688421],[139.514571,35.686091],[139.505886,35.686561],[139.505947,35.687238],[139.501858,35.684016],[139.500323,35.684637],[139.501125,35.684577],[139.502948,35.687273],[139.499894,35.687176],[139.49871,35.68563],[139.497814,35.685664],[139.497003,35.686311],[139.497353,35.686756],[139.495441,35.686901],[139.496953,35.688471],[139.495715,35.688212],[139.495787,35.688643],[139.491401,35.690228],[139.490178,35.690052],[139.490258,35.690563],[139.489035,35.690956],[139.489634,35.692489],[139.487812,35.691978],[139.491056,35.69734],[139.491441,35.700249],[139.484458,35.702255],[139.485521,35.704329],[139.486588,35.704281],[139.487433,35.706456],[139.486028,35.708601],[139.491499,35.708039],[139.492555,35.710197],[139.495397,35.709638],[139.4959,35.713164],[139.500577,35.712327],[139.507821,35.712218],[139.508591,35.716364],[139.523147,35.719066],[139.522923,35.717638],[139.526451,35.717283],[139.525426,35.712921]],[[139.496792,35.687259],[139.497618,35.687316],[139.497619,35.687591],[139.496792,35.687785],[139.496792,35.687259]]]}},{"type":"Feature","properties":{"N03_007":"13211","N03_001":"東京都","nam_ja":"小平市"},"geometry":{"type":"Polygon","coordinates":[[[139.50337,35.741667],[139.504723,35.741026],[139.503959,35.736746],[139.504779,35.736654],[139.504441,35.732201],[139.505606,35.732056],[139.506753,35.739996],[139.505665,35.740295],[139.506731,35.742024],[139.50857,35.741269],[139.507767,35.740015],[139.508173,35.738392],[139.512636,35.737976],[139.512848,35.741434],[139.513362,35.741425],[139.513008,35.738778],[139.514244,35.738757],[139.514337,35.741419],[139.515281,35.741248],[139.515107,35.739117],[139.521108,35.738952],[139.520168,35.733443],[139.516706,35.730585],[139.517677,35.727445],[139.523331,35.723249],[139.524671,35.719405],[139.508591,35.716364],[139.507821,35.712218],[139.500577,35.712327],[139.4959,35.713164],[139.495397,35.709638],[139.492555,35.710197],[139.491499,35.708039],[139.485719,35.708375],[139.480238,35.714364],[139.478494,35.708701],[139.476586,35.70893],[139.471938,35.711028],[139.472021,35.715384],[139.458666,35.71789],[139.457893,35.720815],[139.435628,35.724756],[139.433583,35.727085],[139.422848,35.730308],[139.423014,35.730726],[139.428677,35.730059],[139.442473,35.736353],[139.445533,35.735034],[139.447096,35.735218],[139.466391,35.744082],[139.471979,35.742406],[139.477263,35.739901],[139.477102,35.737583],[139.478777,35.737208],[139.478827,35.735222],[139.483273,35.735043],[139.483204,35.734538],[139.486223,35.734506],[139.487323,35.740918],[139.485156,35.740887],[139.484719,35.742198],[139.485608,35.742374],[139.485319,35.743299],[139.487531,35.745058],[139.487904,35.744141],[139.489655,35.744851],[139.491134,35.74147],[139.498169,35.744341],[139.498105,35.745858],[139.503796,35.742846],[139.50337,35.741667]]]}},{"type":"Feature","properties":{"N03_007":"13212","N03_001":"東京都","nam_ja":"日野市"},"geometry":{"type":"Polygon","coordinates":[[[139.38391,35.691453],[139.395136,35.68918],[139.410491,35.684154],[139.419001,35.682167],[139.441605,35.659012],[139.442015,35.657961],[139.439199,35.65714],[139.440542,35.656201],[139.439043,35.655602],[139.43834,35.65458],[139.437811,35.650037],[139.43405,35.650856],[139.433093,35.648276],[139.429798,35.647391],[139.430863,35.646309],[139.427707,35.645364],[139.427149,35.643722],[139.41681,35.649051],[139.415004,35.647034],[139.412835,35.6466],[139.410612,35.644923],[139.406404,35.645257],[139.404703,35.643678],[139.399361,35.64119],[139.398398,35.639792],[139.396943,35.639824],[139.39606,35.640504],[139.395003,35.639723],[139.393741,35.640267],[139.39266,35.639465],[139.390263,35.641142],[139.387375,35.64072],[139.384064,35.641348],[139.3819,35.64131],[139.379783,35.639713],[139.378084,35.639323],[139.377181,35.641013],[139.378071,35.641116],[139.378026,35.642304],[139.378698,35.641958],[139.378879,35.643633],[139.376549,35.645403],[139.373713,35.643981],[139.3705,35.643764],[139.365656,35.646218],[139.358149,35.654112],[139.357354,35.655808],[139.358305,35.655759],[139.359453,35.657273],[139.357408,35.660124],[139.358889,35.659359],[139.360846,35.660016],[139.37031,35.66453],[139.370028,35.665081],[139.372425,35.665753],[139.37047,35.668562],[139.373163,35.673453],[139.376502,35.676454],[139.376711,35.678383],[139.375039,35.681909],[139.376013,35.683591],[139.375201,35.685782],[139.377969,35.687673],[139.379643,35.68677],[139.380344,35.687418],[139.376266,35.691631],[139.38391,35.691453]]]}},{"type":"Feature","properties":{"N03_007":"13213","N03_001":"東京都","nam_ja":"東村山市"},"geometry":{"type":"Polygon","coordinates":[[[139.493494,35.7817],[139.496054,35.781436],[139.497583,35.772452],[139.499255,35.771675],[139.501209,35.765629],[139.497201,35.762434],[139.50479,35.761102],[139.494763,35.758286],[139.495232,35.756516],[139.493948,35.755947],[139.493879,35.753824],[139.492256,35.752879],[139.493395,35.751877],[139.490698,35.752057],[139.487415,35.749051],[139.486358,35.748832],[139.486855,35.746465],[139.486428,35.745504],[139.485528,35.745644],[139.484528,35.744376],[139.485733,35.743874],[139.485608,35.742374],[139.484719,35.742198],[139.485156,35.740887],[139.487323,35.740918],[139.486223,35.734506],[139.478827,35.735222],[139.478777,35.737208],[139.477102,35.737583],[139.477263,35.739901],[139.471979,35.742406],[139.466391,35.744082],[139.450988,35.736995],[139.450465,35.737244],[139.45014,35.738893],[139.45154,35.739075],[139.451573,35.741283],[139.450923,35.741283],[139.450694,35.741993],[139.451176,35.746489],[139.450333,35.746441],[139.449935,35.747573],[139.448765,35.747834],[139.448524,35.749097],[139.449143,35.749556],[139.447542,35.749245],[139.446899,35.752036],[139.447526,35.752601],[139.446199,35.755657],[139.444154,35.755747],[139.441831,35.75866],[139.442013,35.759324],[139.440501,35.760275],[139.440907,35.762203],[139.440004,35.763741],[139.440772,35.767002],[139.444968,35.76666],[139.446503,35.768089],[139.45102,35.769326],[139.453192,35.768504],[139.453797,35.769354],[139.455043,35.7696],[139.458058,35.769308],[139.459196,35.772157],[139.46079,35.772574],[139.461338,35.773435],[139.463323,35.772879],[139.464669,35.773719],[139.469846,35.774207],[139.471155,35.773404],[139.472259,35.774326],[139.474073,35.774658],[139.473971,35.775684],[139.476714,35.775332],[139.476944,35.775744],[139.476312,35.776349],[139.475637,35.776168],[139.475348,35.776847],[139.478421,35.778357],[139.479499,35.779937],[139.48252,35.78109],[139.485488,35.780705],[139.488579,35.779388],[139.489697,35.780077],[139.488959,35.779468],[139.489579,35.779147],[139.490243,35.780895],[139.491056,35.780008],[139.493751,35.779581],[139.493494,35.7817]]]}},{"type":"Feature","properties":{"N03_007":"13214","N03_001":"東京都","nam_ja":"国分寺市"},"geometry":{"type":"Polygon","coordinates":[[[139.430318,35.703543],[139.435628,35.703729],[139.434223,35.706575],[139.437313,35.706982],[139.437065,35.707444],[139.43381,35.707204],[139.431763,35.711237],[139.433053,35.71164],[139.431709,35.711649],[139.430643,35.713233],[139.431897,35.713615],[139.431556,35.714241],[139.429747,35.714447],[139.429407,35.715425],[139.432764,35.715865],[139.432451,35.716375],[139.429098,35.71599],[139.428265,35.71736],[139.431361,35.717848],[139.430993,35.718966],[139.433098,35.719298],[139.436552,35.714772],[139.441612,35.715827],[139.443981,35.711704],[139.446122,35.722875],[139.457893,35.720815],[139.458666,35.71789],[139.472021,35.715384],[139.471938,35.711028],[139.476586,35.70893],[139.478494,35.708701],[139.480238,35.714364],[139.487433,35.706456],[139.486588,35.704281],[139.485521,35.704329],[139.484458,35.702255],[139.488812,35.701101],[139.488826,35.700639],[139.490966,35.700581],[139.491394,35.698788],[139.490924,35.697094],[139.489588,35.695451],[139.487911,35.694794],[139.486611,35.69221],[139.484544,35.692092],[139.483526,35.691255],[139.481322,35.691435],[139.481041,35.6907],[139.478217,35.690372],[139.477373,35.68934],[139.473594,35.68908],[139.473313,35.689454],[139.467906,35.688328],[139.467654,35.688811],[139.466542,35.688443],[139.463718,35.689643],[139.466223,35.69039],[139.465891,35.691565],[139.467813,35.692353],[139.466816,35.695335],[139.465294,35.695004],[139.463773,35.695432],[139.463262,35.696955],[139.464033,35.697247],[139.462972,35.699873],[139.460249,35.699849],[139.459556,35.693913],[139.458798,35.69351],[139.459405,35.692387],[139.454704,35.695439],[139.4487,35.700914],[139.444928,35.70025],[139.441616,35.700365],[139.441002,35.701323],[139.433985,35.701006],[139.433523,35.70166],[139.432004,35.701656],[139.430318,35.703543]]]}},{"type":"Feature","properties":{"N03_007":"13215","N03_001":"東京都","nam_ja":"国立市"},"geometry":{"type":"Polygon","coordinates":[[[139.419261,35.681954],[139.417568,35.682616],[139.417648,35.683143],[139.421575,35.688644],[139.422296,35.687751],[139.42539,35.686776],[139.425208,35.687777],[139.426614,35.687998],[139.426315,35.68857],[139.428412,35.69112],[139.431216,35.690281],[139.431051,35.693575],[139.4299,35.693933],[139.431647,35.696937],[139.4274,35.698441],[139.427202,35.699445],[139.429027,35.700412],[139.428782,35.701118],[139.426541,35.699822],[139.425594,35.701883],[139.427273,35.703629],[139.429522,35.704415],[139.432004,35.701656],[139.433523,35.70166],[139.433985,35.701006],[139.441002,35.701323],[139.441616,35.700365],[139.444928,35.70025],[139.4487,35.700914],[139.454704,35.695439],[139.459597,35.692007],[139.457459,35.691937],[139.457108,35.691113],[139.456079,35.691305],[139.455937,35.690411],[139.455041,35.690414],[139.453641,35.687905],[139.45293,35.683557],[139.451572,35.681705],[139.451587,35.679473],[139.452382,35.67865],[139.451288,35.677951],[139.45165,35.676816],[139.450727,35.67665],[139.451109,35.673474],[139.449597,35.67434],[139.45351,35.671604],[139.452772,35.671271],[139.4457,35.673502],[139.444173,35.672588],[139.445145,35.671817],[139.44338,35.672373],[139.440542,35.671683],[139.441967,35.671427],[139.441477,35.670715],[139.437212,35.672149],[139.435914,35.67151],[139.431729,35.672677],[139.429828,35.670818],[139.419261,35.681954]]]}},{"type":"Feature","properties":{"N03_007":"13218","N03_001":"東京都","nam_ja":"福生市"},"geometry":{"type":"Polygon","coordinates":[[[139.324927,35.754845],[139.325527,35.753954],[139.326447,35.754427],[139.327381,35.752924],[139.328916,35.753607],[139.329384,35.752378],[139.331555,35.753114],[139.331934,35.751699],[139.333532,35.751938],[139.333684,35.751072],[139.335776,35.751146],[139.336538,35.751932],[139.337059,35.75131],[139.33776,35.751949],[139.33874,35.75011],[139.342638,35.749844],[139.342329,35.746146],[139.345522,35.747073],[139.352073,35.74124],[139.353335,35.742534],[139.350431,35.745141],[139.350005,35.747701],[139.356046,35.745086],[139.35491,35.742769],[139.358702,35.741126],[139.358403,35.740338],[139.359876,35.739579],[139.358779,35.73872],[139.359007,35.737331],[139.352926,35.736093],[139.353462,35.733058],[139.352329,35.732594],[139.35335,35.727959],[139.354141,35.727963],[139.355302,35.726298],[139.355047,35.725078],[139.352944,35.724837],[139.352979,35.723532],[139.351576,35.722143],[139.346638,35.721658],[139.346276,35.720946],[139.343659,35.721084],[139.343168,35.721572],[139.341619,35.721309],[139.338597,35.718948],[139.339448,35.717389],[139.338862,35.715865],[139.332486,35.712612],[139.332258,35.714008],[139.33123,35.713461],[139.328541,35.723285],[139.328608,35.727671],[139.321988,35.732727],[139.320157,35.733242],[139.316936,35.742863],[139.313868,35.747124],[139.317486,35.749067],[139.3188,35.7507],[139.320941,35.750049],[139.321587,35.750375],[139.321167,35.751696],[139.322843,35.752557],[139.322058,35.753599],[139.324927,35.754845]]]}},{"type":"Feature","properties":{"N03_007":"13219","N03_001":"東京都","nam_ja":"狛江市"},"geometry":{"type":"Polygon","coordinates":[[[139.561971,35.632591],[139.563064,35.636396],[139.563368,35.641371],[139.565868,35.646249],[139.565753,35.64717],[139.568778,35.647477],[139.569668,35.647929],[139.56947,35.649031],[139.57193,35.649441],[139.574322,35.650745],[139.576523,35.650338],[139.577334,35.649235],[139.57892,35.6487],[139.580615,35.649546],[139.580857,35.64916],[139.579101,35.648182],[139.580775,35.647274],[139.582785,35.647257],[139.582299,35.648464],[139.584189,35.648699],[139.584311,35.646845],[139.585579,35.645511],[139.587298,35.646492],[139.587875,35.645723],[139.587095,35.645374],[139.587044,35.643144],[139.584436,35.641144],[139.585597,35.638156],[139.587715,35.635022],[139.589757,35.63442],[139.591406,35.633063],[139.591271,35.631055],[139.592948,35.629427],[139.592383,35.627521],[139.594116,35.626828],[139.592488,35.623802],[139.591396,35.623726],[139.590215,35.624534],[139.589575,35.623814],[139.589333,35.621225],[139.590236,35.618431],[139.584993,35.62102],[139.579732,35.622063],[139.576546,35.621982],[139.572459,35.623682],[139.567928,35.626839],[139.56563,35.627202],[139.56616,35.629544],[139.562657,35.63139],[139.562657,35.632264],[139.561971,35.632591]]]}},{"type":"Feature","properties":{"N03_007":"13220","N03_001":"東京都","nam_ja":"東大和市"},"geometry":{"type":"Polygon","coordinates":[[[139.43963,35.769161],[139.440772,35.767002],[139.440004,35.763741],[139.440907,35.762203],[139.440501,35.760275],[139.442013,35.759324],[139.441831,35.75866],[139.444154,35.755747],[139.446199,35.755657],[139.447526,35.752601],[139.446899,35.752036],[139.447542,35.749245],[139.449143,35.749556],[139.448524,35.749097],[139.448765,35.747834],[139.449935,35.747573],[139.450333,35.746441],[139.451176,35.746489],[139.450694,35.741993],[139.450923,35.741283],[139.451573,35.741283],[139.45154,35.739075],[139.45014,35.738893],[139.450988,35.736995],[139.446124,35.734973],[139.442473,35.736353],[139.428354,35.730013],[139.426438,35.73017],[139.426682,35.731483],[139.423201,35.731073],[139.414516,35.732794],[139.413569,35.736433],[139.412678,35.736359],[139.412745,35.73696],[139.41116,35.737392],[139.412454,35.738991],[139.410719,35.74185],[139.410625,35.747762],[139.407354,35.748735],[139.407489,35.75322],[139.409585,35.756753],[139.408394,35.75996],[139.404974,35.762076],[139.402608,35.761081],[139.396331,35.762792],[139.393005,35.762249],[139.391685,35.763354],[139.398242,35.764298],[139.400474,35.768034],[139.40459,35.769144],[139.412861,35.76809],[139.415903,35.766275],[139.418849,35.765916],[139.420212,35.76605],[139.422212,35.767803],[139.427623,35.766446],[139.429169,35.766975],[139.432051,35.766376],[139.43322,35.767346],[139.436099,35.767148],[139.437997,35.767747],[139.43848,35.768541],[139.437982,35.76915],[139.438656,35.769589],[139.43963,35.769161]]]}},{"type":"Feature","properties":{"N03_007":"13221","N03_001":"東京都","nam_ja":"清瀬市"},"geometry":{"type":"Polygon","coordinates":[[[139.540235,35.794048],[139.537331,35.791502],[139.537579,35.790759],[139.540773,35.789855],[139.543793,35.788194],[139.543739,35.782078],[139.542643,35.779545],[139.53977,35.778335],[139.539872,35.777782],[139.537494,35.776879],[139.535954,35.775178],[139.533372,35.773779],[139.530747,35.773226],[139.528081,35.773437],[139.528446,35.773044],[139.526346,35.771616],[139.525952,35.77214],[139.522816,35.771893],[139.516267,35.765457],[139.508588,35.762047],[139.50479,35.761102],[139.497201,35.762434],[139.501209,35.765629],[139.50029,35.769537],[139.498757,35.772325],[139.497685,35.772147],[139.496684,35.775586],[139.496779,35.7787],[139.498031,35.781208],[139.499381,35.782173],[139.50434,35.783134],[139.506703,35.78277],[139.508463,35.784659],[139.512561,35.785358],[139.51404,35.788501],[139.51684,35.788953],[139.520283,35.78837],[139.522558,35.78923],[139.523721,35.790326],[139.523108,35.79171],[139.525325,35.791812],[139.52817,35.79324],[139.531767,35.796835],[139.53686,35.803943],[139.542235,35.807234],[139.544292,35.806636],[139.545259,35.804576],[139.546994,35.80328],[139.547083,35.801653],[139.544786,35.796758],[139.540235,35.794048]]]}},{"type":"Feature","properties":{"N03_007":"13222","N03_001":"東京都","nam_ja":"東久留米市"},"geometry":{"type":"Polygon","coordinates":[[[139.546971,35.769072],[139.547636,35.766172],[139.546688,35.762692],[139.54698,35.760303],[139.544774,35.756795],[139.544584,35.754761],[139.533198,35.744642],[139.52842,35.744724],[139.527172,35.743653],[139.531318,35.740266],[139.520168,35.733443],[139.521108,35.738952],[139.515107,35.739117],[139.515227,35.741281],[139.514337,35.741419],[139.514244,35.738757],[139.513008,35.738778],[139.513362,35.741425],[139.512848,35.741434],[139.512636,35.737976],[139.508173,35.738392],[139.507767,35.740015],[139.50857,35.741269],[139.506731,35.742024],[139.505665,35.740295],[139.506753,35.739996],[139.505606,35.732056],[139.504441,35.732201],[139.504779,35.736654],[139.503959,35.736746],[139.504723,35.741026],[139.503284,35.741414],[139.503796,35.742846],[139.498105,35.745858],[139.498169,35.744341],[139.491134,35.74147],[139.489556,35.74492],[139.487904,35.744141],[139.487531,35.745058],[139.485442,35.743724],[139.484528,35.744376],[139.485528,35.745644],[139.486428,35.745504],[139.486855,35.746465],[139.486417,35.748884],[139.487415,35.749051],[139.490698,35.752057],[139.493395,35.751877],[139.492256,35.752879],[139.493879,35.753824],[139.493948,35.755947],[139.495232,35.756516],[139.494763,35.758286],[139.497084,35.759302],[139.508588,35.762047],[139.521378,35.76757],[139.530302,35.768349],[139.547663,35.774228],[139.546971,35.769072]]]}},{"type":"Feature","properties":{"N03_007":"13223","N03_001":"東京都","nam_ja":"武蔵村山市"},"geometry":{"type":"Polygon","coordinates":[[[139.37091,35.771434],[139.373262,35.77133],[139.373267,35.768817],[139.374748,35.770051],[139.374459,35.767142],[139.375671,35.769926],[139.379026,35.771197],[139.379693,35.767209],[139.380977,35.765937],[139.385069,35.765229],[139.389602,35.767136],[139.391661,35.767409],[139.390474,35.763894],[139.39271,35.762329],[139.396331,35.762792],[139.402608,35.761081],[139.404974,35.762076],[139.407539,35.760849],[139.409587,35.756888],[139.407489,35.75322],[139.407354,35.748735],[139.410625,35.747762],[139.410719,35.74185],[139.412454,35.738991],[139.41116,35.737392],[139.412745,35.73696],[139.412678,35.736359],[139.413569,35.736433],[139.414416,35.733028],[139.409457,35.732594],[139.408822,35.733625],[139.409264,35.734086],[139.406936,35.733614],[139.402374,35.734003],[139.402,35.73339],[139.400775,35.733482],[139.399946,35.734895],[139.399111,35.735011],[139.39531,35.733503],[139.388068,35.739383],[139.387311,35.739086],[139.387071,35.741205],[139.383631,35.743822],[139.38369,35.745135],[139.383341,35.742661],[139.384901,35.741515],[139.384825,35.737876],[139.387289,35.737046],[139.391146,35.73339],[139.388527,35.733666],[139.38386,35.735523],[139.384402,35.733724],[139.383496,35.733034],[139.381162,35.734863],[139.378478,35.733515],[139.377962,35.735093],[139.375377,35.736146],[139.370274,35.737356],[139.369466,35.735877],[139.365463,35.739064],[139.359876,35.739579],[139.358403,35.740338],[139.358702,35.741126],[139.35491,35.742769],[139.356046,35.745086],[139.354665,35.745599],[139.356424,35.746765],[139.356046,35.747281],[139.355377,35.747008],[139.35536,35.748218],[139.356608,35.750785],[139.357903,35.750116],[139.357507,35.753635],[139.358359,35.753281],[139.359016,35.754491],[139.356799,35.755819],[139.358629,35.755792],[139.358149,35.756479],[139.358917,35.756976],[139.358824,35.757928],[139.360191,35.758698],[139.360871,35.760241],[139.362343,35.759854],[139.362624,35.760229],[139.360951,35.761103],[139.361263,35.761441],[139.362708,35.760754],[139.363789,35.76094],[139.362052,35.762069],[139.363801,35.764043],[139.365125,35.763754],[139.364107,35.764456],[139.3656,35.766215],[139.365595,35.767436],[139.367382,35.767799],[139.367132,35.768715],[139.367754,35.768957],[139.367121,35.769255],[139.368488,35.770646],[139.367819,35.772923],[139.368335,35.77436],[139.369948,35.773357],[139.369996,35.772037],[139.37091,35.771434]],[[139.356357,35.744976],[139.357756,35.744448],[139.358231,35.745372],[139.356833,35.745889],[139.356357,35.744976]]]}},{"type":"Feature","properties":{"N03_007":"13224","N03_001":"東京都","nam_ja":"多摩市"},"geometry":{"type":"Polygon","coordinates":[[[139.393901,35.608189],[139.393666,35.608627],[139.398527,35.611955],[139.398668,35.612862],[139.400819,35.614562],[139.401254,35.616319],[139.40286,35.61773],[139.404547,35.62069],[139.407388,35.621344],[139.407869,35.622604],[139.411791,35.62435],[139.413191,35.625617],[139.415408,35.625509],[139.41733,35.626965],[139.418967,35.62696],[139.418722,35.627774],[139.419841,35.628598],[139.42193,35.6286],[139.421484,35.629066],[139.422515,35.629596],[139.425016,35.629862],[139.426675,35.63091],[139.426924,35.63196],[139.429975,35.632147],[139.428965,35.634647],[139.429329,35.63511],[139.428519,35.635186],[139.426906,35.636784],[139.426797,35.637979],[139.423982,35.639448],[139.42274,35.64114],[139.420277,35.641979],[139.42025,35.643081],[139.417722,35.643117],[139.415573,35.645161],[139.414952,35.646889],[139.41681,35.649051],[139.420974,35.646994],[139.421415,35.646262],[139.424618,35.645352],[139.427273,35.643748],[139.427707,35.645364],[139.430863,35.646309],[139.429798,35.647391],[139.433093,35.648276],[139.43405,35.650856],[139.437811,35.650037],[139.43834,35.65458],[139.439043,35.655602],[139.440542,35.656201],[139.439199,35.65714],[139.441851,35.65796],[139.467882,35.651208],[139.47255,35.649281],[139.473807,35.649334],[139.473849,35.646845],[139.47237,35.646602],[139.46878,35.644564],[139.46901,35.640162],[139.47159,35.633515],[139.46989,35.632451],[139.468772,35.633009],[139.468576,35.631642],[139.464526,35.629621],[139.465206,35.628739],[139.464158,35.624514],[139.462164,35.624877],[139.460736,35.622161],[139.455161,35.61809],[139.453017,35.618558],[139.452414,35.615783],[139.451302,35.614892],[139.450719,35.613184],[139.447656,35.610877],[139.445935,35.608705],[139.444331,35.609421],[139.443951,35.608995],[139.439429,35.609531],[139.438855,35.610077],[139.436178,35.606641],[139.434484,35.606077],[139.434284,35.604698],[139.433867,35.605866],[139.428442,35.608155],[139.42817,35.606135],[139.426222,35.605441],[139.424592,35.606955],[139.423111,35.606635],[139.422159,35.608414],[139.420536,35.609781],[139.417998,35.61034],[139.417043,35.611787],[139.415605,35.612168],[139.414152,35.611647],[139.412703,35.61228],[139.410498,35.610096],[139.408158,35.611016],[139.407934,35.612044],[139.401479,35.608651],[139.400691,35.61045],[139.398583,35.610437],[139.396638,35.609627],[139.395644,35.608209],[139.393901,35.608189]]]}},{"type":"Feature","properties":{"N03_007":"13225","N03_001":"東京都","nam_ja":"稲城市"},"geometry":{"type":"MultiPolygon","coordinates":[[[[139.489018,35.6515],[139.491625,35.65209],[139.498982,35.651536],[139.50147,35.650517],[139.50132,35.649185],[139.50215,35.649102],[139.503319,35.650033],[139.506798,35.650879],[139.512284,35.651162],[139.517403,35.649012],[139.525389,35.642648],[139.524283,35.641528],[139.523392,35.63882],[139.522107,35.637545],[139.520963,35.637632],[139.523492,35.632394],[139.517273,35.630516],[139.516075,35.625619],[139.510404,35.62335],[139.50929,35.624104],[139.506078,35.622824],[139.503419,35.622862],[139.499403,35.620399],[139.497898,35.618319],[139.494678,35.617286],[139.494364,35.615697],[139.495277,35.613249],[139.499816,35.607649],[139.499765,35.605467],[139.497575,35.604869],[139.493636,35.605824],[139.489586,35.604312],[139.487906,35.60769],[139.486551,35.608434],[139.483257,35.608708],[139.481119,35.610226],[139.479659,35.613264],[139.478145,35.613762],[139.476953,35.613022],[139.476044,35.61324],[139.476744,35.615047],[139.475987,35.617625],[139.476325,35.61863],[139.475467,35.619701],[139.467588,35.620634],[139.465864,35.622376],[139.465459,35.623976],[139.464158,35.624514],[139.465206,35.628739],[139.464526,35.629621],[139.468576,35.631642],[139.468772,35.633009],[139.46989,35.632451],[139.47159,35.633515],[139.46901,35.640162],[139.46878,35.644564],[139.47237,35.646602],[139.473849,35.646845],[139.473866,35.65067],[139.479246,35.651977],[139.486128,35.652677],[139.489018,35.6515]]],[[[139.517403,35.629884],[139.518181,35.62921],[139.517051,35.629479],[139.517403,35.629884]]]]}},{"type":"Feature","properties":{"N03_007":"13227","N03_001":"東京都","nam_ja":"羽村市"},"geometry":{"type":"Polygon","coordinates":[[[139.300782,35.77997],[139.301945,35.779895],[139.303319,35.778134],[139.306065,35.777826],[139.306896,35.776669],[139.308022,35.777234],[139.309187,35.775706],[139.31137,35.776762],[139.312281,35.775525],[139.31844,35.778411],[139.320686,35.776808],[139.321073,35.77722],[139.328786,35.771338],[139.331517,35.77292],[139.332806,35.771035],[139.333641,35.770951],[139.333192,35.767603],[139.336426,35.766044],[139.335013,35.765985],[139.335408,35.765091],[139.334785,35.764926],[139.336283,35.763754],[139.335285,35.763231],[139.336115,35.762447],[139.335844,35.759294],[139.338454,35.75687],[139.338391,35.755509],[139.339166,35.755455],[139.33932,35.754431],[139.340363,35.753725],[139.342203,35.754217],[139.343013,35.753837],[139.342638,35.749844],[139.33874,35.75011],[139.33776,35.751949],[139.337059,35.75131],[139.336538,35.751932],[139.335776,35.751146],[139.333684,35.751072],[139.333532,35.751938],[139.331934,35.751699],[139.331555,35.753114],[139.329384,35.752378],[139.328916,35.753607],[139.327381,35.752924],[139.326447,35.754427],[139.325527,35.753954],[139.324927,35.754845],[139.322058,35.753599],[139.322843,35.752557],[139.321167,35.751696],[139.321587,35.750375],[139.320941,35.750049],[139.3188,35.7507],[139.317486,35.749067],[139.313868,35.747124],[139.310337,35.751158],[139.307213,35.752106],[139.302606,35.755198],[139.296542,35.754545],[139.297442,35.760081],[139.296555,35.762934],[139.296693,35.76605],[139.295113,35.769994],[139.292786,35.772505],[139.292133,35.775342],[139.295503,35.777656],[139.298119,35.781166],[139.2999,35.781159],[139.300782,35.77997]]]}},{"type":"Feature","properties":{"N03_007":"13228","N03_001":"東京都","nam_ja":"あきる野市"},"geometry":{"type":"Polygon","coordinates":[[[139.151676,35.776679],[139.154039,35.773381],[139.156034,35.77373],[139.157738,35.773171],[139.158453,35.774365],[139.157932,35.77575],[139.158373,35.777743],[139.161215,35.777064],[139.163044,35.778245],[139.166603,35.775542],[139.167101,35.77605],[139.177055,35.77077],[139.178985,35.770353],[139.180825,35.768322],[139.180337,35.765484],[139.181483,35.762896],[139.185419,35.762457],[139.187521,35.761115],[139.189187,35.76225],[139.193674,35.760766],[139.197972,35.757746],[139.200026,35.758062],[139.20433,35.755793],[139.205083,35.753796],[139.20639,35.753745],[139.209005,35.752205],[139.212761,35.752048],[139.212388,35.748443],[139.214775,35.746676],[139.214997,35.744894],[139.215672,35.744413],[139.218586,35.744438],[139.2206,35.743064],[139.221882,35.743223],[139.223611,35.741286],[139.225345,35.740891],[139.226476,35.739915],[139.228222,35.740124],[139.229072,35.739477],[139.232623,35.738895],[139.239524,35.739771],[139.24014,35.739101],[139.243217,35.739026],[139.244101,35.738766],[139.245429,35.736634],[139.250629,35.736431],[139.25147,35.735824],[139.252945,35.736356],[139.258079,35.735344],[139.258025,35.734494],[139.261899,35.733781],[139.26292,35.732383],[139.278145,35.733666],[139.283648,35.731356],[139.284432,35.732238],[139.283647,35.737693],[139.284654,35.740589],[139.282786,35.740414],[139.279306,35.742113],[139.279235,35.743273],[139.279968,35.743321],[139.280472,35.744376],[139.280674,35.747084],[139.279894,35.749346],[139.278503,35.749774],[139.277614,35.752291],[139.275464,35.753626],[139.269649,35.753477],[139.267563,35.754838],[139.26185,35.755588],[139.255859,35.759387],[139.255864,35.760234],[139.256865,35.760708],[139.261527,35.759832],[139.263515,35.759969],[139.264275,35.760552],[139.266904,35.759975],[139.269323,35.76113],[139.274432,35.760899],[139.276323,35.761684],[139.287727,35.760919],[139.288143,35.759614],[139.290091,35.760073],[139.290774,35.759584],[139.291382,35.7584],[139.293546,35.757068],[139.294336,35.755361],[139.296756,35.754432],[139.302606,35.755198],[139.307213,35.752106],[139.309991,35.751391],[139.311383,35.750267],[139.316789,35.743168],[139.320157,35.733242],[139.321988,35.732727],[139.328608,35.727671],[139.328451,35.723698],[139.33123,35.713461],[139.329087,35.712308],[139.329058,35.710033],[139.327638,35.710396],[139.322937,35.71628],[139.319485,35.71912],[139.316112,35.714327],[139.313593,35.713951],[139.308496,35.715886],[139.308005,35.714508],[139.306436,35.713406],[139.306441,35.712598],[139.304541,35.711469],[139.303501,35.712395],[139.304048,35.713875],[139.301352,35.711774],[139.295925,35.71145],[139.294118,35.713413],[139.28538,35.713352],[139.283484,35.712753],[139.281852,35.713644],[139.276807,35.713971],[139.273911,35.715008],[139.271983,35.714525],[139.271787,35.711697],[139.268807,35.709963],[139.267195,35.710317],[139.265423,35.709792],[139.260862,35.710441],[139.258107,35.712243],[139.255379,35.712686],[139.251946,35.712262],[139.24963,35.710493],[139.246199,35.71103],[139.245123,35.713339],[139.243209,35.712491],[139.240652,35.714201],[139.237496,35.713236],[139.235621,35.71484],[139.234787,35.714424],[139.232943,35.715354],[139.230052,35.71537],[139.228857,35.716284],[139.226064,35.715904],[139.223448,35.716639],[139.222001,35.716199],[139.218878,35.716913],[139.217245,35.718868],[139.212857,35.715172],[139.206458,35.712425],[139.205378,35.708349],[139.204438,35.707147],[139.204371,35.704801],[139.205348,35.703202],[139.204924,35.699842],[139.203426,35.699177],[139.200493,35.699153],[139.200139,35.698286],[139.200769,35.696663],[139.200162,35.690134],[139.19939,35.688246],[139.198461,35.687837],[139.197756,35.688584],[139.195533,35.688424],[139.193368,35.689078],[139.191808,35.687972],[139.189706,35.687594],[139.18433,35.689068],[139.181987,35.688059],[139.178788,35.689241],[139.171096,35.688813],[139.16956,35.690048],[139.172274,35.693619],[139.172256,35.701483],[139.165312,35.706275],[139.165122,35.711275],[139.166441,35.714057],[139.16572,35.718504],[139.166758,35.719619],[139.166384,35.720294],[139.167271,35.721933],[139.166944,35.722802],[139.165494,35.722576],[139.165347,35.727105],[139.166238,35.729303],[139.164911,35.730412],[139.164319,35.732492],[139.165869,35.736091],[139.164522,35.73776],[139.164102,35.741327],[139.156431,35.744806],[139.155898,35.746824],[139.153943,35.748694],[139.153983,35.7501],[139.149344,35.754247],[139.147397,35.754029],[139.144116,35.755389],[139.140634,35.755525],[139.139929,35.757637],[139.140489,35.759116],[139.142184,35.759979],[139.144647,35.760207],[139.147212,35.762132],[139.143713,35.766166],[139.13914,35.768005],[139.136095,35.770256],[139.137638,35.772432],[139.139383,35.772054],[139.140995,35.774213],[139.142276,35.774831],[139.142857,35.776406],[139.144746,35.776946],[139.146379,35.77537],[139.148242,35.775291],[139.148719,35.778922],[139.151676,35.776679]]]}},{"type":"Feature","properties":{"N03_007":"13229","N03_001":"東京都","nam_ja":"西東京市"},"geometry":{"type":"Polygon","coordinates":[[[139.563779,35.761397],[139.566046,35.757553],[139.566385,35.756033],[139.56777,35.755066],[139.567697,35.753224],[139.569011,35.751922],[139.569276,35.74999],[139.567795,35.750061],[139.568831,35.747589],[139.566765,35.747431],[139.568164,35.742759],[139.568252,35.73808],[139.56733,35.736361],[139.569424,35.734156],[139.566083,35.727325],[139.565258,35.724268],[139.56564,35.721657],[139.558964,35.721953],[139.555249,35.721043],[139.549406,35.716919],[139.537361,35.71132],[139.529423,35.712793],[139.530001,35.717501],[139.526913,35.718514],[139.526451,35.717283],[139.522923,35.717638],[139.523147,35.719066],[139.524671,35.719405],[139.523331,35.723249],[139.517677,35.727445],[139.516706,35.730585],[139.521102,35.734118],[139.531318,35.740266],[139.527172,35.743653],[139.52842,35.744724],[139.533198,35.744642],[139.544584,35.754761],[139.546779,35.755089],[139.547158,35.753384],[139.550061,35.754375],[139.550003,35.755264],[139.551505,35.755249],[139.552045,35.755964],[139.555246,35.755736],[139.556151,35.758883],[139.557784,35.759583],[139.55987,35.759204],[139.561834,35.759603],[139.561805,35.761074],[139.562786,35.761595],[139.563779,35.761397]]]}},{"type":"Feature","properties":{"N03_007":"13303","N03_001":"東京都","nam_ja":"瑞穂町"},"geometry":{"type":"MultiPolygon","coordinates":[[[[139.357756,35.744448],[139.356357,35.744976],[139.356833,35.745889],[139.358231,35.745372],[139.357756,35.744448]]],[[[139.350161,35.793638],[139.352713,35.793497],[139.353487,35.792874],[139.354918,35.793718],[139.356655,35.793477],[139.358575,35.792976],[139.358893,35.791931],[139.359842,35.791622],[139.369921,35.791727],[139.370258,35.790903],[139.368714,35.790289],[139.369869,35.787607],[139.367827,35.787041],[139.368154,35.786058],[139.367194,35.785602],[139.367672,35.784157],[139.369895,35.782615],[139.369911,35.781542],[139.371449,35.781601],[139.371729,35.780393],[139.373008,35.779716],[139.370268,35.778288],[139.375521,35.780459],[139.379934,35.778907],[139.380004,35.776926],[139.381544,35.777028],[139.381514,35.774362],[139.380341,35.773305],[139.380015,35.771988],[139.377662,35.770447],[139.375671,35.769926],[139.374528,35.767146],[139.374748,35.770051],[139.373267,35.768817],[139.373262,35.77133],[139.37091,35.771434],[139.369996,35.772037],[139.369948,35.773357],[139.368224,35.774231],[139.367819,35.772923],[139.368488,35.770646],[139.367121,35.769255],[139.367754,35.768957],[139.367132,35.768715],[139.367382,35.767799],[139.365595,35.767436],[139.3656,35.766215],[139.364107,35.764456],[139.365125,35.763754],[139.363801,35.764043],[139.362052,35.762069],[139.363789,35.76094],[139.362708,35.760754],[139.361263,35.761441],[139.360951,35.761103],[139.362624,35.760229],[139.362343,35.759854],[139.360871,35.760241],[139.360191,35.758698],[139.358824,35.757928],[139.358917,35.756976],[139.358149,35.756479],[139.358629,35.755792],[139.356633,35.755466],[139.359016,35.754491],[139.358359,35.753281],[139.357507,35.753635],[139.357903,35.750116],[139.356608,35.750785],[139.35536,35.748218],[139.355377,35.747008],[139.356208,35.747199],[139.356315,35.74644],[139.354665,35.745599],[139.349901,35.747725],[139.350431,35.745141],[139.353335,35.742534],[139.352073,35.74124],[139.345522,35.747073],[139.342329,35.746146],[139.343068,35.753699],[139.342203,35.754217],[139.340363,35.753725],[139.33932,35.754431],[139.339166,35.755455],[139.338391,35.755509],[139.338454,35.75687],[139.335844,35.759294],[139.336115,35.762447],[139.335285,35.763231],[139.336283,35.763754],[139.334785,35.764926],[139.335408,35.765091],[139.335013,35.765985],[139.336426,35.766044],[139.333192,35.767603],[139.333641,35.770951],[139.332806,35.771035],[139.331517,35.77292],[139.328786,35.771338],[139.321073,35.77722],[139.32412,35.781084],[139.32066,35.783363],[139.320786,35.788299],[139.317972,35.789415],[139.32058,35.789909],[139.322009,35.788511],[139.322759,35.786306],[139.323801,35.786675],[139.32365,35.7875],[139.321218,35.789595],[139.322049,35.789782],[139.326264,35.787031],[139.330071,35.790612],[139.328483,35.791769],[139.330366,35.793617],[139.332783,35.79189],[139.334879,35.793699],[139.338499,35.794594],[139.34288,35.794026],[139.346859,35.796413],[139.347868,35.795246],[139.349709,35.794907],[139.350161,35.793638]]]]}},{"type":"Feature","properties":{"N03_007":"13305","N03_001":"東京都","nam_ja":"日の出町"},"geometry":{"type":"Polygon","coordinates":[[[139.192215,35.78919],[139.194304,35.787377],[139.198345,35.786377],[139.198896,35.784451],[139.200531,35.783849],[139.203572,35.780158],[139.204883,35.779732],[139.205673,35.778292],[139.206439,35.778435],[139.209377,35.775866],[139.209314,35.774603],[139.21053,35.773178],[139.21434,35.774086],[139.216885,35.772811],[139.220852,35.774034],[139.222584,35.772446],[139.224142,35.772883],[139.225933,35.771862],[139.227441,35.772023],[139.228289,35.770809],[139.230781,35.769974],[139.232103,35.768757],[139.233744,35.768618],[139.235363,35.769374],[139.23812,35.768624],[139.238308,35.767009],[139.242641,35.766808],[139.245628,35.767395],[139.249452,35.766601],[139.251913,35.764482],[139.254295,35.764026],[139.255257,35.761957],[139.256238,35.761887],[139.256944,35.761006],[139.255864,35.760234],[139.255859,35.759387],[139.26185,35.755588],[139.267563,35.754838],[139.269649,35.753477],[139.273441,35.753914],[139.275573,35.753581],[139.277614,35.752291],[139.278503,35.749774],[139.279894,35.749346],[139.280631,35.747314],[139.280554,35.74468],[139.279968,35.743321],[139.279235,35.743273],[139.279306,35.742113],[139.282786,35.740414],[139.284654,35.740589],[139.283647,35.737693],[139.284415,35.732596],[139.28401,35.731547],[139.278145,35.733666],[139.26292,35.732383],[139.261899,35.733781],[139.258025,35.734494],[139.258079,35.735344],[139.252945,35.736356],[139.25147,35.735824],[139.250629,35.736431],[139.245429,35.736634],[139.244101,35.738766],[139.243217,35.739026],[139.24014,35.739101],[139.239524,35.739771],[139.232623,35.738895],[139.229072,35.739477],[139.228222,35.740124],[139.226287,35.739973],[139.225345,35.740891],[139.223611,35.741286],[139.221882,35.743223],[139.2206,35.743064],[139.218586,35.744438],[139.215131,35.744744],[139.214775,35.746676],[139.212388,35.748443],[139.212585,35.752153],[139.211006,35.751793],[139.209005,35.752205],[139.20639,35.753745],[139.205083,35.753796],[139.20433,35.755793],[139.200026,35.758062],[139.197972,35.757746],[139.193674,35.760766],[139.189187,35.76225],[139.187521,35.761115],[139.185419,35.762457],[139.181483,35.762896],[139.180337,35.765484],[139.180825,35.768322],[139.178985,35.770353],[139.177055,35.77077],[139.167101,35.77605],[139.166603,35.775542],[139.163044,35.778245],[139.165676,35.779564],[139.166569,35.780922],[139.171926,35.782112],[139.175619,35.784863],[139.18153,35.7875],[139.186184,35.787784],[139.188863,35.789092],[139.1912,35.788679],[139.192215,35.78919]]]}},{"type":"Feature","properties":{"N03_007":"13307","N03_001":"東京都","nam_ja":"檜原村"},"geometry":{"type":"Polygon","coordinates":[[[139.105597,35.779123],[139.107543,35.776839],[139.113841,35.773851],[139.116784,35.771567],[139.118157,35.77144],[139.121153,35.769561],[139.122783,35.769511],[139.125247,35.767538],[139.128213,35.766981],[139.130669,35.765116],[139.132657,35.766231],[139.136095,35.770256],[139.13914,35.768005],[139.143495,35.766321],[139.14722,35.762045],[139.144647,35.760207],[139.142184,35.759979],[139.140489,35.759116],[139.139929,35.757637],[139.140448,35.75573],[139.144527,35.755295],[139.147397,35.754029],[139.149344,35.754247],[139.153983,35.7501],[139.153943,35.748694],[139.155898,35.746824],[139.156431,35.744806],[139.164102,35.741327],[139.164522,35.73776],[139.165869,35.736091],[139.164319,35.732492],[139.164911,35.730412],[139.166238,35.729303],[139.165347,35.727105],[139.165494,35.722576],[139.166944,35.722802],[139.167271,35.721933],[139.166384,35.720294],[139.166758,35.719619],[139.16572,35.718504],[139.166441,35.714057],[139.165122,35.711275],[139.165312,35.706275],[139.167958,35.704065],[139.17032,35.703236],[139.172346,35.701195],[139.172274,35.693619],[139.16956,35.690048],[139.171644,35.688354],[139.171138,35.685888],[139.171767,35.684065],[139.170799,35.683474],[139.169978,35.680051],[139.167947,35.676835],[139.166011,35.6752],[139.164617,35.67016],[139.161851,35.667997],[139.157081,35.66646],[139.153598,35.666022],[139.151396,35.666717],[139.14716,35.666817],[139.143148,35.669032],[139.142788,35.670008],[139.138931,35.670544],[139.136731,35.672412],[139.133515,35.672897],[139.131093,35.67201],[139.127741,35.676252],[139.124826,35.677714],[139.123325,35.677517],[139.119516,35.680303],[139.116486,35.683825],[139.112615,35.684964],[139.108263,35.689742],[139.105859,35.69098],[139.097408,35.692332],[139.095707,35.691118],[139.09311,35.691514],[139.092107,35.690553],[139.087671,35.691803],[139.085789,35.693083],[139.084395,35.693077],[139.082015,35.695553],[139.078162,35.695709],[139.076323,35.694886],[139.074808,35.695559],[139.072206,35.69536],[139.070607,35.697626],[139.066736,35.698402],[139.065306,35.697836],[139.062721,35.700727],[139.052088,35.704833],[139.050682,35.707369],[139.048422,35.708006],[139.047376,35.70925],[139.043619,35.70952],[139.039033,35.711125],[139.034778,35.714959],[139.03235,35.716215],[139.029735,35.716413],[139.025468,35.719154],[139.022083,35.722659],[139.022065,35.724804],[139.020899,35.727281],[139.01793,35.731218],[139.014979,35.733234],[139.012911,35.736878],[139.012562,35.738995],[139.014623,35.738579],[139.01756,35.739675],[139.021886,35.740187],[139.026815,35.742163],[139.028186,35.744512],[139.031759,35.744329],[139.034875,35.742391],[139.039869,35.744511],[139.041412,35.746177],[139.039686,35.750414],[139.042697,35.755108],[139.042924,35.757613],[139.045791,35.758048],[139.048196,35.759882],[139.054325,35.759864],[139.057757,35.764175],[139.060948,35.764103],[139.063615,35.765603],[139.066811,35.765785],[139.073278,35.769731],[139.075029,35.771995],[139.081715,35.76989],[139.086777,35.771244],[139.088474,35.770189],[139.093214,35.769892],[139.094753,35.771259],[139.09539,35.774722],[139.096621,35.775918],[139.102536,35.778498],[139.105597,35.779123]]]}},{"type":"Feature","properties":{"N03_007":"13308","N03_001":"東京都","nam_ja":"奥多摩町"},"geometry":{"type":"Polygon","coordinates":[[[139.019117,35.898264],[139.020892,35.897158],[139.024007,35.897294],[139.025446,35.895528],[139.02933,35.892908],[139.037415,35.889217],[139.040349,35.886307],[139.042871,35.885601],[139.047294,35.881497],[139.048327,35.881209],[139.049842,35.878833],[139.05539,35.877477],[139.057969,35.877441],[139.059315,35.874898],[139.061632,35.873629],[139.070072,35.871577],[139.072055,35.87158],[139.076555,35.875022],[139.078671,35.875387],[139.082272,35.87494],[139.083993,35.87343],[139.089228,35.871034],[139.091657,35.869034],[139.094496,35.869506],[139.099091,35.868674],[139.101372,35.865691],[139.102677,35.866579],[139.109669,35.865707],[139.111734,35.86468],[139.114446,35.865369],[139.115772,35.864465],[139.11927,35.864291],[139.126084,35.865037],[139.127415,35.865638],[139.129197,35.865561],[139.131888,35.864429],[139.135361,35.865387],[139.14176,35.863263],[139.147647,35.862682],[139.153299,35.859325],[139.159401,35.857065],[139.162154,35.852108],[139.163531,35.850868],[139.16268,35.84906],[139.166419,35.844569],[139.166118,35.842972],[139.169709,35.840414],[139.171999,35.839958],[139.173272,35.838279],[139.174337,35.837924],[139.17495,35.836308],[139.177417,35.835053],[139.176892,35.833086],[139.178431,35.830589],[139.175234,35.826939],[139.177412,35.82019],[139.174209,35.812827],[139.17569,35.807078],[139.173579,35.806755],[139.171665,35.805094],[139.171454,35.803472],[139.167321,35.801725],[139.164816,35.8016],[139.159141,35.798428],[139.156305,35.798625],[139.14982,35.796378],[139.146779,35.792631],[139.14774,35.790668],[139.146626,35.787685],[139.147418,35.78608],[139.146479,35.785755],[139.147812,35.781991],[139.142726,35.781025],[139.140485,35.778995],[139.137355,35.778311],[139.137638,35.772432],[139.132795,35.766366],[139.130751,35.765116],[139.128213,35.766981],[139.125247,35.767538],[139.122964,35.769425],[139.121153,35.769561],[139.118157,35.77144],[139.116784,35.771567],[139.113841,35.773851],[139.109716,35.775515],[139.107543,35.776839],[139.105851,35.779113],[139.103366,35.778698],[139.096621,35.775918],[139.09539,35.774722],[139.094753,35.771259],[139.093214,35.769892],[139.088474,35.770189],[139.086777,35.771244],[139.081715,35.76989],[139.075029,35.771995],[139.073278,35.769731],[139.066811,35.765785],[139.063615,35.765603],[139.060948,35.764103],[139.057757,35.764175],[139.054325,35.759864],[139.048196,35.759882],[139.045791,35.758048],[139.042924,35.757613],[139.042697,35.755108],[139.039686,35.750414],[139.041412,35.746177],[139.039869,35.744511],[139.034875,35.742391],[139.031759,35.744329],[139.028186,35.744512],[139.026605,35.74206],[139.021886,35.740187],[139.01756,35.739675],[139.014623,35.738579],[139.013589,35.73914],[139.011881,35.738863],[139.010389,35.742292],[139.005183,35.748959],[139.005155,35.750452],[139.000383,35.750486],[138.997218,35.751978],[138.995611,35.753768],[138.992432,35.755518],[138.992752,35.757583],[138.991096,35.75936],[138.989362,35.76349],[138.984397,35.767765],[138.983773,35.769475],[138.983665,35.772231],[138.985254,35.774209],[138.986705,35.780895],[138.986084,35.781516],[138.986355,35.782363],[138.984689,35.783836],[138.984975,35.785425],[138.981877,35.787076],[138.97952,35.787088],[138.976876,35.789029],[138.976065,35.791692],[138.977105,35.792752],[138.974679,35.794894],[138.973586,35.797577],[138.971369,35.800058],[138.971402,35.803076],[138.970211,35.80502],[138.970856,35.809446],[138.972234,35.811524],[138.971849,35.81438],[138.969629,35.816214],[138.969729,35.82451],[138.970479,35.827357],[138.969766,35.831225],[138.964254,35.829382],[138.962195,35.829608],[138.961388,35.830656],[138.959076,35.831544],[138.95832,35.83291],[138.953262,35.836517],[138.949119,35.840471],[138.947323,35.843179],[138.948548,35.849544],[138.94612,35.853728],[138.943933,35.854819],[138.942868,35.860162],[138.946584,35.864472],[138.945261,35.868119],[138.949931,35.869486],[138.955234,35.875305],[138.965204,35.877786],[138.966655,35.879367],[138.967584,35.882026],[138.973034,35.88212],[138.978928,35.885011],[138.985564,35.881166],[138.988751,35.881147],[138.994582,35.883257],[138.995881,35.884447],[139.000931,35.884008],[139.005679,35.888238],[139.006657,35.889625],[139.006805,35.893638],[139.010323,35.897172],[139.013379,35.898256],[139.019117,35.898264]]]}},{"type":"Feature","properties":{"N03_007":"13361","N03_001":"東京都","nam_ja":"大島町"},"geometry":{"type":"MultiPolygon","coordinates":[[[[139.35824,34.702286],[139.358437,34.70228],[139.358241,34.70215],[139.35824,34.702286]]],[[[139.357907,34.712986],[139.358,34.712944],[139.35797,34.712915],[139.357907,34.712986]]],[[[139.357854,34.71306],[139.35785,34.712991],[139.357839,34.713052],[139.357854,34.71306]]],[[[139.35773,34.713146],[139.357696,34.713092],[139.35769,34.71313],[139.35773,34.713146]]],[[[139.357628,34.713211],[139.35769,34.713186],[139.357648,34.713172],[139.357628,34.713211]]],[[[139.357707,34.713244],[139.357765,34.713247],[139.357734,34.713198],[139.357707,34.713244]]],[[[139.356497,34.71436],[139.356581,34.714375],[139.356545,34.714333],[139.356497,34.71436]]],[[[139.351815,34.725103],[139.351996,34.725146],[139.351996,34.725114],[139.351815,34.725103]]],[[[139.351803,34.725283],[139.352035,34.725303],[139.351815,34.725234],[139.351803,34.725283]]],[[[139.353112,34.729625],[139.353079,34.729687],[139.35322,34.729583],[139.353112,34.729625]]],[[[139.35293,34.729683],[139.353029,34.729641],[139.352986,34.729618],[139.35293,34.729683]]],[[[139.353004,34.729719],[139.352889,34.72976],[139.352898,34.729854],[139.353004,34.729719]]],[[[139.352994,34.729801],[139.352988,34.729928],[139.353093,34.729789],[139.352994,34.729801]]],[[[139.352576,34.731056],[139.352517,34.73093],[139.352487,34.730975],[139.352576,34.731056]]],[[[139.352761,34.731189],[139.352715,34.731078],[139.352632,34.731099],[139.352761,34.731189]]],[[[139.353137,34.744487],[139.353203,34.744472],[139.353183,34.744454],[139.353137,34.744487]]],[[[139.352613,34.74452],[139.352694,34.744737],[139.35278,34.744586],[139.352613,34.74452]]],[[[139.353032,34.744892],[139.353056,34.74489],[139.353047,34.744863],[139.353032,34.744892]]],[[[139.352919,34.744921],[139.352955,34.744907],[139.352924,34.744897],[139.352919,34.744921]]],[[[139.352775,34.745403],[139.352816,34.745447],[139.352898,34.745368],[139.352775,34.745403]]],[[[139.351818,34.750154],[139.352184,34.749908],[139.352076,34.747822],[139.351765,34.747446],[139.351818,34.750154]]],[[[139.35157,34.768933],[139.351465,34.76895],[139.351706,34.768943],[139.35157,34.768933]]],[[[139.350933,34.77029],[139.351008,34.770292],[139.35098,34.770252],[139.350933,34.77029]]],[[[139.350212,34.773434],[139.350248,34.773373],[139.350195,34.773362],[139.350212,34.773434]]],[[[139.34952,34.774237],[139.349537,34.774281],[139.349568,34.774266],[139.34952,34.774237]]],[[[139.349477,34.774335],[139.349414,34.774288],[139.349391,34.774326],[139.349477,34.774335]]],[[[139.349419,34.777208],[139.349428,34.777267],[139.349437,34.777207],[139.349419,34.777208]]],[[[139.349046,34.778064],[139.349021,34.778005],[139.349002,34.778039],[139.349046,34.778064]]],[[[139.349573,34.779355],[139.349599,34.779331],[139.349537,34.779341],[139.349573,34.779355]]],[[[139.349635,34.779582],[139.349656,34.779536],[139.349618,34.779558],[139.349635,34.779582]]],[[[139.34965,34.780092],[139.349794,34.779927],[139.349782,34.779885],[139.34965,34.780092]]],[[[139.349657,34.780564],[139.349599,34.78055],[139.349609,34.780579],[139.349657,34.780564]]],[[[139.34962,34.780711],[139.349561,34.780713],[139.349594,34.780731],[139.34962,34.780711]]],[[[139.349725,34.780856],[139.349671,34.780872],[139.349704,34.780891],[139.349725,34.780856]]],[[[139.349483,34.78093],[139.349429,34.780946],[139.349462,34.780964],[139.349483,34.78093]]],[[[139.349532,34.78101],[139.349527,34.780969],[139.349503,34.780985],[139.349532,34.78101]]],[[[139.349605,34.781121],[139.349601,34.780993],[139.34956,34.781184],[139.349605,34.781121]]],[[[139.351531,34.784228],[139.351446,34.78417],[139.351387,34.784172],[139.351531,34.784228]]],[[[139.351238,34.784315],[139.351418,34.784278],[139.351239,34.784137],[139.351238,34.784315]]],[[[139.352574,34.78739],[139.35264,34.787214],[139.352594,34.787165],[139.352574,34.78739]]],[[[139.352965,34.787494],[139.352973,34.787444],[139.352911,34.787477],[139.352965,34.787494]]],[[[139.35312,34.787826],[139.353252,34.78785],[139.35312,34.787797],[139.35312,34.787826]]],[[[139.353004,34.787896],[139.353089,34.787958],[139.353115,34.78794],[139.353004,34.787896]]],[[[139.353458,34.788664],[139.353525,34.788689],[139.353489,34.788577],[139.353458,34.788664]]],[[[139.354138,34.790423],[139.354082,34.79034],[139.354077,34.790441],[139.354138,34.790423]]],[[[139.354632,34.790447],[139.354559,34.790358],[139.354539,34.790371],[139.354632,34.790447]]],[[[139.354508,34.790583],[139.354532,34.790521],[139.354472,34.790546],[139.354508,34.790583]]],[[[139.354161,34.790673],[139.354117,34.790582],[139.354082,34.790584],[139.354161,34.790673]]],[[[139.354569,34.790793],[139.354587,34.790715],[139.354526,34.790709],[139.354569,34.790793]]],[[[139.354786,34.790866],[139.354863,34.79081],[139.35478,34.790812],[139.354786,34.790866]]],[[[139.355043,34.791097],[139.355063,34.791041],[139.355025,34.791048],[139.355043,34.791097]]],[[[139.35549,34.791479],[139.355533,34.791491],[139.355504,34.79146],[139.35549,34.791479]]],[[[139.355683,34.791558],[139.355714,34.791604],[139.355734,34.791579],[139.355683,34.791558]]],[[[139.355163,34.79167],[139.355221,34.791619],[139.355125,34.791628],[139.355163,34.79167]]],[[[139.355556,34.792315],[139.355727,34.792243],[139.355618,34.792201],[139.355556,34.792315]]],[[[139.387916,34.688804],[139.387967,34.688804],[139.387957,34.688774],[139.387916,34.688804]]],[[[139.387703,34.688807],[139.387753,34.688828],[139.387755,34.688816],[139.387703,34.688807]]],[[[139.385914,34.690037],[139.385843,34.689956],[139.385837,34.690027],[139.385914,34.690037]]],[[[139.3864,34.690022],[139.386442,34.690026],[139.386434,34.690001],[139.3864,34.690022]]],[[[139.386059,34.689996],[139.38612,34.690076],[139.386079,34.689982],[139.386059,34.689996]]],[[[139.386255,34.690048],[139.386293,34.690048],[139.386284,34.690013],[139.386255,34.690048]]],[[[139.386242,34.690113],[139.386261,34.690144],[139.386265,34.690093],[139.386242,34.690113]]],[[[139.385868,34.690257],[139.385909,34.69028],[139.385881,34.690245],[139.385868,34.690257]]],[[[139.385984,34.690294],[139.386016,34.690306],[139.385989,34.69028],[139.385984,34.690294]]],[[[139.385962,34.690356],[139.38601,34.690374],[139.385971,34.690351],[139.385962,34.690356]]],[[[139.385143,34.691324],[139.385195,34.691322],[139.385157,34.691298],[139.385143,34.691324]]],[[[139.38465,34.691958],[139.384623,34.692003],[139.384661,34.691971],[139.38465,34.691958]]],[[[139.385013,34.692063],[139.384959,34.692043],[139.384958,34.692048],[139.385013,34.692063]]],[[[139.38412,34.692697],[139.384124,34.692552],[139.383982,34.692654],[139.38412,34.692697]]],[[[139.376455,34.695747],[139.376383,34.695744],[139.376428,34.695778],[139.376455,34.695747]]],[[[139.368244,34.699612],[139.368104,34.699432],[139.368064,34.699465],[139.368244,34.699612]]],[[[139.367878,34.699662],[139.367914,34.699557],[139.36782,34.699585],[139.367878,34.699662]]],[[[139.370342,34.69969],[139.370506,34.699761],[139.370381,34.699642],[139.370342,34.69969]]],[[[139.36971,34.699761],[139.36959,34.699789],[139.369643,34.699818],[139.36971,34.699761]]],[[[139.369553,34.699832],[139.369596,34.699818],[139.369568,34.699799],[139.369553,34.699832]]],[[[139.369441,34.699834],[139.369483,34.699882],[139.369465,34.699824],[139.369441,34.699834]]],[[[139.367139,34.700001],[139.366999,34.700166],[139.36714,34.700258],[139.367139,34.700001]]],[[[139.364589,34.700499],[139.364538,34.700425],[139.364479,34.700461],[139.364589,34.700499]]],[[[139.36423,34.700595],[139.364291,34.700537],[139.364211,34.700564],[139.36423,34.700595]]],[[[139.362601,34.70103],[139.362721,34.701173],[139.362749,34.701072],[139.362601,34.70103]]],[[[139.362298,34.701195],[139.36244,34.701159],[139.362299,34.701103],[139.362298,34.701195]]],[[[139.36242,34.701407],[139.362469,34.701319],[139.362384,34.701297],[139.36242,34.701407]]],[[[139.361838,34.701244],[139.361893,34.701537],[139.362051,34.701346],[139.361838,34.701244]]],[[[139.358817,34.702957],[139.358903,34.702998],[139.358865,34.702867],[139.358817,34.702957]]],[[[139.358818,34.703043],[139.358883,34.703094],[139.358904,34.703038],[139.358818,34.703043]]],[[[139.358817,34.703321],[139.358826,34.703272],[139.358798,34.703286],[139.358817,34.703321]]],[[[139.358762,34.703763],[139.358831,34.703742],[139.35878,34.703726],[139.358762,34.703763]]],[[[139.359673,34.705955],[139.359714,34.705915],[139.359682,34.705914],[139.359673,34.705955]]],[[[139.35961,34.705985],[139.359606,34.705948],[139.359555,34.705981],[139.35961,34.705985]]],[[[139.359727,34.706232],[139.359739,34.706179],[139.359705,34.706191],[139.359727,34.706232]]],[[[139.359703,34.706877],[139.359743,34.706868],[139.359721,34.706852],[139.359703,34.706877]]],[[[139.359864,34.707144],[139.359858,34.707184],[139.359935,34.707179],[139.359864,34.707144]]],[[[139.359988,34.707869],[139.360063,34.707891],[139.360044,34.707851],[139.359988,34.707869]]],[[[139.360136,34.70812],[139.360189,34.708137],[139.3602,34.708088],[139.360136,34.70812]]],[[[139.360783,34.709118],[139.360893,34.709038],[139.360781,34.709034],[139.360783,34.709118]]],[[[139.360531,34.710781],[139.360476,34.710714],[139.360461,34.71079],[139.360531,34.710781]]],[[[139.359729,34.711395],[139.359606,34.711396],[139.359675,34.71143],[139.359729,34.711395]]],[[[139.359449,34.711607],[139.359425,34.711539],[139.359387,34.711596],[139.359449,34.711607]]],[[[139.359379,34.711921],[139.359384,34.711874],[139.359353,34.711895],[139.359379,34.711921]]],[[[139.359062,34.712262],[139.359073,34.712221],[139.359045,34.712242],[139.359062,34.712262]]],[[[139.358765,34.712446],[139.358787,34.71241],[139.358751,34.712434],[139.358765,34.712446]]],[[[139.358543,34.712714],[139.358534,34.712681],[139.358514,34.7127],[139.358543,34.712714]]],[[[139.38146,34.79381],[139.381491,34.793845],[139.381498,34.793811],[139.38146,34.79381]]],[[[139.359097,34.79499],[139.359244,34.794997],[139.359216,34.794955],[139.359097,34.79499]]],[[[139.37589,34.795071],[139.375909,34.795011],[139.375855,34.795028],[139.37589,34.795071]]],[[[139.359415,34.795218],[139.359389,34.795134],[139.359322,34.795189],[139.359415,34.795218]]],[[[139.359336,34.795281],[139.359441,34.795439],[139.359494,34.795282],[139.359336,34.795281]]],[[[139.359656,34.795789],[139.359626,34.795674],[139.359541,34.795778],[139.359656,34.795789]]],[[[139.359598,34.795844],[139.359505,34.796025],[139.359671,34.79588],[139.359598,34.795844]]],[[[139.360494,34.799203],[139.360544,34.799245],[139.360559,34.799207],[139.360494,34.799203]]],[[[139.400119,34.68237],[139.400062,34.682439],[139.400135,34.682367],[139.400119,34.68237]]],[[[139.399717,34.682497],[139.399563,34.682441],[139.399573,34.682559],[139.399717,34.682497]]],[[[139.396669,34.683256],[139.396699,34.683322],[139.3967,34.683236],[139.396669,34.683256]]],[[[139.39711,34.683303],[139.397102,34.683414],[139.397203,34.683317],[139.39711,34.683303]]],[[[139.397181,34.683393],[139.39726,34.683461],[139.397294,34.6834],[139.397181,34.683393]]],[[[139.396913,34.683636],[139.396735,34.683245],[139.39666,34.683446],[139.396913,34.683636]]],[[[139.396645,34.683398],[139.396568,34.683401],[139.396688,34.683522],[139.396646,34.683447],[139.396645,34.683398]]],[[[139.395804,34.683461],[139.395743,34.683454],[139.39579,34.683481],[139.395804,34.683461]]],[[[139.39733,34.68354],[139.397344,34.683464],[139.397308,34.683474],[139.39733,34.68354]]],[[[139.397159,34.683571],[139.397195,34.683511],[139.397133,34.683511],[139.397159,34.683571]]],[[[139.395504,34.683573],[139.395471,34.683553],[139.395481,34.683581],[139.395504,34.683573]]],[[[139.397879,34.683541],[139.397982,34.683595],[139.397963,34.683522],[139.397879,34.683541]]],[[[139.396651,34.683572],[139.396563,34.683573],[139.396526,34.683597],[139.396651,34.683572]]],[[[139.396367,34.683571],[139.396372,34.683603],[139.396403,34.68357],[139.396367,34.683571]]],[[[139.395903,34.683564],[139.395999,34.683612],[139.395983,34.683547],[139.395903,34.683564]]],[[[139.399685,34.683597],[139.399764,34.683641],[139.399733,34.683579],[139.399685,34.683597]]],[[[139.396705,34.683633],[139.39662,34.683627],[139.396674,34.683659],[139.396705,34.683633]]],[[[139.398279,34.683598],[139.398349,34.683638],[139.398349,34.683611],[139.398279,34.683598]]],[[[139.396016,34.68368],[139.39608,34.683654],[139.396022,34.683652],[139.396016,34.68368]]],[[[139.399564,34.683662],[139.399614,34.683707],[139.399638,34.683661],[139.399564,34.683662]]],[[[139.398467,34.683699],[139.39856,34.683701],[139.398488,34.683647],[139.398467,34.683699]]],[[[139.399877,34.683718],[139.399945,34.68369],[139.399901,34.683663],[139.399877,34.683718]]],[[[139.397906,34.683756],[139.397757,34.683647],[139.397866,34.683773],[139.397906,34.683756]]],[[[139.399225,34.683704],[139.399074,34.683712],[139.399198,34.68376],[139.399225,34.683704]]],[[[139.395667,34.683807],[139.395697,34.683597],[139.395549,34.68381],[139.395667,34.683807]]],[[[139.398754,34.683746],[139.39883,34.683717],[139.398805,34.683703],[139.398754,34.683746]]],[[[139.399801,34.68375],[139.399773,34.683747],[139.399788,34.68376],[139.399801,34.68375]]],[[[139.39617,34.683761],[139.396209,34.68374],[139.396178,34.683732],[139.39617,34.683761]]],[[[139.396746,34.683713],[139.396726,34.683815],[139.396801,34.68379],[139.396746,34.683713]]],[[[139.396785,34.683686],[139.396909,34.683876],[139.396795,34.683669],[139.396785,34.683686]]],[[[139.399836,34.683797],[139.399914,34.683774],[139.399828,34.683746],[139.399836,34.683797]]],[[[139.399713,34.683789],[139.399764,34.683853],[139.399777,34.683793],[139.399713,34.683789]]],[[[139.395502,34.683844],[139.395435,34.683841],[139.395448,34.683876],[139.395502,34.683844]]],[[[139.3956,34.684283],[139.395626,34.684337],[139.395648,34.684304],[139.3956,34.684283]]],[[[139.394835,34.684503],[139.394798,34.684532],[139.394871,34.68451],[139.394835,34.684503]]],[[[139.394998,34.684547],[139.39495,34.684524],[139.394896,34.684542],[139.394998,34.684547]]],[[[139.39469,34.685578],[139.394734,34.685577],[139.394722,34.685563],[139.39469,34.685578]]],[[[139.394584,34.685614],[139.394509,34.685641],[139.394538,34.685662],[139.394584,34.685614]]],[[[139.394811,34.685674],[139.394792,34.685735],[139.394839,34.685678],[139.394811,34.685674]]],[[[139.394176,34.68617],[139.394243,34.686116],[139.394179,34.686122],[139.394176,34.68617]]],[[[139.394127,34.68697],[139.394184,34.686924],[139.394132,34.686917],[139.394127,34.68697]]],[[[139.393097,34.686997],[139.393133,34.687019],[139.393137,34.686994],[139.393097,34.686997]]],[[[139.390149,34.68742],[139.390011,34.687417],[139.390138,34.687502],[139.390149,34.68742]]],[[[139.391084,34.687432],[139.391024,34.687464],[139.391062,34.687485],[139.391084,34.687432]]],[[[139.389853,34.687619],[139.389675,34.687644],[139.389845,34.687713],[139.389853,34.687619]]],[[[139.389022,34.688306],[139.389073,34.688333],[139.389116,34.688268],[139.389022,34.688306]]],[[[139.389104,34.688375],[139.389174,34.688464],[139.3892,34.688363],[139.389104,34.688375]]],[[[139.388503,34.688944],[139.388481,34.688884],[139.388456,34.688917],[139.388503,34.688944]]],[[[139.388307,34.688927],[139.388423,34.688969],[139.388382,34.688912],[139.388307,34.688927]]],[[[139.388058,34.689022],[139.388112,34.688972],[139.38806,34.688966],[139.388058,34.689022]]],[[[139.388263,34.689047],[139.388203,34.689005],[139.388191,34.68905],[139.388263,34.689047]]],[[[139.361259,34.799058],[139.367553,34.796259],[139.371405,34.798195],[139.372836,34.7983],[139.375839,34.794943],[139.376772,34.79427],[139.380875,34.794156],[139.382114,34.791374],[139.384798,34.789781],[139.386628,34.789769],[139.38838,34.788951],[139.388963,34.789765],[139.389515,34.789974],[139.388727,34.789305],[139.389927,34.788611],[139.391603,34.789192],[139.390071,34.789161],[139.389475,34.789465],[139.391705,34.789686],[139.389251,34.791552],[139.3885,34.792763],[139.389384,34.793127],[139.39318,34.789573],[139.393866,34.789843],[139.39466,34.788781],[139.39606,34.788797],[139.397495,34.787997],[139.399746,34.787967],[139.400803,34.788535],[139.401179,34.787752],[139.402734,34.787096],[139.405693,34.787615],[139.408269,34.786148],[139.411283,34.786402],[139.411904,34.787136],[139.413194,34.78688],[139.412667,34.786023],[139.413786,34.784551],[139.414299,34.784768],[139.414022,34.784422],[139.414318,34.783943],[139.415018,34.783963],[139.414465,34.784506],[139.414658,34.785268],[139.415178,34.78342],[139.416203,34.783638],[139.416155,34.782895],[139.417285,34.782821],[139.418347,34.781684],[139.418984,34.781963],[139.420667,34.781069],[139.42209,34.781749],[139.422709,34.78145],[139.422523,34.780999],[139.423317,34.781056],[139.423434,34.780306],[139.424786,34.77945],[139.424672,34.778695],[139.426581,34.777228],[139.42699,34.777479],[139.426666,34.776891],[139.427956,34.776407],[139.427798,34.776006],[139.427975,34.775863],[139.428591,34.775996],[139.428794,34.775242],[139.42981,34.775114],[139.4308,34.773779],[139.432849,34.772716],[139.434248,34.770401],[139.435765,34.770123],[139.435343,34.769327],[139.436822,34.767607],[139.437155,34.764769],[139.437915,34.764288],[139.440968,34.755724],[139.441522,34.755347],[139.440648,34.754735],[139.440705,34.752459],[139.442085,34.75126],[139.442085,34.75001],[139.442422,34.74972],[139.442598,34.74887],[139.443288,34.747783],[139.44489,34.747241],[139.445491,34.747661],[139.447155,34.745285],[139.447554,34.745272],[139.44856,34.741645],[139.449054,34.741465],[139.448661,34.740674],[139.449268,34.740291],[139.448623,34.740504],[139.448168,34.73984],[139.448531,34.73798],[139.447709,34.738],[139.44764,34.737092],[139.446087,34.736136],[139.446243,34.735596],[139.445486,34.735703],[139.44432,34.734253],[139.443882,34.731986],[139.445044,34.730727],[139.445529,34.728173],[139.444786,34.72699],[139.444848,34.725124],[139.445624,34.723601],[139.446528,34.723509],[139.445932,34.723134],[139.446192,34.722301],[139.447907,34.721291],[139.44745,34.720739],[139.448388,34.719991],[139.449006,34.719863],[139.448816,34.717284],[139.449647,34.715344],[139.448312,34.712472],[139.446858,34.712028],[139.446941,34.711807],[139.446009,34.711498],[139.444545,34.710154],[139.443597,34.70364],[139.445931,34.700557],[139.447701,34.700019],[139.449431,34.698422],[139.450004,34.696527],[139.448972,34.695052],[139.44789,34.694694],[139.447233,34.694093],[139.445794,34.689841],[139.444416,34.689047],[139.44428,34.68837],[139.44474,34.684535],[139.442568,34.684322],[139.442103,34.684894],[139.439336,34.685375],[139.438804,34.686652],[139.439285,34.687727],[139.437874,34.688698],[139.436588,34.68809],[139.43729,34.685519],[139.438423,34.685277],[139.440307,34.682786],[139.44012,34.683502],[139.44052,34.683315],[139.440187,34.682382],[139.440789,34.682007],[139.440157,34.681585],[139.442728,34.681594],[139.442815,34.681214],[139.440445,34.681134],[139.440652,34.680654],[139.440026,34.680392],[139.44014,34.679706],[139.438703,34.678669],[139.4343,34.677886],[139.43192,34.679167],[139.431868,34.679026],[139.431407,34.679003],[139.430894,34.67865],[139.431329,34.678873],[139.431368,34.678527],[139.430172,34.678672],[139.428758,34.680997],[139.428245,34.680801],[139.428052,34.681395],[139.426851,34.680932],[139.42603,34.682366],[139.424374,34.682852],[139.423805,34.681854],[139.421514,34.682516],[139.416348,34.680766],[139.415501,34.681199],[139.414491,34.680688],[139.413197,34.680934],[139.414554,34.680905],[139.415068,34.681466],[139.413656,34.681296],[139.412914,34.681816],[139.411135,34.681593],[139.40988,34.680644],[139.406653,34.681085],[139.405996,34.68171],[139.404133,34.682555],[139.402663,34.682038],[139.402601,34.682089],[139.402313,34.682088],[139.401989,34.681943],[139.401328,34.682138],[139.40122,34.681939],[139.401197,34.682219],[139.400212,34.682555],[139.40033,34.68316],[139.400038,34.683369],[139.4,34.683784],[139.39974,34.684001],[139.398058,34.683986],[139.397258,34.683583],[139.397009,34.684012],[139.395725,34.683931],[139.395735,34.684436],[139.395477,34.684712],[139.394918,34.684649],[139.39539,34.685447],[139.394666,34.685931],[139.394721,34.687204],[139.394394,34.686866],[139.393472,34.687476],[139.393699,34.687279],[139.393472,34.686925],[139.392981,34.687365],[139.390881,34.686597],[139.391362,34.687623],[139.386328,34.690174],[139.385944,34.691342],[139.385171,34.69212],[139.384616,34.692057],[139.385175,34.69238],[139.384079,34.692823],[139.383629,34.6927],[139.383963,34.693634],[139.382428,34.694831],[139.379852,34.696117],[139.377293,34.69558],[139.377076,34.696402],[139.376388,34.695867],[139.37621,34.69697],[139.375176,34.696627],[139.375411,34.697037],[139.374701,34.697026],[139.375127,34.697609],[139.374146,34.697286],[139.372573,34.699621],[139.368381,34.700226],[139.3681,34.699615],[139.367673,34.700571],[139.364322,34.700599],[139.363982,34.701271],[139.362836,34.70112],[139.361934,34.702075],[139.360819,34.701202],[139.361165,34.702007],[139.360191,34.701517],[139.359748,34.701968],[139.360203,34.702328],[139.359226,34.702133],[139.358461,34.701032],[139.358043,34.701269],[139.358965,34.702532],[139.358733,34.702725],[139.358928,34.702897],[139.359039,34.704065],[139.359734,34.705273],[139.359651,34.705842],[139.359757,34.705811],[139.359896,34.70637],[139.359959,34.707202],[139.359881,34.70738],[139.361061,34.709113],[139.361231,34.709706],[139.360256,34.71134],[139.356993,34.713964],[139.356124,34.715676],[139.353621,34.717066],[139.352672,34.718421],[139.352083,34.724985],[139.353241,34.727052],[139.352916,34.727752],[139.35326,34.728822],[139.353259,34.731045],[139.352921,34.732107],[139.354062,34.733473],[139.353081,34.731756],[139.353902,34.731486],[139.354616,34.732572],[139.354034,34.732924],[139.354991,34.732623],[139.356836,34.735057],[139.356777,34.738994],[139.35606,34.739895],[139.356887,34.741914],[139.355219,34.744306],[139.353532,34.744812],[139.352769,34.746927],[139.35201,34.746759],[139.351268,34.74719],[139.351699,34.747012],[139.352398,34.748056],[139.351814,34.746977],[139.353088,34.74737],[139.353133,34.750334],[139.352231,34.750809],[139.352512,34.751524],[139.348597,34.751774],[139.348621,34.752221],[139.351637,34.752101],[139.352,34.753497],[139.351908,34.754072],[139.351045,34.754115],[139.351725,34.754189],[139.351292,34.755345],[139.349923,34.75572],[139.350774,34.75653],[139.349094,34.759039],[139.34869,34.765208],[139.348915,34.766044],[139.351232,34.767035],[139.351254,34.768503],[139.352092,34.769118],[139.351085,34.770221],[139.351535,34.771678],[139.349314,34.775105],[139.350038,34.775695],[139.349165,34.778609],[139.349938,34.779798],[139.349642,34.782805],[139.350608,34.784054],[139.352013,34.784167],[139.352643,34.784535],[139.354027,34.790072],[139.354326,34.790399],[139.354618,34.790257],[139.355372,34.790804],[139.356317,34.791777],[139.357191,34.79176],[139.358591,34.792968],[139.35926,34.794971],[139.360045,34.794972],[139.359961,34.79646],[139.360573,34.796302],[139.360806,34.79682],[139.360298,34.79874],[139.361259,34.799058]]],[[[139.395682,34.789348],[139.396111,34.789095],[139.396177,34.788978],[139.395682,34.789348]]],[[[139.399766,34.789363],[139.399941,34.789128],[139.399769,34.788999],[139.399766,34.789363]]],[[[139.393543,34.789904],[139.393598,34.789861],[139.393522,34.78988],[139.393543,34.789904]]],[[[139.40966,34.68039],[139.409513,34.680392],[139.409498,34.680411],[139.40966,34.68039]]],[[[139.409541,34.680331],[139.409272,34.680363],[139.409257,34.680464],[139.409541,34.680331]]],[[[139.405684,34.681508],[139.40563,34.681581],[139.405784,34.68152],[139.405684,34.681508]]],[[[139.405353,34.681535],[139.405361,34.681601],[139.405422,34.681531],[139.405353,34.681535]]],[[[139.405397,34.681657],[139.405476,34.681604],[139.405382,34.681639],[139.405397,34.681657]]],[[[139.423924,34.681598],[139.42376,34.68165],[139.423867,34.681852],[139.423924,34.681598]]],[[[139.423683,34.681827],[139.42371,34.681677],[139.423671,34.681665],[139.423683,34.681827]]],[[[139.405337,34.68177],[139.405338,34.681732],[139.405314,34.681747],[139.405337,34.68177]]],[[[139.424025,34.681766],[139.423889,34.681819],[139.423966,34.681921],[139.424025,34.681766]]],[[[139.402144,34.681788],[139.402206,34.681811],[139.402185,34.681772],[139.402144,34.681788]]],[[[139.405205,34.681828],[139.40526,34.681805],[139.40524,34.68178],[139.405205,34.681828]]],[[[139.402328,34.681843],[139.402372,34.681806],[139.402314,34.681831],[139.402328,34.681843]]],[[[139.401378,34.681821],[139.401342,34.681899],[139.401389,34.681891],[139.401378,34.681821]]],[[[139.402148,34.681922],[139.402216,34.681895],[139.402133,34.681881],[139.402148,34.681922]]],[[[139.401877,34.681881],[139.401795,34.681939],[139.401897,34.681903],[139.401877,34.681881]]],[[[139.405213,34.681926],[139.405257,34.681893],[139.405216,34.681891],[139.405213,34.681926]]],[[[139.40513,34.681867],[139.405116,34.681983],[139.405173,34.681982],[139.40513,34.681867]]],[[[139.402274,34.681949],[139.40229,34.681918],[139.402257,34.681925],[139.402274,34.681949]]],[[[139.4015,34.681901],[139.401552,34.681978],[139.401591,34.68193],[139.4015,34.681901]]],[[[139.401327,34.681943],[139.401377,34.681967],[139.401358,34.68193],[139.401327,34.681943]]],[[[139.402573,34.681983],[139.402623,34.681973],[139.40261,34.681955],[139.402573,34.681983]]],[[[139.403639,34.68188],[139.403648,34.68214],[139.403805,34.682015],[139.403639,34.68188]]],[[[139.404987,34.682031],[139.405042,34.681996],[139.404997,34.681993],[139.404987,34.682031]]],[[[139.402438,34.682033],[139.402489,34.682017],[139.402471,34.682008],[139.402438,34.682033]]],[[[139.402351,34.682058],[139.402394,34.682017],[139.402335,34.682047],[139.402351,34.682058]]],[[[139.402535,34.682042],[139.40259,34.682044],[139.402582,34.68203],[139.402535,34.682042]]],[[[139.401043,34.682201],[139.401031,34.682184],[139.400964,34.682216],[139.401043,34.682201]]],[[[139.400924,34.682264],[139.400884,34.682205],[139.400846,34.682243],[139.400924,34.682264]]],[[[139.403585,34.682261],[139.403684,34.68226],[139.4036,34.6822],[139.403585,34.682261]]],[[[139.400793,34.68228],[139.400838,34.682262],[139.400806,34.68226],[139.400793,34.68228]]],[[[139.400119,34.682546],[139.400108,34.682516],[139.400137,34.682593],[139.400119,34.682546]]],[[[139.400182,34.682915],[139.400126,34.682923],[139.40017,34.682949],[139.400182,34.682915]]],[[[139.428992,34.775681],[139.42888,34.775773],[139.428969,34.775765],[139.428992,34.775681]]],[[[139.428185,34.776071],[139.428014,34.776071],[139.428201,34.776096],[139.428185,34.776071]]],[[[139.428423,34.776283],[139.42838,34.776225],[139.428345,34.776283],[139.428423,34.776283]]],[[[139.428087,34.776421],[139.428187,34.776418],[139.428095,34.776392],[139.428087,34.776421]]],[[[139.427908,34.776591],[139.427969,34.776573],[139.427912,34.776558],[139.427908,34.776591]]],[[[139.428001,34.776658],[139.428009,34.776607],[139.427971,34.776639],[139.428001,34.776658]]],[[[139.427519,34.776973],[139.427413,34.776771],[139.427325,34.776763],[139.427519,34.776973]]],[[[139.427156,34.777013],[139.42722,34.777047],[139.427188,34.77699],[139.427156,34.777013]]],[[[139.427124,34.777077],[139.427187,34.77712],[139.427142,34.777037],[139.427124,34.777077]]],[[[139.426509,34.77764],[139.426563,34.777637],[139.426527,34.777621],[139.426509,34.77764]]],[[[139.424809,34.779426],[139.424954,34.779587],[139.424858,34.779401],[139.424809,34.779426]]],[[[139.419257,34.781915],[139.4192,34.782027],[139.41928,34.782018],[139.419257,34.781915]]],[[[139.417227,34.783144],[139.417276,34.78315],[139.417239,34.78312],[139.417227,34.783144]]],[[[139.414359,34.784335],[139.414219,34.784319],[139.414316,34.784381],[139.414359,34.784335]]],[[[139.413896,34.784689],[139.413924,34.78467],[139.4139,34.784663],[139.413896,34.784689]]],[[[139.414041,34.784741],[139.414072,34.784721],[139.414054,34.784718],[139.414041,34.784741]]],[[[139.413968,34.78474],[139.413933,34.78475],[139.413963,34.784754],[139.413968,34.78474]]],[[[139.414163,34.784867],[139.414061,34.784856],[139.414144,34.784916],[139.414163,34.784867]]],[[[139.413789,34.785447],[139.413698,34.785483],[139.41379,34.785503],[139.413789,34.785447]]],[[[139.413413,34.785616],[139.41348,34.78561],[139.413413,34.785587],[139.413413,34.785616]]],[[[139.413335,34.78617],[139.413199,34.786031],[139.413167,34.786113],[139.413335,34.78617]]],[[[139.412502,34.787203],[139.412525,34.78704],[139.412429,34.787078],[139.412502,34.787203]]],[[[139.406298,34.78753],[139.406347,34.787465],[139.406298,34.78747],[139.406298,34.78753]]],[[[139.434051,34.677545],[139.433979,34.677596],[139.434039,34.677624],[139.434051,34.677545]]],[[[139.434375,34.677747],[139.434231,34.677757],[139.434289,34.677853],[139.434375,34.677747]]],[[[139.43057,34.677869],[139.430388,34.677801],[139.430379,34.677818],[139.43057,34.677869]]],[[[139.430691,34.677973],[139.430632,34.678012],[139.430702,34.677977],[139.430691,34.677973]]],[[[139.430752,34.678013],[139.431008,34.678084],[139.431025,34.678069],[139.430752,34.678013]]],[[[139.430371,34.678052],[139.430169,34.67804],[139.429983,34.678115],[139.430371,34.678052]]],[[[139.43108,34.678082],[139.431149,34.678103],[139.431146,34.678069],[139.43108,34.678082]]],[[[139.429897,34.678135],[139.429951,34.678169],[139.429952,34.678134],[139.429897,34.678135]]],[[[139.431286,34.678206],[139.431338,34.678256],[139.431342,34.67821],[139.431286,34.678206]]],[[[139.431477,34.678246],[139.431511,34.67822],[139.431476,34.678215],[139.431477,34.678246]]],[[[139.431187,34.678402],[139.430787,34.67818],[139.43066,34.67825],[139.431187,34.678402]]],[[[139.432375,34.678255],[139.432348,34.678332],[139.432423,34.678368],[139.432375,34.678255]]],[[[139.429896,34.678504],[139.430418,34.678285],[139.430694,34.678209],[139.430359,34.678234],[139.429896,34.678504]]],[[[139.431306,34.678368],[139.431396,34.678371],[139.431331,34.678345],[139.431306,34.678368]]],[[[139.437796,34.678419],[139.437805,34.678393],[139.437783,34.678405],[139.437796,34.678419]]],[[[139.438051,34.678452],[139.438034,34.678431],[139.43802,34.678443],[139.438051,34.678452]]],[[[139.431437,34.678423],[139.431468,34.678491],[139.431502,34.678447],[139.431437,34.678423]]],[[[139.430541,34.678407],[139.430499,34.678537],[139.430895,34.67845],[139.430541,34.678407]]],[[[139.437881,34.678515],[139.437911,34.678487],[139.437868,34.678501],[139.437881,34.678515]]],[[[139.429826,34.678907],[139.42989,34.678962],[139.429865,34.678873],[139.429826,34.678907]]],[[[139.429532,34.679184],[139.429504,34.679227],[139.429586,34.679198],[139.429532,34.679184]]],[[[139.429347,34.679238],[139.429415,34.679259],[139.429413,34.679226],[139.429347,34.679238]]],[[[139.440027,34.679503],[139.440071,34.679532],[139.440052,34.679489],[139.440027,34.679503]]],[[[139.429371,34.679486],[139.429205,34.679594],[139.429386,34.679496],[139.429371,34.679486]]],[[[139.440112,34.679597],[139.440174,34.679598],[139.440154,34.679567],[139.440112,34.679597]]],[[[139.440102,34.679644],[139.44014,34.679635],[139.440131,34.679625],[139.440102,34.679644]]],[[[139.440104,34.679669],[139.440084,34.679649],[139.440074,34.679652],[139.440104,34.679669]]],[[[139.440224,34.680324],[139.440188,34.680278],[139.440206,34.680326],[139.440224,34.680324]]],[[[139.440177,34.680352],[139.440128,34.680348],[139.44013,34.680353],[139.440177,34.680352]]],[[[139.440285,34.680379],[139.440214,34.680378],[139.440267,34.6804],[139.440285,34.680379]]],[[[139.437798,34.685697],[139.437522,34.685607],[139.437781,34.685722],[139.437798,34.685697]]],[[[139.442694,34.749383],[139.442637,34.749363],[139.442628,34.749424],[139.442694,34.749383]]],[[[139.442589,34.749576],[139.442718,34.749574],[139.442587,34.749518],[139.442589,34.749576]]],[[[139.442712,34.749666],[139.442629,34.74966],[139.442638,34.74969],[139.442712,34.749666]]],[[[139.442696,34.74979],[139.442702,34.749712],[139.442649,34.749737],[139.442696,34.74979]]],[[[139.442453,34.749734],[139.442527,34.749805],[139.442519,34.74973],[139.442453,34.749734]]],[[[139.442173,34.751037],[139.442087,34.750992],[139.442108,34.751049],[139.442173,34.751037]]],[[[139.441024,34.75242],[139.441026,34.752405],[139.441015,34.752421],[139.441024,34.75242]]],[[[139.440775,34.752482],[139.440792,34.752532],[139.440856,34.752486],[139.440775,34.752482]]],[[[139.441669,34.755744],[139.441616,34.755695],[139.441629,34.755751],[139.441669,34.755744]]],[[[139.441105,34.756452],[139.441016,34.756322],[139.440972,34.756446],[139.441105,34.756452]]],[[[139.44198,34.756663],[139.441597,34.756591],[139.441809,34.756785],[139.44198,34.756663]]],[[[139.441359,34.756758],[139.441135,34.756892],[139.441339,34.757076],[139.441359,34.756758]]],[[[139.441163,34.757096],[139.441011,34.757107],[139.441171,34.75715],[139.441163,34.757096]]],[[[139.441465,34.757021],[139.441466,34.757181],[139.441589,34.757009],[139.441465,34.757021]]],[[[139.441101,34.757274],[139.441122,34.757316],[139.441133,34.757267],[139.441101,34.757274]]],[[[139.440903,34.75756],[139.441085,34.757548],[139.440926,34.757519],[139.440903,34.75756]]],[[[139.440623,34.757839],[139.44051,34.757677],[139.440421,34.757859],[139.440623,34.757839]]],[[[139.439444,34.761161],[139.43938,34.761168],[139.439417,34.761202],[139.439444,34.761161]]],[[[139.437305,34.765855],[139.437351,34.765855],[139.437348,34.765842],[139.437305,34.765855]]],[[[139.436233,34.768773],[139.436218,34.76869],[139.436187,34.768767],[139.436233,34.768773]]],[[[139.43025,34.774765],[139.430299,34.774881],[139.430337,34.774848],[139.43025,34.774765]]],[[[139.430038,34.774957],[139.430265,34.774922],[139.430099,34.774837],[139.430038,34.774957]]],[[[139.429316,34.775402],[139.429273,34.775486],[139.429347,34.775424],[139.429316,34.775402]]],[[[139.429006,34.775912],[139.429002,34.776149],[139.429087,34.77618],[139.429006,34.775912]]],[[[139.444916,34.683515],[139.445304,34.68218],[139.444644,34.683421],[139.444916,34.683515]]],[[[139.444662,34.688605],[139.44448,34.68855],[139.444445,34.688626],[139.444662,34.688605]]],[[[139.444511,34.688744],[139.444559,34.688713],[139.444496,34.68872],[139.444511,34.688744]]],[[[139.446095,34.690132],[139.446093,34.690095],[139.446066,34.690118],[139.446095,34.690132]]],[[[139.446201,34.690427],[139.446249,34.690425],[139.446225,34.690403],[139.446201,34.690427]]],[[[139.446098,34.69044],[139.446076,34.690417],[139.446063,34.690433],[139.446098,34.69044]]],[[[139.446396,34.690403],[139.446419,34.69047],[139.446441,34.690418],[139.446396,34.690403]]],[[[139.448142,34.694166],[139.447828,34.694567],[139.448048,34.694672],[139.448142,34.694166]]],[[[139.449305,34.694756],[139.448821,34.694821],[139.448781,34.694891],[139.449305,34.694756]]],[[[139.446321,34.700567],[139.446425,34.700621],[139.446427,34.700522],[139.446321,34.700567]]],[[[139.446058,34.700918],[139.446084,34.700895],[139.446049,34.700903],[139.446058,34.700918]]],[[[139.446185,34.700933],[139.446235,34.700886],[139.446179,34.700889],[139.446185,34.700933]]],[[[139.445383,34.701892],[139.445487,34.702024],[139.445558,34.701982],[139.445383,34.701892]]],[[[139.445058,34.702105],[139.445108,34.702228],[139.445152,34.702213],[139.445058,34.702105]]],[[[139.444806,34.702367],[139.4448,34.702258],[139.444723,34.702297],[139.444806,34.702367]]],[[[139.445551,34.70234],[139.445577,34.702388],[139.445611,34.702338],[139.445551,34.70234]]],[[[139.4455,34.702534],[139.445415,34.702556],[139.445503,34.702576],[139.4455,34.702534]]],[[[139.445392,34.702686],[139.445245,34.702817],[139.445541,34.702831],[139.445392,34.702686]]],[[[139.444595,34.705754],[139.444713,34.705764],[139.444626,34.705721],[139.444595,34.705754]]],[[[139.445059,34.706333],[139.44516,34.706444],[139.445157,34.706308],[139.445059,34.706333]]],[[[139.445404,34.710863],[139.445435,34.710869],[139.445421,34.710854],[139.445404,34.710863]]],[[[139.449131,34.71339],[139.449143,34.713465],[139.449172,34.713404],[139.449131,34.71339]]],[[[139.449289,34.713503],[139.449217,34.713514],[139.449308,34.713528],[139.449289,34.713503]]],[[[139.449426,34.718261],[139.449478,34.718316],[139.449499,34.718286],[139.449426,34.718261]]],[[[139.449292,34.71844],[139.449195,34.718405],[139.449236,34.718455],[139.449292,34.71844]]],[[[139.449089,34.718665],[139.449133,34.718646],[139.449104,34.718631],[139.449089,34.718665]]],[[[139.448375,34.720172],[139.448346,34.720148],[139.448335,34.720175],[139.448375,34.720172]]],[[[139.448308,34.720318],[139.448324,34.720265],[139.448276,34.720291],[139.448308,34.720318]]],[[[139.447985,34.72051],[139.447993,34.720473],[139.447963,34.720488],[139.447985,34.72051]]],[[[139.448099,34.721259],[139.448004,34.721251],[139.448021,34.721307],[139.448099,34.721259]]],[[[139.447681,34.721575],[139.44775,34.72149],[139.447666,34.721483],[139.447681,34.721575]]],[[[139.447091,34.72349],[139.447192,34.723505],[139.447162,34.72346],[139.447091,34.72349]]],[[[139.446583,34.723523],[139.446746,34.723575],[139.446724,34.723502],[139.446583,34.723523]]],[[[139.445842,34.724286],[139.44598,34.724426],[139.446024,34.724288],[139.445842,34.724286]]],[[[139.445617,34.724565],[139.445692,34.724667],[139.445719,34.724602],[139.445617,34.724565]]],[[[139.445885,34.724794],[139.445509,34.724742],[139.445825,34.724995],[139.445885,34.724794]]],[[[139.445651,34.728143],[139.445604,34.72805],[139.445578,34.728093],[139.445651,34.728143]]],[[[139.445471,34.735663],[139.445538,34.73564],[139.445504,34.735622],[139.445471,34.735663]]],[[[139.449004,34.73832],[139.448943,34.738356],[139.448989,34.738383],[139.449004,34.73832]]],[[[139.448731,34.742087],[139.448775,34.742067],[139.448739,34.742063],[139.448731,34.742087]]],[[[139.448686,34.742247],[139.448726,34.742262],[139.448722,34.742231],[139.448686,34.742247]]],[[[139.447977,34.744895],[139.447996,34.744947],[139.448017,34.744904],[139.447977,34.744895]]],[[[139.44783,34.74497],[139.447903,34.74494],[139.447884,34.744921],[139.44783,34.74497]]],[[[139.446972,34.745779],[139.446957,34.745746],[139.446946,34.745772],[139.446972,34.745779]]],[[[139.446866,34.746038],[139.446926,34.74605],[139.446922,34.746003],[139.446866,34.746038]]],[[[139.445692,34.747597],[139.445657,34.747588],[139.445664,34.747611],[139.445692,34.747597]]],[[[139.445563,34.747678],[139.445614,34.747646],[139.445574,34.747644],[139.445563,34.747678]]],[[[139.445311,34.7477],[139.445271,34.747704],[139.445299,34.747715],[139.445311,34.7477]]],[[[139.445508,34.747697],[139.445485,34.747714],[139.445504,34.747716],[139.445508,34.747697]]],[[[139.445361,34.747738],[139.445377,34.74772],[139.445344,34.747729],[139.445361,34.747738]]],[[[139.445266,34.747808],[139.445249,34.747755],[139.44523,34.747789],[139.445266,34.747808]]],[[[139.445387,34.747869],[139.445357,34.747905],[139.445395,34.747883],[139.445387,34.747869]]],[[[139.442918,34.748508],[139.442853,34.748592],[139.44286,34.748615],[139.442918,34.748508]]],[[[139.442766,34.748824],[139.442839,34.748888],[139.442868,34.748832],[139.442766,34.748824]]],[[[139.44265,34.749331],[139.442779,34.749166],[139.442603,34.749252],[139.44265,34.749331]]]]}},{"type":"Feature","properties":{"N03_007":"13362","N03_001":"東京都","nam_ja":"利島村"},"geometry":{"type":"MultiPolygon","coordinates":[[[[139.27759,34.510849],[139.277533,34.510882],[139.27756,34.510891],[139.27759,34.510849]]],[[[139.269692,34.514887],[139.269738,34.514943],[139.269737,34.514891],[139.269692,34.514887]]],[[[139.285063,34.515307],[139.285076,34.515381],[139.285111,34.515382],[139.285063,34.515307]]],[[[139.267629,34.518442],[139.267585,34.518514],[139.267658,34.518495],[139.267629,34.518442]]],[[[139.275595,34.531945],[139.280104,34.532209],[139.280529,34.534882],[139.28092,34.535086],[139.280549,34.531895],[139.28282,34.532016],[139.282762,34.532646],[139.281334,34.532542],[139.282733,34.532794],[139.281881,34.534009],[139.282269,34.534471],[139.282924,34.532296],[139.287214,34.530807],[139.289292,34.529415],[139.290034,34.529109],[139.292827,34.524653],[139.292352,34.522562],[139.290223,34.519745],[139.289881,34.519857],[139.288244,34.518465],[139.281684,34.512181],[139.277538,34.51094],[139.274354,34.511563],[139.271291,34.513174],[139.268212,34.517298],[139.267396,34.521152],[139.268237,34.525983],[139.270782,34.529604],[139.27277,34.531246],[139.275462,34.531867],[139.275867,34.53528],[139.275595,34.531945]]],[[[139.26961,34.528205],[139.269641,34.528283],[139.269683,34.528231],[139.26961,34.528205]]],[[[139.289121,34.529633],[139.289107,34.529703],[139.289156,34.529657],[139.289121,34.529633]]],[[[139.284681,34.532023],[139.28478,34.532134],[139.284815,34.532124],[139.284681,34.532023]]],[[[139.289372,34.519256],[139.289419,34.519327],[139.289397,34.519252],[139.289372,34.519256]]],[[[139.289894,34.519642],[139.289878,34.519705],[139.289909,34.519652],[139.289894,34.519642]]],[[[139.292727,34.523142],[139.292723,34.523194],[139.292755,34.523196],[139.292727,34.523142]]],[[[139.292909,34.523737],[139.292929,34.523822],[139.292977,34.523829],[139.292909,34.523737]]],[[[139.292704,34.52546],[139.292567,34.52553],[139.292623,34.525614],[139.292704,34.52546]]],[[[139.292596,34.525697],[139.292458,34.525766],[139.292496,34.525803],[139.292596,34.525697]]],[[[139.290489,34.528648],[139.29051,34.52873],[139.290521,34.52863],[139.290489,34.528648]]]]}},{"type":"Feature","properties":{"N03_007":"13363","N03_001":"東京都","nam_ja":"新島村"},"geometry":{"type":"MultiPolygon","coordinates":[[[[139.201629,34.315282],[139.201627,34.315234],[139.201578,34.315255],[139.201629,34.315282]]],[[[139.20153,34.315988],[139.201039,34.315072],[139.200121,34.315467],[139.20153,34.315988]]],[[[139.2004,34.315876],[139.200472,34.315981],[139.200499,34.315888],[139.2004,34.315876]]],[[[139.194466,34.316488],[139.194686,34.316503],[139.194521,34.316399],[139.194466,34.316488]]],[[[139.195218,34.316631],[139.195086,34.316741],[139.195285,34.31671],[139.195218,34.316631]]],[[[139.195531,34.317171],[139.195762,34.316723],[139.195179,34.31718],[139.195531,34.317171]]],[[[139.195474,34.317538],[139.195504,34.317425],[139.195425,34.317488],[139.195474,34.317538]]],[[[139.195141,34.317622],[139.195157,34.31751],[139.195086,34.317599],[139.195141,34.317622]]],[[[139.19566,34.317612],[139.19584,34.317632],[139.195815,34.317553],[139.19566,34.317612]]],[[[139.202135,34.318918],[139.202037,34.318911],[139.20212,34.318938],[139.202135,34.318918]]],[[[139.202353,34.319001],[139.202317,34.319015],[139.202349,34.319031],[139.202353,34.319001]]],[[[139.202511,34.319215],[139.202403,34.319129],[139.202401,34.319225],[139.202511,34.319215]]],[[[139.202639,34.319382],[139.202583,34.319435],[139.202636,34.319458],[139.202639,34.319382]]],[[[139.205907,34.320381],[139.20605,34.320449],[139.205949,34.320352],[139.205907,34.320381]]],[[[139.203165,34.320438],[139.203128,34.320451],[139.203157,34.320457],[139.203165,34.320438]]],[[[139.202431,34.320488],[139.202494,34.320429],[139.202438,34.32044],[139.202431,34.320488]]],[[[139.206145,34.320498],[139.206071,34.320584],[139.206113,34.320593],[139.206145,34.320498]]],[[[139.204649,34.320948],[139.204553,34.320935],[139.204564,34.321006],[139.204649,34.320948]]],[[[139.205173,34.320946],[139.205232,34.320987],[139.205245,34.320974],[139.205173,34.320946]]],[[[139.20623,34.321089],[139.206252,34.321129],[139.206282,34.321104],[139.20623,34.321089]]],[[[139.205954,34.321178],[139.205939,34.321236],[139.205971,34.321234],[139.205954,34.321178]]],[[[139.203941,34.321696],[139.20398,34.321664],[139.20397,34.321658],[139.203941,34.321696]]],[[[139.204158,34.321874],[139.204208,34.321867],[139.204204,34.321824],[139.204158,34.321874]]],[[[139.197895,34.324231],[139.197882,34.324349],[139.197942,34.324261],[139.197895,34.324231]]],[[[139.197806,34.324582],[139.197896,34.324534],[139.19785,34.324496],[139.197806,34.324582]]],[[[139.198616,34.324873],[139.198697,34.324839],[139.198664,34.324813],[139.198616,34.324873]]],[[[139.199484,34.325239],[139.19955,34.325176],[139.199516,34.32512],[139.199484,34.325239]]],[[[139.200983,34.325925],[139.201046,34.325976],[139.201008,34.325867],[139.200983,34.325925]]],[[[139.204949,34.326761],[139.20491,34.326728],[139.204898,34.326742],[139.204949,34.326761]]],[[[139.204525,34.326773],[139.204535,34.326813],[139.204544,34.326776],[139.204525,34.326773]]],[[[139.204995,34.326852],[139.205062,34.326892],[139.205012,34.326834],[139.204995,34.326852]]],[[[139.205086,34.326954],[139.205158,34.326959],[139.205098,34.326912],[139.205086,34.326954]]],[[[139.203909,34.327264],[139.204023,34.327205],[139.203945,34.3272],[139.203909,34.327264]]],[[[139.20527,34.327236],[139.205359,34.327244],[139.205351,34.327207],[139.20527,34.327236]]],[[[139.205371,34.327334],[139.205411,34.327369],[139.205445,34.327298],[139.205371,34.327334]]],[[[139.203785,34.327308],[139.203781,34.327397],[139.203818,34.327309],[139.203785,34.327308]]],[[[139.203794,34.327405],[139.203854,34.32738],[139.20381,34.327368],[139.203794,34.327405]]],[[[139.205359,34.327482],[139.205444,34.327485],[139.205438,34.327466],[139.205359,34.327482]]],[[[139.205102,34.327552],[139.205177,34.327605],[139.205114,34.327523],[139.205102,34.327552]]],[[[139.205234,34.327725],[139.205188,34.327834],[139.20528,34.327768],[139.205234,34.327725]]],[[[139.204881,34.327803],[139.20494,34.327789],[139.204924,34.327771],[139.204881,34.327803]]],[[[139.2051,34.327909],[139.205152,34.327883],[139.205129,34.327871],[139.2051,34.327909]]],[[[139.202165,34.328332],[139.202158,34.328304],[139.202151,34.328331],[139.202165,34.328332]]],[[[139.202279,34.32836],[139.202277,34.328335],[139.202251,34.328357],[139.202279,34.32836]]],[[[139.202131,34.328374],[139.202184,34.328389],[139.202134,34.328358],[139.202131,34.328374]]],[[[139.202262,34.328442],[139.202315,34.328424],[139.202252,34.328423],[139.202262,34.328442]]],[[[139.204713,34.328664],[139.204571,34.328648],[139.204588,34.328771],[139.204713,34.328664]]],[[[139.204938,34.328666],[139.204906,34.328776],[139.204994,34.328637],[139.204938,34.328666]]],[[[139.202065,34.329244],[139.202419,34.328621],[139.202709,34.328144],[139.202351,34.32837],[139.202065,34.329244]]],[[[139.205059,34.328877],[139.205095,34.328907],[139.20511,34.32883],[139.205059,34.328877]]],[[[139.204705,34.328859],[139.204692,34.328908],[139.204745,34.328873],[139.204705,34.328859]]],[[[139.206315,34.328842],[139.206353,34.328942],[139.206382,34.328857],[139.206315,34.328842]]],[[[139.202015,34.328891],[139.202045,34.328977],[139.202102,34.328863],[139.202015,34.328891]]],[[[139.199838,34.329113],[139.200054,34.329113],[139.200133,34.32891],[139.199838,34.329113]]],[[[139.201866,34.329098],[139.201904,34.329033],[139.201848,34.329041],[139.201866,34.329098]]],[[[139.204603,34.329077],[139.204633,34.329077],[139.204621,34.329048],[139.204603,34.329077]]],[[[139.206325,34.329038],[139.206375,34.329115],[139.206399,34.32907],[139.206325,34.329038]]],[[[139.200219,34.329063],[139.200196,34.329123],[139.200247,34.329079],[139.200219,34.329063]]],[[[139.206084,34.329212],[139.206013,34.328987],[139.205989,34.329247],[139.206084,34.329212]]],[[[139.206312,34.3291],[139.206274,34.329137],[139.206325,34.329118],[139.206312,34.3291]]],[[[139.201373,34.32924],[139.201363,34.329267],[139.201389,34.329264],[139.201373,34.32924]]],[[[139.204719,34.329318],[139.204794,34.329311],[139.204772,34.329279],[139.204719,34.329318]]],[[[139.206262,34.329325],[139.206311,34.329331],[139.206292,34.329297],[139.206262,34.329325]]],[[[139.205175,34.329452],[139.205323,34.329345],[139.205286,34.329312],[139.205175,34.329452]]],[[[139.200808,34.329352],[139.200561,34.329404],[139.200821,34.329393],[139.200808,34.329352]]],[[[139.2008,34.329446],[139.200611,34.329516],[139.200861,34.329505],[139.2008,34.329446]]],[[[139.205018,34.329564],[139.204894,34.329891],[139.205078,34.329552],[139.205018,34.329564]]],[[[139.206033,34.330831],[139.206094,34.330809],[139.206041,34.33078],[139.206033,34.330831]]],[[[139.206142,34.331122],[139.206049,34.331116],[139.206048,34.331149],[139.206142,34.331122]]],[[[139.205882,34.331286],[139.205929,34.331253],[139.205872,34.331261],[139.205882,34.331286]]],[[[139.205786,34.331262],[139.205863,34.331262],[139.205855,34.331228],[139.205786,34.331262]]],[[[139.205895,34.331332],[139.205939,34.331399],[139.205996,34.331366],[139.205895,34.331332]]],[[[139.205728,34.33145],[139.205462,34.33142],[139.205599,34.331551],[139.205728,34.33145]]],[[[139.206179,34.331236],[139.206088,34.331478],[139.206025,34.33155],[139.206199,34.331467],[139.206179,34.331236]]],[[[139.206245,34.331352],[139.206335,34.331404],[139.206328,34.331329],[139.206245,34.331352]]],[[[139.20604,34.333481],[139.206103,34.333385],[139.205985,34.333409],[139.20604,34.333481]]],[[[139.205993,34.333661],[139.205965,34.333603],[139.205944,34.333664],[139.205993,34.333661]]],[[[139.206176,34.333738],[139.20621,34.33366],[139.206157,34.333664],[139.206176,34.333738]]],[[[139.206009,34.334085],[139.206168,34.334051],[139.20611,34.334002],[139.206009,34.334085]]],[[[139.205553,34.334124],[139.205702,34.334144],[139.205709,34.334111],[139.205553,34.334124]]],[[[139.210683,34.315296],[139.210443,34.315129],[139.21033,34.315145],[139.210683,34.315296]]],[[[139.210364,34.315267],[139.210418,34.315533],[139.210633,34.31548],[139.210364,34.315267]]],[[[139.21136,34.315518],[139.211397,34.315417],[139.211332,34.315466],[139.21136,34.315518]]],[[[139.212688,34.315813],[139.212702,34.315653],[139.212509,34.315439],[139.212688,34.315813]]],[[[139.208809,34.315842],[139.208765,34.315697],[139.208698,34.315682],[139.208809,34.315842]]],[[[139.211021,34.316131],[139.211175,34.315615],[139.21074,34.315645],[139.211021,34.316131]]],[[[139.209023,34.315858],[139.209107,34.315865],[139.209032,34.315826],[139.209023,34.315858]]],[[[139.208699,34.315927],[139.208791,34.316046],[139.208752,34.315883],[139.208699,34.315927]]],[[[139.209104,34.315913],[139.209092,34.316404],[139.209261,34.316642],[139.209363,34.316276],[139.209104,34.315913]]],[[[139.211024,34.316414],[139.210993,34.316244],[139.210917,34.316366],[139.211024,34.316414]]],[[[139.214954,34.316609],[139.214982,34.316638],[139.214968,34.316608],[139.214954,34.316609]]],[[[139.207996,34.316992],[139.208593,34.316456],[139.208322,34.316371],[139.207996,34.316992]]],[[[139.209232,34.316761],[139.209253,34.316731],[139.209236,34.316723],[139.209232,34.316761]]],[[[139.20938,34.316785],[139.209421,34.316757],[139.209414,34.316744],[139.20938,34.316785]]],[[[139.207964,34.316948],[139.207841,34.317099],[139.207899,34.317116],[139.207964,34.316948]]],[[[139.209412,34.317502],[139.20955,34.317068],[139.209294,34.31685],[139.209412,34.317502]]],[[[139.214619,34.317199],[139.214514,34.317204],[139.214527,34.317225],[139.214619,34.317199]]],[[[139.209004,34.317343],[139.208893,34.317047],[139.208927,34.317456],[139.209004,34.317343]]],[[[139.214577,34.31727],[139.214551,34.317257],[139.214559,34.317275],[139.214577,34.31727]]],[[[139.21412,34.317254],[139.21408,34.317368],[139.214151,34.317377],[139.21412,34.317254]]],[[[139.208991,34.31749],[139.209059,34.317493],[139.209036,34.317447],[139.208991,34.31749]]],[[[139.208815,34.317695],[139.208856,34.317669],[139.208812,34.31767],[139.208815,34.317695]]],[[[139.206618,34.318644],[139.206639,34.318541],[139.206541,34.318566],[139.206618,34.318644]]],[[[139.207027,34.319782],[139.206934,34.31996],[139.207034,34.320006],[139.207027,34.319782]]],[[[139.206733,34.319921],[139.206676,34.319894],[139.20673,34.319941],[139.206733,34.319921]]],[[[139.207136,34.320479],[139.207042,34.320525],[139.207036,34.320571],[139.207136,34.320479]]],[[[139.206983,34.320972],[139.206819,34.320886],[139.20682,34.320957],[139.206983,34.320972]]],[[[139.20674,34.321379],[139.206488,34.321207],[139.206443,34.321371],[139.20674,34.321379]]],[[[139.212904,34.336832],[139.213966,34.334861],[139.214057,34.335281],[139.214238,34.334746],[139.215524,34.335369],[139.215461,34.33576],[139.216538,34.334233],[139.215907,34.334665],[139.214868,34.334157],[139.21428,34.332263],[139.215089,34.333181],[139.215729,34.332863],[139.215899,34.333429],[139.216699,34.333293],[139.216787,34.33376],[139.217213,34.333445],[139.217544,34.334302],[139.217653,34.333374],[139.216909,34.33338],[139.217681,34.33249],[139.218099,34.333092],[139.218157,34.332894],[139.219561,34.332576],[139.220248,34.33281],[139.220967,34.332013],[139.223511,34.331378],[139.223057,34.330735],[139.222344,34.3312],[139.22186,34.331049],[139.222874,34.330038],[139.224602,34.330847],[139.223873,34.331702],[139.224817,34.330741],[139.225506,34.33093],[139.225531,34.330187],[139.226452,34.330126],[139.226095,34.329684],[139.227054,34.328552],[139.22618,34.329214],[139.226646,34.327732],[139.226006,34.327297],[139.22697,34.326174],[139.226474,34.325633],[139.225682,34.326157],[139.225343,34.324227],[139.224135,34.324325],[139.225161,34.323382],[139.222736,34.323836],[139.219801,34.322142],[139.220044,34.320933],[139.219572,34.321054],[139.219373,34.320401],[139.219577,34.320203],[139.221126,34.320173],[139.221179,34.319994],[139.21885,34.319759],[139.219064,34.32084],[139.218469,34.320777],[139.217118,34.318086],[139.217632,34.317149],[139.216889,34.316971],[139.216813,34.31664],[139.216605,34.317604],[139.216084,34.317852],[139.215437,34.316938],[139.215046,34.317773],[139.214824,34.317196],[139.214455,34.317497],[139.214475,34.316701],[139.214253,34.316553],[139.214244,34.317588],[139.214032,34.317832],[139.213219,34.316984],[139.213494,34.316149],[139.212771,34.316012],[139.212574,34.317022],[139.21196,34.315738],[139.211558,34.317053],[139.210975,34.316696],[139.211441,34.317539],[139.210835,34.317019],[139.211381,34.318279],[139.210393,34.317517],[139.210239,34.317998],[139.209512,34.317455],[139.209085,34.317774],[139.208741,34.317723],[139.208687,34.317438],[139.208335,34.317391],[139.208149,34.318157],[139.207122,34.317618],[139.207741,34.31886],[139.206652,34.319732],[139.206745,34.31987],[139.206991,34.319741],[139.207055,34.319803],[139.207035,34.320069],[139.20682,34.32027],[139.207455,34.320087],[139.207476,34.321117],[139.206703,34.321667],[139.205188,34.321138],[139.204094,34.321981],[139.203839,34.321751],[139.204575,34.320304],[139.203687,34.320297],[139.203419,34.321383],[139.203275,34.320269],[139.202867,34.320973],[139.202547,34.320814],[139.202355,34.320377],[139.202498,34.319436],[139.202038,34.318921],[139.201904,34.31861],[139.202185,34.318058],[139.201303,34.316363],[139.200142,34.316079],[139.199997,34.316624],[139.197732,34.315958],[139.196792,34.316667],[139.196072,34.316346],[139.196077,34.316877],[139.197777,34.317639],[139.194906,34.318203],[139.193931,34.320316],[139.194829,34.320799],[139.196425,34.323603],[139.196731,34.32324],[139.197567,34.324324],[139.197888,34.324175],[139.198209,34.324182],[139.198912,34.324988],[139.19965,34.324927],[139.19928,34.325143],[139.199364,34.325314],[139.199519,34.325079],[139.200072,34.32501],[139.201654,34.325696],[139.200461,34.326561],[139.201347,34.327719],[139.200265,34.329047],[139.201767,34.329061],[139.202102,34.32831],[139.202729,34.327643],[139.204346,34.326721],[139.20486,34.326705],[139.205158,34.326839],[139.205499,34.327254],[139.205548,34.327541],[139.204749,34.328348],[139.205132,34.328632],[139.205182,34.329036],[139.204782,34.329461],[139.205465,34.328919],[139.205539,34.328042],[139.206265,34.327904],[139.206843,34.329773],[139.206508,34.330479],[139.208108,34.32992],[139.208835,34.331047],[139.208078,34.332029],[139.208481,34.332538],[139.207588,34.332294],[139.207629,34.333104],[139.20691,34.333216],[139.207474,34.333397],[139.207691,34.334491],[139.207091,34.334896],[139.206425,34.334128],[139.206086,34.334679],[139.206883,34.334905],[139.206905,34.335255],[139.208801,34.334839],[139.209235,34.336738],[139.210791,34.336555],[139.211228,34.335843],[139.212904,34.336832]]],[[[139.207514,34.330371],[139.207568,34.330392],[139.207546,34.330343],[139.207514,34.330371]]],[[[139.207102,34.330645],[139.206972,34.330562],[139.207081,34.330658],[139.207102,34.330645]]],[[[139.208065,34.330746],[139.20804,34.330796],[139.208096,34.330757],[139.208065,34.330746]]],[[[139.208186,34.330818],[139.208275,34.33079],[139.208279,34.330766],[139.208186,34.330818]]],[[[139.207097,34.330832],[139.207134,34.330797],[139.207081,34.330758],[139.207097,34.330832]]],[[[139.206704,34.331268],[139.206918,34.330716],[139.206402,34.33123],[139.206704,34.331268]]],[[[139.208264,34.33097],[139.208098,34.33104],[139.207988,34.331226],[139.208264,34.33097]]],[[[139.206936,34.331164],[139.207017,34.331125],[139.206986,34.331085],[139.206936,34.331164]]],[[[139.208287,34.331271],[139.208058,34.331312],[139.208058,34.331398],[139.208287,34.331271]]],[[[139.208119,34.331484],[139.208181,34.331407],[139.208098,34.331465],[139.208119,34.331484]]],[[[139.207941,34.331529],[139.207943,34.331487],[139.207919,34.331499],[139.207941,34.331529]]],[[[139.207294,34.331474],[139.207131,34.331453],[139.207082,34.331651],[139.207294,34.331474]]],[[[139.207854,34.331551],[139.207991,34.331591],[139.207915,34.331513],[139.207854,34.331551]]],[[[139.208163,34.331683],[139.208319,34.331632],[139.208338,34.331586],[139.208163,34.331683]]],[[[139.207754,34.331666],[139.207868,34.331685],[139.207816,34.331629],[139.207754,34.331666]]],[[[139.208072,34.331976],[139.207946,34.332049],[139.20802,34.332063],[139.208072,34.331976]]],[[[139.207411,34.332328],[139.207411,34.332402],[139.207474,34.332324],[139.207411,34.332328]]],[[[139.207446,34.334103],[139.207518,34.334153],[139.207477,34.33408],[139.207446,34.334103]]],[[[139.207462,34.334191],[139.207302,34.334161],[139.207419,34.334253],[139.207462,34.334191]]],[[[139.20735,34.334394],[139.20744,34.33441],[139.207439,34.334349],[139.20735,34.334394]]],[[[139.214394,34.334928],[139.214435,34.335085],[139.214489,34.335021],[139.214394,34.334928]]],[[[139.206708,34.334963],[139.206669,34.335004],[139.206733,34.335012],[139.20679,34.335053],[139.206708,34.334963]]],[[[139.20667,34.335042],[139.206749,34.335049],[139.206732,34.335021],[139.20667,34.335042]]],[[[139.214235,34.334973],[139.214263,34.335146],[139.214275,34.334961],[139.214235,34.334973]]],[[[139.206804,34.335153],[139.206809,34.335102],[139.206776,34.335123],[139.206804,34.335153]]],[[[139.206799,34.33519],[139.206804,34.335165],[139.206771,34.335153],[139.206799,34.33519]]],[[[139.21469,34.335203],[139.214621,34.335372],[139.214764,34.335133],[139.21469,34.335203]]],[[[139.214152,34.335331],[139.214119,34.335336],[139.214128,34.335344],[139.214152,34.335331]]],[[[139.208308,34.335367],[139.208188,34.335403],[139.208278,34.335463],[139.208308,34.335367]]],[[[139.208131,34.335452],[139.208076,34.335331],[139.208056,34.335381],[139.208131,34.335452]]],[[[139.207,34.335339],[139.207059,34.335472],[139.207123,34.335339],[139.207,34.335339]]],[[[139.214478,34.335458],[139.214596,34.33543],[139.214577,34.335393],[139.214478,34.335458]]],[[[139.207234,34.335508],[139.208103,34.335477],[139.207282,34.335355],[139.207234,34.335508]]],[[[139.214232,34.33557],[139.214201,34.335548],[139.214167,34.335583],[139.214232,34.33557]]],[[[139.214492,34.335593],[139.214439,34.335808],[139.214526,34.335494],[139.214492,34.335593]]],[[[139.208188,34.336425],[139.207799,34.335721],[139.207412,34.335979],[139.208188,34.336425]]],[[[139.208541,34.336096],[139.208572,34.336075],[139.208559,34.336063],[139.208541,34.336096]]],[[[139.213642,34.336333],[139.213773,34.336364],[139.213875,34.33625],[139.213642,34.336333]]],[[[139.21348,34.336433],[139.213444,34.33649],[139.21352,34.336427],[139.21348,34.336433]]],[[[139.213327,34.336556],[139.213414,34.33653],[139.213401,34.336507],[139.213327,34.336556]]],[[[139.213287,34.336841],[139.213366,34.336826],[139.21333,34.336811],[139.213287,34.336841]]],[[[139.209999,34.337027],[139.21,34.33693],[139.209948,34.336994],[139.209999,34.337027]]],[[[139.210562,34.337082],[139.210621,34.337092],[139.210577,34.337052],[139.210562,34.337082]]],[[[139.211019,34.337156],[139.210978,34.337168],[139.211009,34.337176],[139.211019,34.337156]]],[[[139.211192,34.337254],[139.211257,34.337241],[139.21125,34.337215],[139.211192,34.337254]]],[[[139.210598,34.337295],[139.210557,34.33727],[139.210554,34.337288],[139.210598,34.337295]]],[[[139.210827,34.337298],[139.210709,34.337279],[139.210709,34.337308],[139.210827,34.337298]]],[[[139.211184,34.337361],[139.211189,34.337324],[139.211162,34.337345],[139.211184,34.337361]]],[[[139.21089,34.337438],[139.210884,34.337354],[139.210837,34.337409],[139.21089,34.337438]]],[[[139.21072,34.338364],[139.211884,34.337517],[139.211713,34.337969],[139.212057,34.337964],[139.21242,34.336836],[139.210724,34.336825],[139.211558,34.337124],[139.211028,34.337532],[139.20965,34.337639],[139.21072,34.338364]]],[[[139.209753,34.338007],[139.209696,34.337961],[139.209709,34.338014],[139.209753,34.338007]]],[[[139.215296,34.316206],[139.215341,34.316213],[139.215337,34.316141],[139.215296,34.316206]]],[[[139.215545,34.3163],[139.215505,34.316288],[139.215525,34.316321],[139.215545,34.3163]]],[[[139.217082,34.316268],[139.216986,34.316645],[139.217278,34.316382],[139.217082,34.316268]]],[[[139.216767,34.316578],[139.216809,34.31641],[139.216726,34.316582],[139.216767,34.316578]]],[[[139.216345,34.316441],[139.216394,34.316577],[139.216377,34.316422],[139.216345,34.316441]]],[[[139.215214,34.316565],[139.215165,34.316544],[139.215182,34.31659],[139.215214,34.316565]]],[[[139.219092,34.316525],[139.219047,34.316541],[139.219065,34.316644],[139.219092,34.316525]]],[[[139.216064,34.316929],[139.215974,34.316243],[139.21564,34.316258],[139.216064,34.316929]]],[[[139.216393,34.316618],[139.216445,34.316584],[139.216425,34.316572],[139.216393,34.316618]]],[[[139.216664,34.3166],[139.216561,34.316698],[139.216579,34.316761],[139.216664,34.3166]]],[[[139.215009,34.316642],[139.214966,34.316693],[139.215029,34.316642],[139.215009,34.316642]]],[[[139.218834,34.316701],[139.218924,34.31671],[139.218907,34.316641],[139.218834,34.316701]]],[[[139.217087,34.316681],[139.216986,34.316756],[139.217031,34.316771],[139.217087,34.316681]]],[[[139.216932,34.316754],[139.216934,34.316717],[139.216912,34.316736],[139.216932,34.316754]]],[[[139.215152,34.316727],[139.21519,34.316839],[139.215194,34.31669],[139.215152,34.316727]]],[[[139.216984,34.316786],[139.216944,34.31677],[139.216979,34.316802],[139.216984,34.316786]]],[[[139.21503,34.316708],[139.214974,34.316917],[139.215061,34.316958],[139.21503,34.316708]]],[[[139.21527,34.316753],[139.215276,34.316786],[139.215299,34.31693],[139.215325,34.316818],[139.21527,34.316753]]],[[[139.217723,34.317223],[139.217852,34.316714],[139.217889,34.316488],[139.217723,34.317223]]],[[[139.218846,34.316836],[139.218882,34.316945],[139.218909,34.316933],[139.218846,34.316836]]],[[[139.215204,34.316916],[139.215191,34.316884],[139.215196,34.316919],[139.215204,34.316916]]],[[[139.218623,34.31694],[139.218678,34.316865],[139.218645,34.316846],[139.218623,34.31694]]],[[[139.218596,34.317162],[139.218444,34.316984],[139.218379,34.317138],[139.218596,34.317162]]],[[[139.218323,34.317258],[139.218352,34.317238],[139.21833,34.317219],[139.218323,34.317258]]],[[[139.219385,34.317345],[139.219353,34.317282],[139.219284,34.317297],[139.219385,34.317345]]],[[[139.21643,34.317458],[139.216389,34.317452],[139.216405,34.317482],[139.21643,34.317458]]],[[[139.219172,34.317551],[139.219162,34.317459],[139.219122,34.317534],[139.219172,34.317551]]],[[[139.218121,34.317692],[139.218093,34.317429],[139.217894,34.317593],[139.218121,34.317692]]],[[[139.218588,34.317615],[139.21863,34.317589],[139.2186,34.317582],[139.218588,34.317615]]],[[[139.219252,34.317632],[139.219026,34.317591],[139.219153,34.317653],[139.219252,34.317632]]],[[[139.219446,34.31764],[139.21938,34.317607],[139.219424,34.317729],[139.219446,34.31764]]],[[[139.218792,34.317754],[139.218966,34.317782],[139.218872,34.317691],[139.218792,34.317754]]],[[[139.219148,34.317943],[139.219144,34.317828],[139.219084,34.317945],[139.219148,34.317943]]],[[[139.217359,34.318084],[139.217364,34.31812],[139.217384,34.318109],[139.217359,34.318084]]],[[[139.217435,34.318155],[139.217442,34.31812],[139.21741,34.318149],[139.217435,34.318155]]],[[[139.2175,34.318288],[139.217698,34.318108],[139.217585,34.318056],[139.2175,34.318288]]],[[[139.219725,34.318221],[139.219788,34.318164],[139.219735,34.318162],[139.219725,34.318221]]],[[[139.218994,34.318248],[139.218975,34.318231],[139.218976,34.318262],[139.218994,34.318248]]],[[[139.219393,34.318276],[139.219264,34.318254],[139.219335,34.318358],[139.219393,34.318276]]],[[[139.218916,34.318309],[139.218947,34.318287],[139.21891,34.318284],[139.218916,34.318309]]],[[[139.218849,34.318286],[139.218816,34.318322],[139.218884,34.318297],[139.218849,34.318286]]],[[[139.21974,34.318504],[139.219396,34.318484],[139.219547,34.318856],[139.21974,34.318504]]],[[[139.218745,34.318785],[139.21873,34.318534],[139.218433,34.318672],[139.218745,34.318785]]],[[[139.218909,34.318705],[139.218892,34.318686],[139.218878,34.318713],[139.218909,34.318705]]],[[[139.217696,34.318829],[139.217755,34.318823],[139.217693,34.318743],[139.217696,34.318829]]],[[[139.219367,34.318829],[139.21942,34.318814],[139.219385,34.318802],[139.219367,34.318829]]],[[[139.217887,34.318844],[139.217878,34.318832],[139.217874,34.318844],[139.217887,34.318844]]],[[[139.217563,34.318833],[139.217598,34.318862],[139.217604,34.318842],[139.217563,34.318833]]],[[[139.217656,34.318856],[139.217697,34.318856],[139.217686,34.318845],[139.217656,34.318856]]],[[[139.21894,34.318891],[139.219029,34.318878],[139.218997,34.31883],[139.21894,34.318891]]],[[[139.217872,34.318899],[139.217858,34.318874],[139.217856,34.318905],[139.217872,34.318899]]],[[[139.218416,34.319193],[139.218225,34.319155],[139.218287,34.319241],[139.218416,34.319193]]],[[[139.217743,34.319225],[139.217716,34.319208],[139.217718,34.319227],[139.217743,34.319225]]],[[[139.217839,34.319196],[139.217835,34.319241],[139.217877,34.319213],[139.217839,34.319196]]],[[[139.218573,34.319249],[139.21854,34.319203],[139.218526,34.319217],[139.218573,34.319249]]],[[[139.218158,34.31936],[139.218397,34.319346],[139.218185,34.31926],[139.218158,34.31936]]],[[[139.222321,34.320209],[139.222346,34.320219],[139.222363,34.320168],[139.222321,34.320209]]],[[[139.220989,34.320299],[139.221047,34.320314],[139.221029,34.320262],[139.220989,34.320299]]],[[[139.22098,34.320248],[139.220861,34.320369],[139.220885,34.320418],[139.22098,34.320248]]],[[[139.22069,34.32034],[139.220631,34.320365],[139.220649,34.320375],[139.22069,34.32034]]],[[[139.220965,34.320369],[139.220989,34.320322],[139.220969,34.320317],[139.220965,34.320369]]],[[[139.222162,34.320415],[139.222193,34.320282],[139.222103,34.320322],[139.222162,34.320415]]],[[[139.220604,34.320381],[139.220581,34.320364],[139.220584,34.320393],[139.220604,34.320381]]],[[[139.220858,34.320507],[139.220629,34.320438],[139.220661,34.32056],[139.220858,34.320507]]],[[[139.221165,34.320493],[139.221088,34.320484],[139.221107,34.320517],[139.221165,34.320493]]],[[[139.21991,34.320525],[139.219744,34.320309],[139.219723,34.320743],[139.21991,34.320525]]],[[[139.220854,34.320659],[139.220925,34.320565],[139.220849,34.320592],[139.220854,34.320659]]],[[[139.221222,34.321222],[139.221321,34.321112],[139.221171,34.321156],[139.221222,34.321222]]],[[[139.220383,34.321943],[139.220852,34.321487],[139.220451,34.321355],[139.220383,34.321943]]],[[[139.221199,34.322123],[139.221193,34.32208],[139.221177,34.322102],[139.221199,34.322123]]],[[[139.221232,34.322342],[139.221165,34.322153],[139.221083,34.3223],[139.221232,34.322342]]],[[[139.222228,34.322964],[139.222211,34.323034],[139.222268,34.322985],[139.222228,34.322964]]],[[[139.221137,34.332111],[139.221219,34.332109],[139.221152,34.332068],[139.221137,34.332111]]],[[[139.218635,34.332878],[139.218667,34.332853],[139.218632,34.332837],[139.218635,34.332878]]],[[[139.217463,34.333159],[139.217496,34.333242],[139.217541,34.333202],[139.217463,34.333159]]],[[[139.216632,34.333591],[139.216396,34.333583],[139.216637,34.333636],[139.216632,34.333591]]],[[[139.222157,34.37381],[139.222306,34.374047],[139.222403,34.373845],[139.222157,34.37381]]],[[[139.222121,34.374046],[139.222081,34.373975],[139.22206,34.373977],[139.222121,34.374046]]],[[[139.222216,34.374198],[139.222192,34.374155],[139.222194,34.374195],[139.222216,34.374198]]],[[[139.221922,34.374584],[139.221837,34.37407],[139.221602,34.374625],[139.221922,34.374584]]],[[[139.223939,34.318935],[139.224001,34.318363],[139.223825,34.318283],[139.223939,34.318935]]],[[[139.2225,34.320221],[139.222391,34.320201],[139.222408,34.320255],[139.2225,34.320221]]],[[[139.224745,34.320281],[139.224748,34.32021],[139.224718,34.320208],[139.224745,34.320281]]],[[[139.223506,34.320329],[139.223507,34.320247],[139.223462,34.320277],[139.223506,34.320329]]],[[[139.224825,34.32081],[139.224875,34.320482],[139.224823,34.320472],[139.224825,34.32081]]],[[[139.225473,34.320636],[139.225621,34.320661],[139.225546,34.320574],[139.225473,34.320636]]],[[[139.225676,34.320704],[139.225736,34.320671],[139.225679,34.320673],[139.225676,34.320704]]],[[[139.225739,34.320735],[139.225745,34.320801],[139.225773,34.320759],[139.225739,34.320735]]],[[[139.224299,34.32101],[139.224578,34.320696],[139.224159,34.320838],[139.224299,34.32101]]],[[[139.225098,34.320823],[139.224938,34.32078],[139.22507,34.320976],[139.225098,34.320823]]],[[[139.225073,34.320482],[139.22515,34.320887],[139.225512,34.321282],[139.225466,34.320962],[139.225073,34.320482]]],[[[139.225175,34.3216],[139.225001,34.321082],[139.224511,34.321148],[139.225175,34.3216]]],[[[139.223405,34.321473],[139.223646,34.321627],[139.223603,34.32149],[139.223405,34.321473]]],[[[139.225109,34.321781],[139.224746,34.321497],[139.225024,34.321871],[139.225109,34.321781]]],[[[139.223301,34.321936],[139.223348,34.321914],[139.223286,34.321922],[139.223301,34.321936]]],[[[139.223522,34.322172],[139.22281,34.322104],[139.223404,34.321816],[139.222865,34.321012],[139.222041,34.322812],[139.223522,34.322172]]],[[[139.224238,34.322261],[139.224287,34.32228],[139.224253,34.322198],[139.224238,34.322261]]],[[[139.224037,34.322281],[139.224212,34.322226],[139.224173,34.322194],[139.224037,34.322281]]],[[[139.224464,34.322494],[139.224471,34.322473],[139.224454,34.322482],[139.224464,34.322494]]],[[[139.225017,34.322635],[139.225091,34.322655],[139.22511,34.322577],[139.225017,34.322635]]],[[[139.224881,34.322949],[139.225012,34.322967],[139.224947,34.322866],[139.224881,34.322949]]],[[[139.22344,34.323035],[139.223481,34.323018],[139.223455,34.323007],[139.22344,34.323035]]],[[[139.223021,34.322999],[139.223072,34.323084],[139.223102,34.323001],[139.223021,34.322999]]],[[[139.223245,34.323084],[139.223321,34.323111],[139.223319,34.323087],[139.223245,34.323084]]],[[[139.224311,34.323129],[139.224224,34.323243],[139.224593,34.323031],[139.224311,34.323129]]],[[[139.224706,34.323191],[139.224837,34.323193],[139.224853,34.323144],[139.224706,34.323191]]],[[[139.224026,34.323195],[139.224084,34.323342],[139.224167,34.323186],[139.224026,34.323195]]],[[[139.225526,34.323768],[139.225574,34.323743],[139.225545,34.323743],[139.225526,34.323768]]],[[[139.225416,34.323935],[139.225475,34.323922],[139.225459,34.323906],[139.225416,34.323935]]],[[[139.225172,34.32394],[139.225296,34.324007],[139.225358,34.323911],[139.225172,34.32394]]],[[[139.2248,34.324169],[139.224922,34.324047],[139.224687,34.324234],[139.2248,34.324169]]],[[[139.225544,34.330861],[139.225597,34.33084],[139.225548,34.330794],[139.225544,34.330861]]],[[[139.225239,34.367778],[139.225395,34.367745],[139.225289,34.36762],[139.225239,34.367778]]],[[[139.225242,34.37226],[139.225097,34.372055],[139.224965,34.372172],[139.225242,34.37226]]],[[[139.224756,34.372246],[139.22494,34.37225],[139.224875,34.37216],[139.224756,34.372246]]],[[[139.225467,34.372284],[139.225399,34.372219],[139.225402,34.372292],[139.225467,34.372284]]],[[[139.224573,34.372258],[139.224461,34.372346],[139.224581,34.372345],[139.224573,34.372258]]],[[[139.22535,34.37244],[139.225066,34.372527],[139.225314,34.372568],[139.22535,34.37244]]],[[[139.223417,34.372377],[139.22326,34.372466],[139.223342,34.372538],[139.223417,34.372377]]],[[[139.224433,34.37264],[139.224529,34.372622],[139.224456,34.372574],[139.224433,34.37264]]],[[[139.224785,34.372587],[139.224669,34.372771],[139.224804,34.372821],[139.224785,34.372587]]],[[[139.224628,34.372883],[139.224403,34.372883],[139.224553,34.372962],[139.224628,34.372883]]],[[[139.224117,34.372816],[139.224161,34.372908],[139.224256,34.372836],[139.224117,34.372816]]],[[[139.224242,34.37295],[139.224173,34.372916],[139.224147,34.372962],[139.224242,34.37295]]],[[[139.223733,34.373026],[139.22341,34.372911],[139.223364,34.372998],[139.223733,34.373026]]],[[[139.225281,34.372981],[139.225239,34.372981],[139.225247,34.373002],[139.225281,34.372981]]],[[[139.224211,34.373002],[139.22429,34.372971],[139.224277,34.37295],[139.224211,34.373002]]],[[[139.224561,34.373049],[139.224483,34.372973],[139.224464,34.373057],[139.224561,34.373049]]],[[[139.224418,34.373011],[139.224379,34.373025],[139.224408,34.37304],[139.224418,34.373011]]],[[[139.224077,34.373047],[139.224125,34.373008],[139.224059,34.373022],[139.224077,34.373047]]],[[[139.225089,34.373069],[139.225097,34.373026],[139.225044,34.373048],[139.225089,34.373069]]],[[[139.224171,34.373151],[139.224222,34.373107],[139.224204,34.373087],[139.224171,34.373151]]],[[[139.224479,34.373171],[139.224466,34.373122],[139.224455,34.373162],[139.224479,34.373171]]],[[[139.225003,34.373209],[139.225039,34.373194],[139.225022,34.373182],[139.225003,34.373209]]],[[[139.223984,34.373105],[139.223803,34.373272],[139.224,34.373279],[139.223984,34.373105]]],[[[139.224975,34.373188],[139.224972,34.37322],[139.224989,34.373221],[139.224975,34.373188]]],[[[139.224207,34.373193],[139.224165,34.373224],[139.224181,34.373236],[139.224207,34.373193]]],[[[139.224767,34.373244],[139.224745,34.373259],[139.224768,34.373266],[139.224767,34.373244]]],[[[139.224913,34.373284],[139.224948,34.373282],[139.224934,34.37327],[139.224913,34.373284]]],[[[139.224869,34.373275],[139.224845,34.373301],[139.224871,34.3733],[139.224869,34.373275]]],[[[139.224095,34.373224],[139.224116,34.373384],[139.224156,34.37337],[139.224095,34.373224]]],[[[139.224818,34.373299],[139.224793,34.373323],[139.224813,34.373322],[139.224818,34.373299]]],[[[139.224246,34.373385],[139.224244,34.373267],[139.224203,34.37328],[139.224246,34.373385]]],[[[139.224707,34.373368],[139.224717,34.373336],[139.224681,34.373365],[139.224707,34.373368]]],[[[139.224668,34.373358],[139.224618,34.373371],[139.224626,34.373379],[139.224668,34.373358]]],[[[139.223909,34.373395],[139.223882,34.37335],[139.223884,34.373397],[139.223909,34.373395]]],[[[139.223993,34.373455],[139.22401,34.373409],[139.223967,34.373413],[139.223993,34.373455]]],[[[139.224176,34.373486],[139.224159,34.373385],[139.224126,34.373447],[139.224176,34.373486]]],[[[139.223949,34.373465],[139.22393,34.373437],[139.223923,34.373479],[139.223949,34.373465]]],[[[139.222635,34.373634],[139.222334,34.373456],[139.22219,34.373606],[139.222635,34.373634]]],[[[139.22423,34.373597],[139.224226,34.373538],[139.2242,34.373583],[139.22423,34.373597]]],[[[139.224016,34.373567],[139.223952,34.373686],[139.22404,34.373641],[139.224016,34.373567]]],[[[139.224171,34.373765],[139.224242,34.373705],[139.224211,34.373694],[139.224171,34.373765]]],[[[139.223654,34.373998],[139.223826,34.373809],[139.223584,34.373951],[139.223654,34.373998]]],[[[139.222808,34.37443],[139.223502,34.373917],[139.223059,34.373727],[139.223795,34.373746],[139.223561,34.37347],[139.222744,34.373708],[139.222808,34.37443]]],[[[139.222693,34.373966],[139.222574,34.373977],[139.22266,34.374028],[139.222693,34.373966]]],[[[139.22252,34.374004],[139.2225,34.37395],[139.222485,34.373955],[139.22252,34.374004]]],[[[139.222476,34.374174],[139.222504,34.374127],[139.222458,34.374166],[139.222476,34.374174]]],[[[139.223205,34.37433],[139.223304,34.374325],[139.223224,34.374242],[139.223205,34.37433]]],[[[139.225686,34.375012],[139.225611,34.375055],[139.225681,34.375063],[139.225686,34.375012]]],[[[139.225727,34.320934],[139.22574,34.320889],[139.225723,34.320894],[139.225727,34.320934]]],[[[139.225583,34.324958],[139.226267,34.324002],[139.225801,34.323861],[139.225583,34.324958]]],[[[139.226446,34.324731],[139.226687,34.325237],[139.226521,34.324658],[139.226446,34.324731]]],[[[139.225884,34.32504],[139.226058,34.325046],[139.22589,34.324987],[139.225884,34.32504]]],[[[139.226354,34.325187],[139.226356,34.325122],[139.226321,34.325133],[139.226354,34.325187]]],[[[139.226224,34.325151],[139.226082,34.325237],[139.226253,34.32523],[139.226224,34.325151]]],[[[139.226601,34.325441],[139.226635,34.325359],[139.22654,34.325415],[139.226601,34.325441]]],[[[139.226499,34.327527],[139.226721,34.327548],[139.226522,34.327462],[139.226499,34.327527]]],[[[139.227209,34.328111],[139.227317,34.328062],[139.227264,34.328016],[139.227209,34.328111]]],[[[139.227638,34.328088],[139.227547,34.32818],[139.22766,34.32811],[139.227638,34.328088]]],[[[139.227582,34.328256],[139.227727,34.328513],[139.227853,34.328252],[139.227582,34.328256]]],[[[139.226752,34.328621],[139.22677,34.328169],[139.226666,34.32864],[139.226752,34.328621]]],[[[139.227448,34.328513],[139.227419,34.32843],[139.22742,34.328514],[139.227448,34.328513]]],[[[139.227028,34.329051],[139.227137,34.328979],[139.227126,34.328939],[139.227028,34.329051]]],[[[139.226963,34.329268],[139.226758,34.329274],[139.226841,34.329364],[139.226963,34.329268]]],[[[139.227135,34.329391],[139.227216,34.329378],[139.227178,34.329341],[139.227135,34.329391]]],[[[139.226943,34.329491],[139.227046,34.329512],[139.22707,34.329412],[139.226943,34.329491]]],[[[139.226283,34.329556],[139.226311,34.329475],[139.226263,34.329499],[139.226283,34.329556]]],[[[139.22651,34.329537],[139.22666,34.329604],[139.226609,34.329454],[139.22651,34.329537]]],[[[139.22637,34.32972],[139.226371,34.329689],[139.226343,34.329707],[139.22637,34.32972]]],[[[139.226804,34.330245],[139.226917,34.329747],[139.226635,34.329818],[139.226804,34.330245]]],[[[139.226514,34.330062],[139.226502,34.330034],[139.226493,34.330065],[139.226514,34.330062]]],[[[139.225779,34.330515],[139.225975,34.330264],[139.225768,34.330212],[139.225779,34.330515]]],[[[139.225978,34.330515],[139.227049,34.330423],[139.22713,34.330147],[139.225978,34.330515]]],[[[139.228248,34.365926],[139.228307,34.365852],[139.228242,34.365862],[139.228248,34.365926]]],[[[139.228058,34.365915],[139.228194,34.365887],[139.228073,34.365818],[139.228058,34.365915]]],[[[139.22769,34.366468],[139.227601,34.366374],[139.227587,34.366484],[139.22769,34.366468]]],[[[139.227535,34.366599],[139.227556,34.366513],[139.227495,34.366563],[139.227535,34.366599]]],[[[139.228152,34.366619],[139.228133,34.36654],[139.228091,34.366609],[139.228152,34.366619]]],[[[139.226401,34.366493],[139.226483,34.366684],[139.226615,34.366599],[139.226401,34.366493]]],[[[139.227549,34.366829],[139.227538,34.366779],[139.227486,34.366795],[139.227549,34.366829]]],[[[139.228247,34.367031],[139.228087,34.366738],[139.228102,34.36703],[139.228247,34.367031]]],[[[139.22763,34.366836],[139.227815,34.366857],[139.22768,34.366793],[139.22763,34.366836]]],[[[139.226938,34.366954],[139.227068,34.366816],[139.226985,34.366782],[139.226938,34.366954]]],[[[139.22669,34.367054],[139.226773,34.366971],[139.226663,34.366946],[139.22669,34.367054]]],[[[139.227247,34.367075],[139.227347,34.367012],[139.227262,34.366982],[139.227247,34.367075]]],[[[139.2281,34.36711],[139.228046,34.367069],[139.228061,34.367135],[139.2281,34.36711]]],[[[139.226776,34.367121],[139.22675,34.367093],[139.226743,34.367116],[139.226776,34.367121]]],[[[139.228366,34.367145],[139.228351,34.367099],[139.228342,34.367135],[139.228366,34.367145]]],[[[139.226343,34.367138],[139.226499,34.367116],[139.22639,34.367083],[139.226343,34.367138]]],[[[139.226665,34.367165],[139.22661,34.367173],[139.226634,34.367182],[139.226665,34.367165]]],[[[139.228032,34.367165],[139.228043,34.367243],[139.228098,34.36723],[139.228032,34.367165]]],[[[139.226288,34.367385],[139.226338,34.367443],[139.226362,34.367387],[139.226288,34.367385]]],[[[139.226116,34.367604],[139.226136,34.367541],[139.226085,34.367595],[139.226116,34.367604]]],[[[139.226019,34.367732],[139.226019,34.367694],[139.225991,34.367729],[139.226019,34.367732]]],[[[139.225946,34.367763],[139.225923,34.367775],[139.225939,34.36778],[139.225946,34.367763]]],[[[139.226488,34.367855],[139.226477,34.367816],[139.226464,34.367856],[139.226488,34.367855]]],[[[139.226432,34.367931],[139.226506,34.367895],[139.226505,34.367874],[139.226432,34.367931]]],[[[139.226345,34.368075],[139.226401,34.368085],[139.22638,34.368023],[139.226345,34.368075]]],[[[139.226754,34.368209],[139.226747,34.368164],[139.226722,34.368199],[139.226754,34.368209]]],[[[139.226276,34.368353],[139.226395,34.368344],[139.226283,34.3683],[139.226276,34.368353]]],[[[139.22646,34.368413],[139.226541,34.368406],[139.226463,34.368383],[139.22646,34.368413]]],[[[139.226676,34.368511],[139.226677,34.368554],[139.22669,34.368545],[139.226676,34.368511]]],[[[139.226813,34.368619],[139.226786,34.368605],[139.226785,34.368632],[139.226813,34.368619]]],[[[139.226866,34.368721],[139.226997,34.368732],[139.226945,34.368666],[139.226866,34.368721]]],[[[139.227214,34.369187],[139.22718,34.3691],[139.227137,34.369206],[139.227214,34.369187]]],[[[139.225773,34.369363],[139.225922,34.369413],[139.225887,34.36932],[139.225773,34.369363]]],[[[139.227093,34.369326],[139.226741,34.369429],[139.226818,34.369521],[139.227093,34.369326]]],[[[139.227328,34.369654],[139.227302,34.369629],[139.227286,34.369661],[139.227328,34.369654]]],[[[139.227276,34.369725],[139.227316,34.36968],[139.227267,34.369711],[139.227276,34.369725]]],[[[139.227778,34.36995],[139.227811,34.36991],[139.22776,34.369946],[139.227778,34.36995]]],[[[139.227874,34.370014],[139.227861,34.36997],[139.227844,34.370002],[139.227874,34.370014]]],[[[139.227815,34.370013],[139.22779,34.369983],[139.227784,34.370019],[139.227815,34.370013]]],[[[139.227875,34.370169],[139.227857,34.370141],[139.227846,34.370181],[139.227875,34.370169]]],[[[139.227762,34.370175],[139.227832,34.370163],[139.227805,34.370141],[139.227762,34.370175]]],[[[139.22788,34.370248],[139.227854,34.370239],[139.227863,34.370261],[139.22788,34.370248]]],[[[139.227094,34.3704],[139.227192,34.370128],[139.226956,34.370405],[139.227094,34.3704]]],[[[139.227841,34.370791],[139.227889,34.370793],[139.227887,34.370779],[139.227841,34.370791]]],[[[139.227941,34.370808],[139.227904,34.37081],[139.22793,34.370824],[139.227941,34.370808]]],[[[139.227853,34.370959],[139.227851,34.370986],[139.22787,34.370967],[139.227853,34.370959]]],[[[139.227909,34.370982],[139.227883,34.370991],[139.227911,34.370996],[139.227909,34.370982]]],[[[139.225783,34.371273],[139.225927,34.371229],[139.225829,34.371195],[139.225783,34.371273]]],[[[139.224844,34.375584],[139.226058,34.374405],[139.226543,34.374523],[139.22684,34.373924],[139.229445,34.372632],[139.229338,34.372593],[139.229397,34.371583],[139.229203,34.371511],[139.229338,34.371221],[139.228911,34.37128],[139.228452,34.369187],[139.228868,34.367073],[139.228651,34.367362],[139.227998,34.367339],[139.227507,34.366997],[139.22708,34.367447],[139.226813,34.367128],[139.226427,34.367319],[139.226342,34.367465],[139.226086,34.367722],[139.225906,34.367811],[139.226808,34.367609],[139.226435,34.368332],[139.226717,34.368146],[139.2269,34.368132],[139.227525,34.369071],[139.22736,34.36945],[139.227549,34.36943],[139.227528,34.369576],[139.227908,34.369963],[139.227926,34.370162],[139.227858,34.370318],[139.227504,34.370599],[139.22784,34.370422],[139.227985,34.370892],[139.227652,34.37147],[139.227173,34.37179],[139.226058,34.372079],[139.226667,34.372174],[139.223775,34.374303],[139.223619,34.375622],[139.224844,34.375584]]],[[[139.226506,34.371759],[139.226437,34.371725],[139.226488,34.371786],[139.226506,34.371759]]],[[[139.226388,34.371813],[139.226305,34.371748],[139.226334,34.371831],[139.226388,34.371813]]],[[[139.228197,34.373416],[139.228201,34.37335],[139.228182,34.373349],[139.228197,34.373416]]],[[[139.227781,34.373843],[139.227823,34.373947],[139.227821,34.37384],[139.227781,34.373843]]],[[[139.22828,34.373954],[139.228348,34.373912],[139.228309,34.373907],[139.22828,34.373954]]],[[[139.22697,34.373965],[139.226948,34.37394],[139.226931,34.373955],[139.22697,34.373965]]],[[[139.226481,34.374862],[139.226537,34.375116],[139.226557,34.374857],[139.226481,34.374862]]],[[[139.229318,34.364864],[139.229433,34.364381],[139.228962,34.364841],[139.229318,34.364864]]],[[[139.239917,34.364876],[139.239975,34.364897],[139.23994,34.364859],[139.239917,34.364876]]],[[[139.229653,34.36496],[139.229722,34.364891],[139.229687,34.364884],[139.229653,34.36496]]],[[[139.239981,34.364965],[139.240017,34.364946],[139.239989,34.36494],[139.239981,34.364965]]],[[[139.229631,34.36505],[139.229587,34.364986],[139.229564,34.365031],[139.229631,34.36505]]],[[[139.239788,34.364973],[139.239926,34.365076],[139.239911,34.364975],[139.239788,34.364973]]],[[[139.239977,34.365172],[139.240072,34.365099],[139.23998,34.365091],[139.239977,34.365172]]],[[[139.22908,34.365287],[139.229534,34.365278],[139.228776,34.365131],[139.228865,34.365374],[139.22908,34.365287]]],[[[139.240594,34.365348],[139.240617,34.365327],[139.240605,34.365326],[139.240594,34.365348]]],[[[139.240471,34.365347],[139.24051,34.365334],[139.240491,34.365322],[139.240471,34.365347]]],[[[139.228321,34.365268],[139.228555,34.365387],[139.228347,34.365244],[139.228321,34.365268]]],[[[139.229812,34.365404],[139.229921,34.365454],[139.229927,34.365376],[139.229812,34.365404]]],[[[139.229751,34.365427],[139.22971,34.365468],[139.229752,34.36545],[139.229751,34.365427]]],[[[139.239976,34.365502],[139.240087,34.365406],[139.23999,34.365386],[139.239976,34.365502]]],[[[139.228958,34.365373],[139.229013,34.365536],[139.229267,34.365433],[139.228958,34.365373]]],[[[139.239989,34.365535],[139.240011,34.365612],[139.240013,34.365539],[139.239989,34.365535]]],[[[139.24037,34.365621],[139.240392,34.3656],[139.24038,34.3656],[139.24037,34.365621]]],[[[139.229745,34.36566],[139.229801,34.365632],[139.229765,34.365624],[139.229745,34.36566]]],[[[139.22965,34.365703],[139.229594,34.365659],[139.229595,34.365672],[139.22965,34.365703]]],[[[139.230015,34.365682],[139.23,34.365715],[139.230031,34.36571],[139.230015,34.365682]]],[[[139.229539,34.365748],[139.229483,34.365721],[139.229513,34.365764],[139.229539,34.365748]]],[[[139.229383,34.365877],[139.229446,34.365833],[139.229412,34.365811],[139.229383,34.365877]]],[[[139.228877,34.366153],[139.229204,34.365603],[139.228264,34.36576],[139.228877,34.366153]]],[[[139.229493,34.365882],[139.22944,34.365914],[139.229453,34.365925],[139.229493,34.365882]]],[[[139.229277,34.365912],[139.229341,34.36589],[139.22933,34.365879],[139.229277,34.365912]]],[[[139.24014,34.365958],[139.240204,34.365905],[139.240138,34.365897],[139.24014,34.365958]]],[[[139.240269,34.365985],[139.240262,34.365915],[139.240219,34.365966],[139.240269,34.365985]]],[[[139.24035,34.366045],[139.240386,34.366022],[139.240345,34.366022],[139.24035,34.366045]]],[[[139.228435,34.366046],[139.228531,34.3661],[139.228501,34.366024],[139.228435,34.366046]]],[[[139.240399,34.366091],[139.240371,34.366073],[139.240378,34.366096],[139.240399,34.366091]]],[[[139.228539,34.366223],[139.228517,34.366246],[139.228566,34.366237],[139.228539,34.366223]]],[[[139.228753,34.366168],[139.22849,34.366147],[139.228635,34.366256],[139.228499,34.366418],[139.228753,34.366168]]],[[[139.240381,34.366336],[139.240512,34.366382],[139.240465,34.366257],[139.240381,34.366336]]],[[[139.229293,34.366338],[139.229235,34.366339],[139.229261,34.36637],[139.229293,34.366338]]],[[[139.229258,34.366549],[139.229153,34.366463],[139.22913,34.366537],[139.229258,34.366549]]],[[[139.228406,34.366568],[139.228541,34.366509],[139.228457,34.36646],[139.228406,34.366568]]],[[[139.228659,34.366603],[139.228782,34.366537],[139.228788,34.36652],[139.228659,34.366603]]],[[[139.228967,34.366645],[139.228925,34.36658],[139.22891,34.366623],[139.228967,34.366645]]],[[[139.228613,34.366738],[139.228559,34.366716],[139.228553,34.366743],[139.228613,34.366738]]],[[[139.229291,34.367048],[139.229247,34.367073],[139.22929,34.36708],[139.229291,34.367048]]],[[[139.22844,34.367109],[139.228459,34.367194],[139.228512,34.367076],[139.22844,34.367109]]],[[[139.22858,34.367193],[139.228553,34.36712],[139.228518,34.367218],[139.22858,34.367193]]],[[[139.22928,34.36741],[139.22924,34.367381],[139.229239,34.36742],[139.22928,34.36741]]],[[[139.229105,34.367669],[139.229152,34.367587],[139.22902,34.367615],[139.229105,34.367669]]],[[[139.229148,34.367829],[139.229017,34.368045],[139.229148,34.368044],[139.229148,34.367829]]],[[[139.228711,34.368567],[139.228778,34.368561],[139.228778,34.368534],[139.228711,34.368567]]],[[[139.228646,34.369033],[139.228613,34.369036],[139.228626,34.36906],[139.228646,34.369033]]],[[[139.22866,34.36906],[139.228685,34.369069],[139.228689,34.369052],[139.22866,34.36906]]],[[[139.22856,34.369208],[139.228595,34.369208],[139.228565,34.369198],[139.22856,34.369208]]],[[[139.228771,34.369508],[139.228717,34.369491],[139.228735,34.369511],[139.228771,34.369508]]],[[[139.228782,34.36981],[139.22883,34.369745],[139.228764,34.369765],[139.228782,34.36981]]],[[[139.228903,34.369882],[139.228976,34.369908],[139.228979,34.369869],[139.228903,34.369882]]],[[[139.228711,34.370066],[139.228655,34.370055],[139.228675,34.370079],[139.228711,34.370066]]],[[[139.230301,34.370245],[139.230296,34.370177],[139.230263,34.370199],[139.230301,34.370245]]],[[[139.229502,34.370819],[139.229375,34.370955],[139.229523,34.370832],[139.229502,34.370819]]],[[[139.228923,34.370917],[139.22889,34.370915],[139.228905,34.37093],[139.228923,34.370917]]],[[[139.229433,34.371266],[139.229425,34.371212],[139.229413,34.37128],[139.229433,34.371266]]],[[[139.229396,34.37132],[139.22944,34.371329],[139.229422,34.371314],[139.229396,34.37132]]],[[[139.229509,34.371689],[139.22946,34.371627],[139.229425,34.371695],[139.229509,34.371689]]],[[[139.229474,34.371845],[139.229507,34.371851],[139.229511,34.371827],[139.229474,34.371845]]],[[[139.229477,34.372018],[139.229568,34.372012],[139.229549,34.37195],[139.229477,34.372018]]],[[[139.229582,34.372134],[139.22959,34.372104],[139.229542,34.372128],[139.229582,34.372134]]],[[[139.229513,34.372212],[139.229531,34.372146],[139.229467,34.372188],[139.229513,34.372212]]],[[[139.229529,34.372501],[139.229532,34.37243],[139.229477,34.37243],[139.229529,34.372501]]],[[[139.229396,34.372469],[139.229425,34.372494],[139.229422,34.372467],[139.229396,34.372469]]],[[[139.22948,34.372512],[139.229441,34.372519],[139.229461,34.372536],[139.22948,34.372512]]],[[[139.229383,34.372561],[139.229351,34.372576],[139.229365,34.372592],[139.229383,34.372561]]],[[[139.229344,34.372754],[139.22929,34.372756],[139.229319,34.372779],[139.229344,34.372754]]],[[[139.229667,34.372907],[139.229721,34.373078],[139.229755,34.373077],[139.229667,34.372907]]],[[[139.228868,34.373085],[139.228833,34.37307],[139.228834,34.373081],[139.228868,34.373085]]],[[[139.228916,34.373076],[139.228912,34.373108],[139.228929,34.373095],[139.228916,34.373076]]],[[[139.228974,34.373101],[139.229041,34.373168],[139.229023,34.373084],[139.228974,34.373101]]],[[[139.23004,34.373126],[139.229985,34.373209],[139.230091,34.373188],[139.23004,34.373126]]],[[[139.229705,34.37327],[139.229647,34.373138],[139.229566,34.373307],[139.229705,34.37327]]],[[[139.228739,34.373219],[139.228685,34.373214],[139.228734,34.373241],[139.228739,34.373219]]],[[[139.228647,34.373302],[139.228602,34.373272],[139.228621,34.373313],[139.228647,34.373302]]],[[[139.22868,34.373391],[139.228563,34.373359],[139.228524,34.373409],[139.22868,34.373391]]],[[[139.229451,34.37345],[139.229568,34.373346],[139.229478,34.373306],[139.229451,34.37345]]],[[[139.228382,34.373397],[139.22847,34.373411],[139.228393,34.373358],[139.228382,34.373397]]],[[[139.229604,34.373592],[139.229588,34.373534],[139.229568,34.373586],[139.229604,34.373592]]],[[[139.250478,34.341764],[139.25044,34.341712],[139.250424,34.341766],[139.250478,34.341764]]],[[[139.249827,34.342629],[139.24978,34.342567],[139.249769,34.342627],[139.249827,34.342629]]],[[[139.249937,34.342624],[139.249887,34.342639],[139.249923,34.342646],[139.249937,34.342624]]],[[[139.249806,34.342864],[139.249807,34.342761],[139.249694,34.342829],[139.249806,34.342864]]],[[[139.244472,34.349068],[139.244377,34.349113],[139.244438,34.349168],[139.244472,34.349068]]],[[[139.24441,34.349273],[139.244429,34.349299],[139.244429,34.349264],[139.24441,34.349273]]],[[[139.244321,34.349361],[139.244305,34.349339],[139.244303,34.349368],[139.244321,34.349361]]],[[[139.244194,34.349348],[139.244257,34.349377],[139.244246,34.349335],[139.244194,34.349348]]],[[[139.244391,34.34933],[139.244347,34.349379],[139.244371,34.349413],[139.244418,34.349391],[139.244391,34.34933]]],[[[139.244276,34.34965],[139.244323,34.349616],[139.244306,34.349606],[139.244276,34.34965]]],[[[139.244279,34.349761],[139.24429,34.349739],[139.244255,34.349738],[139.244279,34.349761]]],[[[139.244303,34.349835],[139.244335,34.349784],[139.244313,34.349769],[139.244303,34.349835]]],[[[139.244362,34.349967],[139.244387,34.349945],[139.244359,34.34995],[139.244362,34.349967]]],[[[139.243895,34.350025],[139.243949,34.349981],[139.243882,34.34999],[139.243895,34.350025]]],[[[139.244388,34.350017],[139.244356,34.349994],[139.244372,34.350029],[139.244388,34.350017]]],[[[139.244406,34.350156],[139.244325,34.35014],[139.244365,34.350211],[139.244406,34.350156]]],[[[139.244403,34.350331],[139.24439,34.350294],[139.244364,34.350315],[139.244403,34.350331]]],[[[139.244419,34.350384],[139.244372,34.350353],[139.244383,34.350397],[139.244419,34.350384]]],[[[139.244378,34.350537],[139.244397,34.350462],[139.244357,34.35052],[139.244378,34.350537]]],[[[139.244376,34.350628],[139.244331,34.350614],[139.244334,34.350636],[139.244376,34.350628]]],[[[139.244953,34.352669],[139.244913,34.352706],[139.244943,34.352712],[139.244953,34.352669]]],[[[139.244845,34.352712],[139.244812,34.35273],[139.244838,34.352739],[139.244845,34.352712]]],[[[139.244998,34.352745],[139.244968,34.352758],[139.244981,34.352769],[139.244998,34.352745]]],[[[139.244957,34.352951],[139.244914,34.352941],[139.244947,34.352968],[139.244957,34.352951]]],[[[139.244988,34.353034],[139.244943,34.353017],[139.244936,34.353055],[139.244988,34.353034]]],[[[139.244972,34.353097],[139.244971,34.353138],[139.244994,34.353133],[139.244972,34.353097]]],[[[139.244858,34.353314],[139.244816,34.353316],[139.244825,34.353343],[139.244858,34.353314]]],[[[139.245038,34.353366],[139.245021,34.353404],[139.245054,34.353402],[139.245038,34.353366]]],[[[139.245063,34.353442],[139.245043,34.353477],[139.245072,34.353478],[139.245063,34.353442]]],[[[139.245198,34.353714],[139.245175,34.353744],[139.245201,34.353747],[139.245198,34.353714]]],[[[139.245007,34.353784],[139.244952,34.353786],[139.244981,34.353802],[139.245007,34.353784]]],[[[139.245155,34.353768],[139.245118,34.353792],[139.245161,34.353793],[139.245155,34.353768]]],[[[139.245252,34.353934],[139.245235,34.353961],[139.245255,34.353961],[139.245252,34.353934]]],[[[139.243142,34.361501],[139.243202,34.361496],[139.243178,34.361452],[139.243142,34.361501]]],[[[139.243132,34.361963],[139.24315,34.361922],[139.243107,34.361914],[139.243132,34.361963]]],[[[139.243018,34.362006],[139.243013,34.362107],[139.243051,34.362018],[139.243018,34.362006]]],[[[139.241343,34.363244],[139.241469,34.363191],[139.241332,34.363211],[139.241343,34.363244]]],[[[139.241667,34.364095],[139.241615,34.364038],[139.241621,34.364113],[139.241667,34.364095]]],[[[139.241615,34.364256],[139.241616,34.36419],[139.241587,34.364199],[139.241615,34.364256]]],[[[139.241801,34.364383],[139.241837,34.36443],[139.241873,34.364404],[139.241801,34.364383]]],[[[139.241402,34.364471],[139.24147,34.364424],[139.241428,34.364423],[139.241402,34.364471]]],[[[139.24214,34.364487],[139.242276,34.364489],[139.242149,34.364439],[139.24214,34.364487]]],[[[139.241724,34.364552],[139.241681,34.364485],[139.241682,34.364546],[139.241724,34.364552]]],[[[139.241244,34.364719],[139.241273,34.364672],[139.241242,34.364669],[139.241244,34.364719]]],[[[139.241571,34.364757],[139.241626,34.364712],[139.241539,34.364731],[139.241571,34.364757]]],[[[139.241452,34.364776],[139.241367,34.364725],[139.241413,34.364788],[139.241452,34.364776]]],[[[139.241648,34.365044],[139.24167,34.365012],[139.24165,34.365013],[139.241648,34.365044]]],[[[139.240634,34.365024],[139.240726,34.36515],[139.240702,34.364995],[139.240634,34.365024]]],[[[139.242926,34.365129],[139.242896,34.365101],[139.242893,34.365124],[139.242926,34.365129]]],[[[139.240731,34.365174],[139.24077,34.365162],[139.240752,34.36515],[139.240731,34.365174]]],[[[139.242123,34.365584],[139.242097,34.36556],[139.242093,34.365582],[139.242123,34.365584]]],[[[139.241991,34.365618],[139.241947,34.365579],[139.241947,34.365617],[139.241991,34.365618]]],[[[139.241952,34.365688],[139.2419,34.365631],[139.241907,34.365706],[139.241952,34.365688]]],[[[139.24066,34.365841],[139.240575,34.365791],[139.240621,34.365853],[139.24066,34.365841]]],[[[139.243066,34.365891],[139.243112,34.365812],[139.243043,34.365814],[139.243066,34.365891]]],[[[139.240596,34.36596],[139.240599,34.365918],[139.240585,34.365949],[139.240596,34.36596]]],[[[139.240687,34.366037],[139.240736,34.366001],[139.24069,34.365998],[139.240687,34.366037]]],[[[139.240796,34.366299],[139.240861,34.366244],[139.240785,34.366283],[139.240796,34.366299]]],[[[139.24066,34.366296],[139.240638,34.366272],[139.240623,34.366294],[139.24066,34.366296]]],[[[139.240955,34.366401],[139.241,34.366379],[139.240963,34.366366],[139.240955,34.366401]]],[[[139.241156,34.366616],[139.24104,34.366574],[139.241073,34.36663],[139.241156,34.366616]]],[[[139.241492,34.366813],[139.241479,34.366789],[139.241477,34.366817],[139.241492,34.366813]]],[[[139.241532,34.366844],[139.241512,34.366825],[139.241518,34.366846],[139.241532,34.366844]]],[[[139.242561,34.366856],[139.242643,34.366815],[139.242571,34.366805],[139.242561,34.366856]]],[[[139.242781,34.366914],[139.242906,34.366882],[139.242715,34.366854],[139.242781,34.366914]]],[[[139.242891,34.366961],[139.242926,34.367114],[139.242966,34.366948],[139.242891,34.366961]]],[[[139.242664,34.367329],[139.242747,34.36729],[139.242702,34.367239],[139.242664,34.367329]]],[[[139.241591,34.367913],[139.241651,34.367903],[139.241618,34.367877],[139.241591,34.367913]]],[[[139.24168,34.368066],[139.2417,34.368045],[139.241687,34.368045],[139.24168,34.368066]]],[[[139.241281,34.368361],[139.241364,34.368322],[139.241319,34.368271],[139.241281,34.368361]]],[[[139.241287,34.368725],[139.241244,34.368659],[139.241245,34.368719],[139.241287,34.368725]]],[[[139.254941,34.396584],[139.254973,34.396466],[139.254859,34.396531],[139.254941,34.396584]]],[[[139.255156,34.396602],[139.255163,34.396514],[139.255134,34.396527],[139.255156,34.396602]]],[[[139.254918,34.397647],[139.254944,34.397602],[139.254909,34.397623],[139.254918,34.397647]]],[[[139.255424,34.399535],[139.255667,34.399273],[139.255383,34.399495],[139.255424,34.399535]]],[[[139.255126,34.399621],[139.25512,34.399582],[139.255093,34.399604],[139.255126,34.399621]]],[[[139.255591,34.399626],[139.255417,34.399565],[139.255343,34.399675],[139.255591,34.399626]]],[[[139.25521,34.399585],[139.255292,34.399634],[139.255269,34.39959],[139.25521,34.399585]]],[[[139.254933,34.399885],[139.255055,34.399994],[139.255119,34.399819],[139.254933,34.399885]]],[[[139.254646,34.399989],[139.254688,34.400083],[139.254754,34.399996],[139.254646,34.399989]]],[[[139.277083,34.323654],[139.277183,34.323674],[139.277069,34.323578],[139.277083,34.323654]]],[[[139.277099,34.323783],[139.277187,34.323777],[139.277135,34.323738],[139.277099,34.323783]]],[[[139.277006,34.323948],[139.277037,34.323786],[139.276907,34.323864],[139.277006,34.323948]]],[[[139.280354,34.324397],[139.280544,34.324367],[139.280429,34.324267],[139.280354,34.324397]]],[[[139.280646,34.324501],[139.280685,34.324345],[139.280609,34.324391],[139.280646,34.324501]]],[[[139.276197,34.327432],[139.278288,34.327074],[139.280744,34.32508],[139.279709,34.324618],[139.279065,34.325205],[139.277527,34.324151],[139.276886,34.324371],[139.275194,34.325946],[139.276197,34.327432]]],[[[139.276154,34.327448],[139.276163,34.32752],[139.276204,34.327554],[139.276154,34.327448]]],[[[139.27662,34.327711],[139.276616,34.327504],[139.276482,34.327511],[139.27662,34.327711]]],[[[139.277012,34.32761],[139.276886,34.327662],[139.276968,34.327684],[139.277012,34.32761]]],[[[139.25761,34.333785],[139.257682,34.333713],[139.257571,34.333732],[139.25761,34.333785]]],[[[139.258767,34.334665],[139.258809,34.334602],[139.258751,34.334609],[139.258767,34.334665]]],[[[139.257708,34.334716],[139.257637,34.334682],[139.257644,34.33472],[139.257708,34.334716]]],[[[139.257799,34.334827],[139.257838,34.334719],[139.257751,34.334744],[139.257799,34.334827]]],[[[139.257845,34.334967],[139.257884,34.334901],[139.257817,34.334906],[139.257845,34.334967]]],[[[139.25858,34.33505],[139.258679,34.335027],[139.258611,34.334997],[139.25858,34.33505]]],[[[139.257295,34.335404],[139.257343,34.335322],[139.25727,34.335338],[139.257295,34.335404]]],[[[139.255697,34.335736],[139.255794,34.335664],[139.255675,34.3357],[139.255697,34.335736]]],[[[139.25647,34.335998],[139.256611,34.335908],[139.256428,34.335926],[139.25647,34.335998]]],[[[139.279462,34.431338],[139.280799,34.430478],[139.281519,34.43118],[139.283195,34.430552],[139.284076,34.428584],[139.285833,34.428842],[139.287682,34.427825],[139.28875,34.425107],[139.290973,34.424225],[139.291121,34.419224],[139.292418,34.418843],[139.290616,34.418139],[139.289459,34.416345],[139.288721,34.416332],[139.288849,34.415712],[139.287744,34.415183],[139.286877,34.414363],[139.286477,34.41176],[139.288226,34.40978],[139.291342,34.408193],[139.291487,34.407531],[139.290333,34.407168],[139.290182,34.406401],[139.289262,34.406355],[139.289874,34.402423],[139.289167,34.401357],[139.285236,34.400085],[139.285011,34.399813],[139.28452,34.398509],[139.283171,34.397848],[139.283112,34.397438],[139.284718,34.396454],[139.28382,34.396723],[139.283235,34.395961],[139.284164,34.395344],[139.285696,34.396406],[139.283922,34.394584],[139.281933,34.395984],[139.279726,34.393608],[139.277882,34.390354],[139.276641,34.383478],[139.27583,34.370326],[139.275992,34.343959],[139.275454,34.342539],[139.273187,34.340753],[139.2716,34.332518],[139.271901,34.33099],[139.270929,34.330879],[139.266026,34.332877],[139.260906,34.334141],[139.257721,34.335777],[139.255181,34.33843],[139.251806,34.339894],[139.248919,34.345444],[139.24463,34.348284],[139.244483,34.350993],[139.245729,34.354338],[139.24524,34.35896],[139.243614,34.362195],[139.242616,34.362709],[139.242286,34.362028],[139.24163,34.362268],[139.242815,34.363067],[139.242024,34.364064],[139.243194,34.36522],[139.243337,34.367881],[139.239892,34.370649],[139.241281,34.369918],[139.241643,34.37053],[139.244054,34.369266],[139.244084,34.367549],[139.244981,34.367578],[139.246659,34.368676],[139.24587,34.369595],[139.246629,34.369228],[139.24707,34.369736],[139.246388,34.370243],[139.247129,34.369831],[139.248188,34.370807],[139.246954,34.371572],[139.246443,34.370986],[139.247127,34.370535],[139.24642,34.370961],[139.24508,34.369716],[139.246769,34.37176],[139.248551,34.370784],[139.250363,34.372988],[139.249262,34.37419],[139.247665,34.373048],[139.249077,34.37433],[139.250728,34.37371],[139.251065,34.374526],[139.250486,34.374778],[139.25129,34.374764],[139.252459,34.376441],[139.25271,34.377281],[139.25212,34.377548],[139.252698,34.377361],[139.253711,34.379073],[139.253532,34.380115],[139.254191,34.380291],[139.255074,34.382669],[139.254377,34.383037],[139.255453,34.382794],[139.254739,34.383022],[139.255668,34.38397],[139.256467,34.387492],[139.257343,34.394633],[139.25511,34.396363],[139.255478,34.396644],[139.255207,34.397785],[139.256027,34.397652],[139.255491,34.398121],[139.25624,34.398344],[139.25649,34.398753],[139.255323,34.401084],[139.256283,34.400654],[139.25616,34.401588],[139.257332,34.401227],[139.257893,34.402079],[139.258814,34.401997],[139.261059,34.404804],[139.263278,34.40562],[139.267139,34.408152],[139.2661,34.410128],[139.267839,34.411581],[139.267285,34.414298],[139.268031,34.413789],[139.268581,34.415115],[139.269048,34.414658],[139.268688,34.415386],[139.269739,34.415436],[139.269391,34.416359],[139.270978,34.415995],[139.274749,34.416813],[139.276611,34.419507],[139.275116,34.416588],[139.273943,34.416184],[139.273861,34.415284],[139.27472,34.415264],[139.276433,34.415773],[139.275885,34.416769],[139.276467,34.416004],[139.277805,34.41682],[139.27676,34.417697],[139.276228,34.417405],[139.276656,34.417953],[139.278061,34.416884],[139.278737,34.417393],[139.278797,34.417987],[139.279776,34.418205],[139.280087,34.418815],[139.278931,34.419157],[139.280033,34.419039],[139.280879,34.420253],[139.281742,34.424033],[139.281286,34.425825],[139.280708,34.426813],[139.280418,34.426965],[139.280693,34.429135],[139.279486,34.429554],[139.278517,34.431167],[139.279462,34.431338]]],[[[139.27975,34.393537],[139.279783,34.39346],[139.279747,34.393477],[139.27975,34.393537]]],[[[139.280409,34.394227],[139.280347,34.394175],[139.280358,34.394223],[139.280409,34.394227]]],[[[139.281571,34.395154],[139.281512,34.395085],[139.281481,34.395147],[139.281571,34.395154]]],[[[139.25577,34.395515],[139.255614,34.395569],[139.2558,34.395534],[139.25577,34.395515]]],[[[139.282009,34.39567],[139.282037,34.395555],[139.281967,34.395644],[139.282009,34.39567]]],[[[139.28339,34.397503],[139.283344,34.397476],[139.28335,34.397514],[139.28339,34.397503]]],[[[139.283233,34.397706],[139.283178,34.397641],[139.283159,34.39765],[139.283233,34.397706]]],[[[139.284927,34.397991],[139.284933,34.397926],[139.28491,34.397937],[139.284927,34.397991]]],[[[139.285044,34.398029],[139.285084,34.398001],[139.285034,34.397967],[139.285044,34.398029]]],[[[139.28411,34.398173],[139.284056,34.398144],[139.284059,34.398201],[139.28411,34.398173]]],[[[139.255728,34.398351],[139.255718,34.398317],[139.255696,34.398337],[139.255728,34.398351]]],[[[139.256241,34.398417],[139.256232,34.398372],[139.256187,34.398401],[139.256241,34.398417]]],[[[139.284654,34.398637],[139.284599,34.398627],[139.284634,34.398653],[139.284654,34.398637]]],[[[139.255946,34.398655],[139.25602,34.39865],[139.255999,34.398618],[139.255946,34.398655]]],[[[139.256005,34.399042],[139.25598,34.399173],[139.256113,34.399044],[139.256005,34.399042]]],[[[139.284939,34.399492],[139.284977,34.399432],[139.284931,34.399448],[139.284939,34.399492]]],[[[139.285029,34.399698],[139.285128,34.399732],[139.285104,34.399673],[139.285029,34.399698]]],[[[139.28516,34.399894],[139.285113,34.399859],[139.285102,34.399893],[139.28516,34.399894]]],[[[139.285224,34.399958],[139.285246,34.399881],[139.285189,34.399883],[139.285224,34.399958]]],[[[139.255531,34.400037],[139.255688,34.4],[139.255677,34.399968],[139.255531,34.400037]]],[[[139.255693,34.400996],[139.255664,34.400941],[139.25566,34.400997],[139.255693,34.400996]]],[[[139.256031,34.401119],[139.256131,34.401149],[139.256127,34.401072],[139.256031,34.401119]]],[[[139.257415,34.401441],[139.257444,34.401411],[139.257422,34.401402],[139.257415,34.401441]]],[[[139.257446,34.401551],[139.257509,34.401598],[139.25749,34.401539],[139.257446,34.401551]]],[[[139.25717,34.401741],[139.257143,34.401617],[139.257102,34.401718],[139.25717,34.401741]]],[[[139.257827,34.402189],[139.257403,34.402266],[139.257848,34.402309],[139.257827,34.402189]]],[[[139.258019,34.402308],[139.257958,34.402266],[139.257968,34.402305],[139.258019,34.402308]]],[[[139.260026,34.404119],[139.260102,34.404098],[139.260041,34.404053],[139.260026,34.404119]]],[[[139.260247,34.404288],[139.260319,34.404213],[139.260217,34.404197],[139.260247,34.404288]]],[[[139.260421,34.404403],[139.2605,34.404366],[139.260444,34.404326],[139.260421,34.404403]]],[[[139.260485,34.404545],[139.260539,34.404482],[139.260477,34.404514],[139.260485,34.404545]]],[[[139.262524,34.40564],[139.262442,34.40559],[139.262459,34.40565],[139.262524,34.40564]]],[[[139.265075,34.407318],[139.265184,34.40728],[139.265155,34.407256],[139.265075,34.407318]]],[[[139.265372,34.407368],[139.265342,34.407306],[139.265312,34.407361],[139.265372,34.407368]]],[[[139.265363,34.407687],[139.265451,34.407619],[139.265343,34.407643],[139.265363,34.407687]]],[[[139.266261,34.407726],[139.266235,34.407693],[139.266236,34.407728],[139.266261,34.407726]]],[[[139.266541,34.407881],[139.266464,34.407897],[139.266519,34.407928],[139.266541,34.407881]]],[[[139.266675,34.407948],[139.266638,34.407918],[139.266636,34.407949],[139.266675,34.407948]]],[[[139.266643,34.408168],[139.266754,34.408098],[139.266674,34.408075],[139.266643,34.408168]]],[[[139.265922,34.410508],[139.266006,34.410646],[139.266067,34.41054],[139.265922,34.410508]]],[[[139.266076,34.411021],[139.266254,34.411064],[139.266258,34.410896],[139.266076,34.411021]]],[[[139.265745,34.411041],[139.265859,34.411386],[139.265885,34.411026],[139.265745,34.411041]]],[[[139.265821,34.41175],[139.266107,34.411902],[139.265958,34.411623],[139.265821,34.41175]]],[[[139.268205,34.414728],[139.268279,34.414799],[139.268298,34.414718],[139.268205,34.414728]]],[[[139.262411,34.415111],[139.262684,34.415254],[139.262668,34.41505],[139.262411,34.415111]]],[[[139.268388,34.415359],[139.268465,34.415354],[139.268466,34.415328],[139.268388,34.415359]]],[[[139.278346,34.417228],[139.278347,34.417156],[139.278283,34.417213],[139.278346,34.417228]]],[[[139.280772,34.426332],[139.280816,34.426314],[139.280791,34.426277],[139.280772,34.426332]]],[[[139.280471,34.426831],[139.28051,34.426792],[139.280475,34.426786],[139.280471,34.426831]]],[[[139.279905,34.426983],[139.279917,34.426929],[139.279863,34.426951],[139.279905,34.426983]]],[[[139.280084,34.42708],[139.280119,34.427017],[139.280065,34.427066],[139.280084,34.42708]]],[[[139.284236,34.428886],[139.284266,34.428849],[139.284233,34.428853],[139.284236,34.428886]]],[[[139.284047,34.428913],[139.284092,34.428951],[139.284101,34.428893],[139.284047,34.428913]]],[[[139.284053,34.429139],[139.284126,34.429126],[139.284113,34.429093],[139.284053,34.429139]]],[[[139.283149,34.430695],[139.283039,34.430641],[139.283034,34.43069],[139.283149,34.430695]]],[[[139.281183,34.431556],[139.281188,34.431457],[139.281143,34.431462],[139.281183,34.431556]]],[[[139.281683,34.477702],[139.283459,34.47724],[139.281129,34.476832],[139.281683,34.477702]]],[[[139.282763,34.477659],[139.282631,34.477468],[139.282597,34.477508],[139.282763,34.477659]]],[[[139.282441,34.477783],[139.282291,34.477716],[139.282257,34.477795],[139.282441,34.477783]]],[[[139.281897,34.478753],[139.281482,34.478663],[139.281571,34.478967],[139.281897,34.478753]]],[[[139.280625,34.479035],[139.280816,34.479193],[139.280857,34.479114],[139.280625,34.479035]]],[[[139.285773,34.397803],[139.285829,34.397661],[139.285684,34.397737],[139.285773,34.397803]]],[[[139.285184,34.398175],[139.285466,34.398046],[139.285148,34.397865],[139.285184,34.398175]]],[[[139.28664,34.39849],[139.286945,34.397709],[139.286386,34.398191],[139.28664,34.39849]]],[[[139.286229,34.398412],[139.286396,34.398531],[139.286397,34.398397],[139.286229,34.398412]]],[[[139.286477,34.398552],[139.286438,34.39849],[139.286419,34.398538],[139.286477,34.398552]]],[[[139.287067,34.398519],[139.28679,34.398595],[139.287097,34.39858],[139.287067,34.398519]]],[[[139.286323,34.398779],[139.286434,34.398765],[139.286355,34.39873],[139.286323,34.398779]]],[[[139.285908,34.400041],[139.28586,34.400007],[139.285857,34.400044],[139.285908,34.400041]]],[[[139.285822,34.400176],[139.285895,34.400123],[139.285855,34.400122],[139.285822,34.400176]]],[[[139.28592,34.40019],[139.285967,34.400151],[139.285923,34.400151],[139.28592,34.40019]]],[[[139.287697,34.400584],[139.287692,34.400469],[139.287635,34.400543],[139.287697,34.400584]]],[[[139.287246,34.400571],[139.287266,34.400508],[139.287214,34.400515],[139.287246,34.400571]]],[[[139.288091,34.400752],[139.28805,34.400817],[139.288068,34.400822],[139.288091,34.400752]]],[[[139.288151,34.400787],[139.288107,34.400804],[139.288144,34.40081],[139.288151,34.400787]]],[[[139.288507,34.400926],[139.288603,34.400918],[139.288516,34.400893],[139.288507,34.400926]]],[[[139.28903,34.401118],[139.288984,34.401082],[139.288988,34.401114],[139.28903,34.401118]]],[[[139.288752,34.401126],[139.288716,34.40109],[139.288708,34.401123],[139.288752,34.401126]]],[[[139.289168,34.401263],[139.289202,34.401179],[139.289131,34.401224],[139.289168,34.401263]]],[[[139.289346,34.401449],[139.289306,34.401375],[139.289292,34.401456],[139.289346,34.401449]]],[[[139.289959,34.402971],[139.29003,34.40294],[139.28994,34.402938],[139.289959,34.402971]]],[[[139.290018,34.403082],[139.289938,34.403034],[139.289926,34.403063],[139.290018,34.403082]]],[[[139.289874,34.40321],[139.289957,34.403187],[139.28987,34.403185],[139.289874,34.40321]]],[[[139.290618,34.406422],[139.290536,34.406353],[139.290541,34.406427],[139.290618,34.406422]]],[[[139.291656,34.40752],[139.291717,34.407547],[139.291694,34.407483],[139.291656,34.40752]]],[[[139.29208,34.407904],[139.291931,34.407887],[139.292038,34.407951],[139.29208,34.407904]]],[[[139.288301,34.410314],[139.288252,34.410344],[139.288294,34.410352],[139.288301,34.410314]]],[[[139.288124,34.410726],[139.288177,34.410678],[139.288116,34.410671],[139.288124,34.410726]]],[[[139.288297,34.410729],[139.288327,34.410672],[139.28828,34.41069],[139.288297,34.410729]]],[[[139.288007,34.410812],[139.288007,34.41075],[139.287949,34.410754],[139.288007,34.410812]]],[[[139.287741,34.410882],[139.287746,34.410849],[139.287725,34.410847],[139.287741,34.410882]]],[[[139.287453,34.411077],[139.287523,34.411055],[139.287519,34.411032],[139.287453,34.411077]]],[[[139.28708,34.41121],[139.287137,34.411183],[139.287133,34.411144],[139.28708,34.41121]]],[[[139.287265,34.41462],[139.287281,34.414571],[139.287245,34.414598],[139.287265,34.41462]]],[[[139.287639,34.41473],[139.287594,34.414679],[139.287584,34.414689],[139.287639,34.41473]]],[[[139.28773,34.414845],[139.287774,34.414822],[139.287724,34.414817],[139.28773,34.414845]]],[[[139.287907,34.415192],[139.287911,34.415144],[139.287874,34.415187],[139.287907,34.415192]]],[[[139.288862,34.416193],[139.288881,34.41614],[139.288858,34.416152],[139.288862,34.416193]]],[[[139.291955,34.416668],[139.291833,34.416492],[139.291778,34.416667],[139.291955,34.416668]]],[[[139.291956,34.416719],[139.292011,34.417053],[139.292329,34.416841],[139.291956,34.416719]]],[[[139.291614,34.417173],[139.291291,34.417048],[139.291296,34.417126],[139.291614,34.417173]]],[[[139.290738,34.41715],[139.290725,34.417083],[139.290702,34.417093],[139.290738,34.41715]]],[[[139.290528,34.417167],[139.290496,34.41712],[139.290475,34.417155],[139.290528,34.417167]]],[[[139.291374,34.417468],[139.291489,34.417461],[139.291368,34.417413],[139.291374,34.417468]]],[[[139.291683,34.418147],[139.291551,34.418223],[139.291688,34.418169],[139.291683,34.418147]]],[[[139.293069,34.418736],[139.29181,34.418285],[139.292662,34.418723],[139.293069,34.418736]]],[[[139.29309,34.418618],[139.293232,34.418664],[139.293097,34.418576],[139.29309,34.418618]]],[[[139.292658,34.419655],[139.292728,34.41967],[139.292687,34.419605],[139.292658,34.419655]]],[[[139.292176,34.419726],[139.292133,34.419764],[139.29217,34.41976],[139.292176,34.419726]]],[[[139.292577,34.419739],[139.292636,34.419803],[139.292679,34.419777],[139.292577,34.419739]]],[[[139.291157,34.419839],[139.291109,34.419866],[139.291147,34.41988],[139.291157,34.419839]]],[[[139.291855,34.420067],[139.291834,34.420026],[139.291834,34.420068],[139.291855,34.420067]]],[[[139.291227,34.420322],[139.291243,34.420383],[139.291368,34.42042],[139.291227,34.420322]]],[[[139.292316,34.421186],[139.29228,34.421272],[139.29234,34.421207],[139.292316,34.421186]]],[[[139.29149,34.421332],[139.291269,34.421441],[139.291386,34.421482],[139.29149,34.421332]]],[[[139.289128,34.425119],[139.289262,34.425096],[139.289203,34.425051],[139.289128,34.425119]]],[[[139.288463,34.42593],[139.288543,34.425848],[139.288504,34.425832],[139.288463,34.42593]]],[[[139.285134,34.430744],[139.285901,34.430339],[139.285149,34.430433],[139.285134,34.430744]]],[[[139.291029,34.469124],[139.291247,34.468983],[139.290934,34.468972],[139.291029,34.469124]]],[[[139.292206,34.46918],[139.291546,34.469383],[139.292008,34.469817],[139.292206,34.46918]]],[[[139.302112,34.472598],[139.301623,34.472513],[139.301772,34.472688],[139.302112,34.472598]]],[[[139.302669,34.472795],[139.302296,34.472705],[139.302391,34.472987],[139.302669,34.472795]]],[[[139.301021,34.47253],[139.301463,34.472894],[139.30144,34.472606],[139.301021,34.47253]]],[[[139.300538,34.47339],[139.300747,34.473332],[139.300613,34.473283],[139.300538,34.47339]]],[[[139.300851,34.473903],[139.301488,34.473461],[139.300975,34.473298],[139.300851,34.473903]]],[[[139.289227,34.473953],[139.289356,34.473885],[139.289268,34.473885],[139.289227,34.473953]]],[[[139.286303,34.478117],[139.28885,34.477851],[139.288608,34.476826],[139.290541,34.476437],[139.291858,34.475311],[139.295658,34.474442],[139.298087,34.472071],[139.299549,34.471597],[139.298898,34.470987],[139.299303,34.470261],[139.297836,34.469761],[139.291668,34.470127],[139.291739,34.471241],[139.288492,34.476643],[139.286303,34.478117]]],[[[139.289553,34.474212],[139.289506,34.474043],[139.289438,34.474229],[139.289553,34.474212]]],[[[139.295897,34.474302],[139.295959,34.474212],[139.295918,34.474218],[139.295897,34.474302]]],[[[139.289315,34.474341],[139.289431,34.474392],[139.289356,34.474307],[139.289315,34.474341]]],[[[139.296183,34.474544],[139.296095,34.474499],[139.296115,34.474578],[139.296183,34.474544]]],[[[139.296061,34.474629],[139.295455,34.47468],[139.296023,34.474926],[139.296061,34.474629]]],[[[139.296169,34.474787],[139.296237,34.474663],[139.296135,34.474714],[139.296169,34.474787]]],[[[139.294571,34.474962],[139.294769,34.474877],[139.294578,34.474888],[139.294571,34.474962]]],[[[139.285807,34.478556],[139.28621,34.478599],[139.286196,34.478438],[139.285807,34.478556]]]]}},{"type":"Feature","properties":{"N03_007":"13364","N03_001":"東京都","nam_ja":"神津島村"},"geometry":{"type":"MultiPolygon","coordinates":[[[[138.817837,33.942766],[138.817992,33.942687],[138.817844,33.942625],[138.817837,33.942766]]],[[[138.817605,33.942874],[138.817702,33.942708],[138.817605,33.942677],[138.817605,33.942874]]],[[[138.817355,33.942816],[138.817485,33.942781],[138.817389,33.942688],[138.817355,33.942816]]],[[[138.8175,33.942988],[138.817775,33.943387],[138.817757,33.942943],[138.8175,33.942988]]],[[[138.818212,33.943306],[138.818132,33.943217],[138.81817,33.943321],[138.818212,33.943306]]],[[[138.817407,33.943582],[138.817608,33.943996],[138.81772,33.943486],[138.817407,33.943582]]],[[[138.817028,33.943706],[138.816995,33.94379],[138.81713,33.943808],[138.817028,33.943706]]],[[[138.817575,33.944199],[138.817479,33.944052],[138.81737,33.944062],[138.817575,33.944199]]],[[[138.817124,33.944369],[138.817026,33.944353],[138.817093,33.94444],[138.817124,33.944369]]],[[[138.816955,33.944474],[138.816905,33.94438],[138.816908,33.944476],[138.816955,33.944474]]],[[[138.817076,33.946567],[138.816653,33.946524],[138.816601,33.946776],[138.817076,33.946567]]],[[[138.815446,33.947027],[138.815929,33.946618],[138.815864,33.946512],[138.815446,33.947027]]],[[[138.815978,33.947117],[138.816045,33.947216],[138.816049,33.946987],[138.815978,33.947117]]],[[[138.816368,33.947251],[138.816033,33.947277],[138.816077,33.947496],[138.816368,33.947251]]],[[[138.816364,33.947541],[138.816472,33.947603],[138.816418,33.947513],[138.816364,33.947541]]],[[[138.816245,33.947818],[138.816137,33.947729],[138.816195,33.947842],[138.816245,33.947818]]],[[[138.838114,33.963124],[138.837913,33.962999],[138.838029,33.963139],[138.838114,33.963124]]],[[[138.835742,33.963224],[138.83585,33.963162],[138.83581,33.963112],[138.835742,33.963224]]],[[[139.070586,34.179103],[139.070519,34.179205],[139.070617,34.179231],[139.070586,34.179103]]],[[[139.071891,34.180373],[139.071958,34.180479],[139.071985,34.180451],[139.071891,34.180373]]],[[[139.07171,34.180861],[139.071773,34.180762],[139.071683,34.180786],[139.07171,34.180861]]],[[[139.071903,34.181273],[139.071997,34.181187],[139.071893,34.181169],[139.071903,34.181273]]],[[[139.070609,34.181487],[139.070803,34.181507],[139.070786,34.181423],[139.070609,34.181487]]],[[[139.072331,34.181341],[139.072148,34.181747],[139.072341,34.18174],[139.072331,34.181341]]],[[[139.070559,34.181762],[139.070586,34.181852],[139.0706,34.181844],[139.070559,34.181762]]],[[[139.070039,34.181845],[139.070172,34.181896],[139.070073,34.181774],[139.070039,34.181845]]],[[[139.072346,34.181912],[139.072229,34.181836],[139.072198,34.181927],[139.072346,34.181912]]],[[[139.070399,34.182002],[139.070466,34.181947],[139.070371,34.181966],[139.070399,34.182002]]],[[[139.071766,34.182077],[139.071944,34.182038],[139.071806,34.181998],[139.071766,34.182077]]],[[[139.069966,34.182107],[139.070065,34.182162],[139.070064,34.182079],[139.069966,34.182107]]],[[[139.070924,34.182138],[139.07107,34.182242],[139.071037,34.182099],[139.070924,34.182138]]],[[[139.070316,34.182158],[139.070289,34.182248],[139.070364,34.18223],[139.070316,34.182158]]],[[[139.07121,34.182387],[139.071208,34.182323],[139.071152,34.182375],[139.07121,34.182387]]],[[[139.07126,34.182505],[139.071456,34.182465],[139.071421,34.182394],[139.07126,34.182505]]],[[[139.074249,34.182958],[139.074111,34.182887],[139.074098,34.182972],[139.074249,34.182958]]],[[[139.070285,34.183579],[139.070397,34.183519],[139.070351,34.183486],[139.070285,34.183579]]],[[[139.067858,34.183805],[139.06795,34.183782],[139.067872,34.183756],[139.067858,34.183805]]],[[[139.070305,34.183918],[139.070499,34.184099],[139.070521,34.184043],[139.070305,34.183918]]],[[[139.068242,34.184062],[139.068203,34.18403],[139.068217,34.184067],[139.068242,34.184062]]],[[[139.078959,34.184566],[139.078951,34.184446],[139.078843,34.184568],[139.078959,34.184566]]],[[[139.073957,34.185871],[139.076105,34.184069],[139.074663,34.184846],[139.073192,34.183431],[139.072459,34.183527],[139.071958,34.184101],[139.072376,34.184753],[139.073957,34.185871]]],[[[139.067963,34.184807],[139.067864,34.184737],[139.067836,34.1848],[139.067963,34.184807]]],[[[139.07778,34.185358],[139.077633,34.18558],[139.077857,34.185412],[139.07778,34.185358]]],[[[139.07719,34.18579],[139.07735,34.185812],[139.077376,34.185634],[139.07719,34.18579]]],[[[139.07551,34.185794],[139.075744,34.185838],[139.075691,34.185743],[139.07551,34.185794]]],[[[139.078357,34.187319],[139.079104,34.186099],[139.079021,34.185972],[139.078103,34.186742],[139.078357,34.187319]]],[[[139.07615,34.188021],[139.07755,34.187195],[139.076791,34.186436],[139.077179,34.185977],[139.074974,34.186293],[139.075054,34.187232],[139.07615,34.188021]]],[[[139.079374,34.187189],[139.079857,34.187129],[139.079794,34.186874],[139.079374,34.187189]]],[[[139.078416,34.187814],[139.07859,34.187729],[139.078528,34.187621],[139.078416,34.187814]]],[[[139.077266,34.187933],[139.077603,34.188005],[139.077524,34.187898],[139.077266,34.187933]]],[[[139.077801,34.188293],[139.077848,34.188118],[139.077753,34.188135],[139.077801,34.188293]]],[[[139.074571,34.188405],[139.074704,34.18814],[139.074647,34.188121],[139.074571,34.188405]]],[[[139.077951,34.188396],[139.078145,34.188202],[139.07803,34.188145],[139.077951,34.188396]]],[[[139.075184,34.188589],[139.075126,34.188423],[139.075048,34.188539],[139.075184,34.188589]]],[[[139.119965,34.190396],[139.119873,34.190612],[139.119987,34.190395],[139.119965,34.190396]]],[[[139.119867,34.191578],[139.119762,34.191604],[139.119781,34.191679],[139.119867,34.191578]]],[[[139.119712,34.191906],[139.119858,34.191749],[139.119783,34.191703],[139.119712,34.191906]]],[[[139.119823,34.193709],[139.119779,34.193627],[139.119751,34.193724],[139.119823,34.193709]]],[[[139.119642,34.19371],[139.11972,34.193651],[139.11966,34.193639],[139.119642,34.19371]]],[[[139.119639,34.193939],[139.119603,34.19389],[139.119596,34.193959],[139.119639,34.193939]]],[[[139.119401,34.194055],[139.119368,34.193987],[139.119338,34.194017],[139.119401,34.194055]]],[[[139.119014,34.194245],[139.119291,34.194356],[139.119209,34.194162],[139.119014,34.194245]]],[[[139.119804,34.194612],[139.11987,34.194666],[139.119841,34.194588],[139.119804,34.194612]]],[[[139.119868,34.194722],[139.12002,34.194634],[139.119927,34.194627],[139.119868,34.194722]]],[[[139.119689,34.195449],[139.119828,34.195091],[139.119663,34.195092],[139.119689,34.195449]]],[[[139.127556,34.184112],[139.127623,34.18411],[139.127577,34.184083],[139.127556,34.184112]]],[[[139.127429,34.18413],[139.127511,34.184228],[139.127509,34.184117],[139.127429,34.18413]]],[[[139.128036,34.184922],[139.128494,34.184213],[139.12816,34.183969],[139.128036,34.184922]]],[[[139.12771,34.184562],[139.127711,34.184428],[139.127617,34.184469],[139.12771,34.184562]]],[[[139.126972,34.184813],[139.127083,34.184871],[139.126975,34.184771],[139.126972,34.184813]]],[[[139.127705,34.185159],[139.127345,34.18507],[139.12758,34.185322],[139.127705,34.185159]]],[[[139.128191,34.186228],[139.128347,34.185904],[139.128221,34.185838],[139.128191,34.186228]]],[[[139.127232,34.186842],[139.12707,34.186212],[139.126802,34.186205],[139.127232,34.186842]]],[[[139.125135,34.186513],[139.124988,34.186637],[139.125072,34.186649],[139.125135,34.186513]]],[[[139.125299,34.18681],[139.125728,34.186401],[139.12513,34.186451],[139.125299,34.18681]]],[[[139.126973,34.186795],[139.126944,34.18693],[139.127007,34.186922],[139.126973,34.186795]]],[[[139.127192,34.186913],[139.127223,34.18689],[139.127191,34.18688],[139.127192,34.186913]]],[[[139.12791,34.186905],[139.127943,34.186909],[139.127922,34.186884],[139.12791,34.186905]]],[[[139.12795,34.187063],[139.12789,34.187028],[139.127914,34.187077],[139.12795,34.187063]]],[[[139.125299,34.187557],[139.125276,34.187415],[139.125257,34.187563],[139.125299,34.187557]]],[[[139.125179,34.187606],[139.125237,34.187615],[139.125205,34.18758],[139.125179,34.187606]]],[[[139.125501,34.18832],[139.125152,34.188368],[139.125227,34.188561],[139.125501,34.18832]]],[[[139.124259,34.188606],[139.124098,34.18859],[139.124232,34.188659],[139.124259,34.188606]]],[[[139.123353,34.188778],[139.123429,34.188833],[139.123363,34.188754],[139.123353,34.188778]]],[[[139.124353,34.189022],[139.124373,34.189092],[139.124353,34.18896],[139.124353,34.189022]]],[[[139.124483,34.189236],[139.124585,34.189199],[139.124553,34.188899],[139.124483,34.189236]]],[[[139.124359,34.189165],[139.124439,34.189319],[139.124386,34.189107],[139.124359,34.189165]]],[[[139.124182,34.189409],[139.124232,34.189453],[139.124201,34.189371],[139.124182,34.189409]]],[[[139.124523,34.189589],[139.124501,34.189465],[139.124481,34.189438],[139.124523,34.189589]]],[[[139.120878,34.190157],[139.120889,34.190121],[139.12085,34.190143],[139.120878,34.190157]]],[[[139.120085,34.192132],[139.120153,34.192081],[139.120103,34.192081],[139.120085,34.192132]]],[[[139.120178,34.193153],[139.12029,34.193118],[139.120277,34.19309],[139.120178,34.193153]]],[[[139.120031,34.193409],[139.120112,34.193311],[139.120094,34.193273],[139.120031,34.193409]]],[[[139.120183,34.193719],[139.120135,34.193702],[139.120152,34.193733],[139.120183,34.193719]]],[[[139.12022,34.195323],[139.12009,34.194863],[139.119968,34.194989],[139.12022,34.195323]]],[[[139.120348,34.195369],[139.120276,34.19534],[139.120292,34.195408],[139.120348,34.195369]]],[[[139.120321,34.195602],[139.120174,34.195627],[139.120223,34.195728],[139.120321,34.195602]]],[[[139.120922,34.196035],[139.12078,34.195967],[139.120898,34.196176],[139.120922,34.196035]]],[[[139.120975,34.196085],[139.121036,34.196114],[139.121003,34.196051],[139.120975,34.196085]]],[[[139.119936,34.196262],[139.120195,34.19618],[139.120005,34.196141],[139.119936,34.196262]]],[[[139.120903,34.196291],[139.120758,34.196201],[139.120818,34.196354],[139.120903,34.196291]]],[[[139.120978,34.196398],[139.121011,34.196455],[139.12101,34.196392],[139.120978,34.196398]]],[[[139.121158,34.196504],[139.12109,34.196519],[139.12115,34.196544],[139.121158,34.196504]]],[[[139.121081,34.196607],[139.121116,34.196663],[139.12113,34.1966],[139.121081,34.196607]]],[[[139.120837,34.196652],[139.120901,34.196714],[139.120994,34.196677],[139.120837,34.196652]]],[[[139.121349,34.196933],[139.12155,34.19674],[139.121285,34.196595],[139.121349,34.196933]]],[[[139.121372,34.197147],[139.121431,34.197158],[139.121397,34.19712],[139.121372,34.197147]]],[[[139.120618,34.197507],[139.120713,34.197362],[139.120648,34.197329],[139.120618,34.197507]]],[[[139.121176,34.197798],[139.121274,34.197514],[139.121117,34.197791],[139.121176,34.197798]]],[[[139.120495,34.197932],[139.120435,34.197818],[139.120367,34.197848],[139.120495,34.197932]]],[[[139.121409,34.198097],[139.121366,34.198101],[139.12146,34.198121],[139.121409,34.198097]]],[[[139.121246,34.198115],[139.12134,34.198106],[139.121339,34.198092],[139.121246,34.198115]]],[[[139.121365,34.19829],[139.121574,34.19817],[139.121408,34.198139],[139.121365,34.19829]]],[[[139.121513,34.198472],[139.12161,34.198254],[139.121483,34.198281],[139.121554,34.198307],[139.121513,34.198472]]],[[[139.121506,34.198413],[139.121348,34.19843],[139.121423,34.198538],[139.121506,34.198413]]],[[[139.126757,34.200599],[139.126745,34.200639],[139.126805,34.200636],[139.126757,34.200599]]],[[[139.126962,34.200725],[139.126942,34.200688],[139.126934,34.200725],[139.126962,34.200725]]],[[[139.127504,34.200855],[139.127483,34.200818],[139.127463,34.200841],[139.127504,34.200855]]],[[[139.12769,34.200852],[139.127648,34.200838],[139.127643,34.200861],[139.12769,34.200852]]],[[[139.127593,34.200905],[139.12761,34.200836],[139.127567,34.200856],[139.127593,34.200905]]],[[[139.127723,34.200891],[139.127676,34.200883],[139.127688,34.200903],[139.127723,34.200891]]],[[[139.128033,34.200926],[139.12801,34.200869],[139.127973,34.200895],[139.128033,34.200926]]],[[[139.126005,34.201008],[139.126096,34.201007],[139.126069,34.200924],[139.126005,34.201008]]],[[[139.128171,34.201018],[139.128124,34.200988],[139.128147,34.201026],[139.128171,34.201018]]],[[[139.127728,34.222307],[139.127692,34.222299],[139.12771,34.222348],[139.127728,34.222307]]],[[[139.127754,34.222544],[139.127749,34.222463],[139.12773,34.222461],[139.127754,34.222544]]],[[[139.127843,34.222635],[139.127823,34.22255],[139.127779,34.222604],[139.127843,34.222635]]],[[[139.127645,34.222706],[139.127549,34.222666],[139.127564,34.222723],[139.127645,34.222706]]],[[[139.127621,34.222802],[139.127835,34.223013],[139.127677,34.222766],[139.127621,34.222802]]],[[[139.127867,34.223154],[139.127814,34.223132],[139.127817,34.223161],[139.127867,34.223154]]],[[[139.128762,34.182581],[139.12878,34.182499],[139.128726,34.182529],[139.128762,34.182581]]],[[[139.128669,34.182596],[139.128717,34.18261],[139.128717,34.182565],[139.128669,34.182596]]],[[[139.128985,34.183045],[139.129078,34.183025],[139.129017,34.182991],[139.128985,34.183045]]],[[[139.129062,34.183423],[139.129222,34.183304],[139.129134,34.183277],[139.129062,34.183423]]],[[[139.129012,34.183352],[139.12893,34.183389],[139.128956,34.183503],[139.129012,34.183352]]],[[[139.128664,34.183351],[139.128636,34.183606],[139.128693,34.18368],[139.128664,34.183351]]],[[[139.129031,34.183577],[139.129099,34.183619],[139.129109,34.183477],[139.129031,34.183577]]],[[[139.128854,34.184337],[139.128798,34.184396],[139.128813,34.184429],[139.128854,34.184337]]],[[[139.132248,34.185346],[139.13227,34.185326],[139.132243,34.185325],[139.132248,34.185346]]],[[[139.131214,34.185392],[139.131259,34.185356],[139.131229,34.185351],[139.131214,34.185392]]],[[[139.12828,34.200991],[139.128226,34.200968],[139.128255,34.201026],[139.12828,34.200991]]],[[[139.128452,34.201289],[139.128476,34.201223],[139.128413,34.201257],[139.128452,34.201289]]],[[[139.129646,34.201305],[139.129587,34.201342],[139.129658,34.201341],[139.129646,34.201305]]],[[[139.130108,34.201334],[139.130121,34.201372],[139.130149,34.201351],[139.130108,34.201334]]],[[[139.128571,34.201382],[139.128694,34.201353],[139.128598,34.201331],[139.128571,34.201382]]],[[[139.128905,34.201526],[139.128879,34.201442],[139.128835,34.201496],[139.128905,34.201526]]],[[[139.130704,34.210794],[139.130779,34.210929],[139.130853,34.210836],[139.130704,34.210794]]],[[[139.130831,34.211894],[139.131081,34.211933],[139.130946,34.211665],[139.130831,34.211894]]],[[[139.129552,34.212233],[139.129524,34.212322],[139.129565,34.212318],[139.129552,34.212233]]],[[[139.12962,34.212525],[139.129723,34.212252],[139.129663,34.21224],[139.12962,34.212525]]],[[[139.130046,34.212792],[139.130145,34.212822],[139.13008,34.212744],[139.130046,34.212792]]],[[[139.130216,34.212914],[139.130284,34.212779],[139.1302,34.212728],[139.130216,34.212914]]],[[[139.130563,34.212831],[139.130649,34.212871],[139.130638,34.212835],[139.130563,34.212831]]],[[[139.13004,34.212958],[139.130061,34.212924],[139.130031,34.212916],[139.13004,34.212958]]],[[[139.130793,34.213561],[139.130884,34.213523],[139.130807,34.213504],[139.130793,34.213561]]],[[[139.130603,34.213526],[139.130689,34.213662],[139.130698,34.213513],[139.130603,34.213526]]],[[[139.130452,34.213665],[139.130521,34.213566],[139.130437,34.213548],[139.130452,34.213665]]],[[[139.130343,34.213641],[139.130386,34.213619],[139.130358,34.213603],[139.130343,34.213641]]],[[[139.130997,34.213973],[139.130948,34.214116],[139.131091,34.214123],[139.130997,34.213973]]],[[[139.130443,34.21426],[139.130662,34.214189],[139.130413,34.214127],[139.130443,34.21426]]],[[[139.130112,34.214433],[139.129934,34.214472],[139.129933,34.214493],[139.130112,34.214433]]],[[[139.129945,34.214398],[139.129978,34.214421],[139.129985,34.214391],[139.129945,34.214398]]],[[[139.130668,34.214809],[139.130739,34.21484],[139.130742,34.214835],[139.130668,34.214809]]],[[[139.129832,34.215041],[139.13008,34.215022],[139.129869,34.214954],[139.129832,34.215041]]],[[[139.130465,34.215504],[139.13046,34.215448],[139.130446,34.215513],[139.130465,34.215504]]],[[[139.130448,34.21558],[139.130445,34.215545],[139.130423,34.215572],[139.130448,34.21558]]],[[[139.130276,34.215607],[139.130294,34.215578],[139.130278,34.215578],[139.130276,34.215607]]],[[[139.130327,34.215604],[139.130395,34.215583],[139.130361,34.215572],[139.130327,34.215604]]],[[[139.130127,34.215721],[139.130205,34.21559],[139.130092,34.21562],[139.130127,34.215721]]],[[[139.130563,34.215824],[139.130537,34.215793],[139.130534,34.215817],[139.130563,34.215824]]],[[[139.130389,34.215864],[139.130449,34.21583],[139.13034,34.215764],[139.130389,34.215864]]],[[[139.130501,34.215806],[139.130483,34.215823],[139.130523,34.215821],[139.130501,34.215806]]],[[[139.13043,34.215949],[139.130398,34.215943],[139.130395,34.215956],[139.13043,34.215949]]],[[[139.130363,34.215997],[139.130342,34.215967],[139.130327,34.215985],[139.130363,34.215997]]],[[[139.130082,34.216647],[139.130141,34.215762],[139.129977,34.215659],[139.130082,34.216647]]],[[[139.129652,34.216368],[139.129342,34.21647],[139.12952,34.216611],[139.129652,34.216368]]],[[[139.130815,34.216472],[139.130871,34.216455],[139.130823,34.216436],[139.130815,34.216472]]],[[[139.130943,34.218986],[139.130978,34.218953],[139.130944,34.218951],[139.130943,34.218986]]],[[[139.128391,34.2209],[139.128392,34.221066],[139.128445,34.220883],[139.128391,34.2209]]],[[[139.128309,34.222293],[139.128312,34.222494],[139.128398,34.222296],[139.128309,34.222293]]],[[[139.128448,34.222425],[139.128501,34.222429],[139.12848,34.222376],[139.128448,34.222425]]],[[[139.12838,34.222544],[139.128327,34.222549],[139.128338,34.222565],[139.12838,34.222544]]],[[[139.128372,34.222711],[139.128326,34.222626],[139.128273,34.222665],[139.128372,34.222711]]],[[[139.128792,34.222877],[139.128664,34.222892],[139.128768,34.222929],[139.128792,34.222877]]],[[[139.128849,34.222993],[139.128877,34.223056],[139.128952,34.223003],[139.128849,34.222993]]],[[[139.129309,34.223195],[139.129108,34.223156],[139.129164,34.223224],[139.129309,34.223195]]],[[[139.131239,34.223529],[139.131231,34.223458],[139.131203,34.223493],[139.131239,34.223529]]],[[[139.13205,34.223855],[139.131803,34.223698],[139.131709,34.22384],[139.13205,34.223855]]],[[[139.131781,34.233177],[139.131679,34.233213],[139.131733,34.233231],[139.131781,34.233177]]],[[[139.131736,34.233293],[139.131918,34.233301],[139.131854,34.233201],[139.131736,34.233293]]],[[[139.131956,34.233469],[139.131942,34.233403],[139.131904,34.233394],[139.131956,34.233469]]],[[[139.13148,34.233902],[139.131531,34.233848],[139.131482,34.233839],[139.13148,34.233902]]],[[[139.131212,34.234049],[139.131153,34.234074],[139.131174,34.234087],[139.131212,34.234049]]],[[[139.130526,34.234632],[139.130468,34.234588],[139.130464,34.234628],[139.130526,34.234632]]],[[[139.130502,34.234719],[139.130467,34.234662],[139.130445,34.234709],[139.130502,34.234719]]],[[[139.13226,34.185108],[139.132297,34.185061],[139.132244,34.185038],[139.13226,34.185108]]],[[[139.132345,34.185414],[139.132273,34.185431],[139.132345,34.185425],[139.132345,34.185414]]],[[[139.140411,34.185378],[139.140375,34.185512],[139.140383,34.185528],[139.140411,34.185378]]],[[[139.132291,34.185538],[139.132256,34.18545],[139.132244,34.185443],[139.132291,34.185538]]],[[[139.1404,34.1856],[139.140298,34.185695],[139.140453,34.185696],[139.1404,34.1856]]],[[[139.13894,34.185603],[139.138889,34.185686],[139.138992,34.185642],[139.13894,34.185603]]],[[[139.135992,34.185713],[139.13605,34.185725],[139.136019,34.18568],[139.135992,34.185713]]],[[[139.140317,34.186022],[139.140552,34.185945],[139.14046,34.185814],[139.140317,34.186022]]],[[[139.135716,34.186301],[139.135638,34.186285],[139.135518,34.186055],[139.135539,34.186337],[139.135716,34.186301]]],[[[139.132798,34.186249],[139.132831,34.186184],[139.132771,34.186199],[139.132798,34.186249]]],[[[139.134075,34.186261],[139.13428,34.186203],[139.134171,34.186121],[139.134075,34.186261]]],[[[139.136943,34.186172],[139.136993,34.186313],[139.136988,34.186159],[139.136943,34.186172]]],[[[139.136865,34.186578],[139.136896,34.186334],[139.136794,34.18652],[139.136865,34.186578]]],[[[139.136651,34.186652],[139.136567,34.186778],[139.136619,34.186812],[139.136651,34.186652]]],[[[139.140761,34.186875],[139.140917,34.186756],[139.140804,34.186696],[139.140761,34.186875]]],[[[139.135191,34.186706],[139.135194,34.186913],[139.135267,34.186949],[139.135191,34.186706]]],[[[139.1354,34.18689],[139.135489,34.1869],[139.135415,34.186829],[139.1354,34.18689]]],[[[139.133769,34.22349],[139.133671,34.223521],[139.133709,34.223606],[139.133769,34.22349]]],[[[139.136507,34.225388],[139.136527,34.225345],[139.136504,34.225344],[139.136507,34.225388]]],[[[139.134771,34.226828],[139.134759,34.226699],[139.134687,34.226738],[139.134771,34.226828]]],[[[139.134832,34.227116],[139.134761,34.22706],[139.134782,34.227135],[139.134832,34.227116]]],[[[139.134978,34.227509],[139.134884,34.227434],[139.134839,34.22747],[139.134978,34.227509]]],[[[139.136485,34.22848],[139.136505,34.228436],[139.13647,34.228458],[139.136485,34.22848]]],[[[139.136263,34.229127],[139.136324,34.229091],[139.136295,34.22908],[139.136263,34.229127]]],[[[139.13618,34.229236],[139.136244,34.229213],[139.136217,34.229195],[139.13618,34.229236]]],[[[139.136163,34.229314],[139.136266,34.229317],[139.136188,34.229285],[139.136163,34.229314]]],[[[139.136275,34.229465],[139.136348,34.229455],[139.136298,34.229429],[139.136275,34.229465]]],[[[139.136404,34.230289],[139.13646,34.230321],[139.136448,34.23025],[139.136404,34.230289]]],[[[139.134756,34.23181],[139.134724,34.231767],[139.134702,34.231817],[139.134756,34.23181]]],[[[139.134389,34.231863],[139.134488,34.231876],[139.134398,34.231823],[139.134389,34.231863]]],[[[139.134848,34.23189],[139.134918,34.231873],[139.134899,34.231849],[139.134848,34.23189]]],[[[139.134578,34.231956],[139.134513,34.231957],[139.134299,34.231931],[139.134417,34.23204],[139.134578,34.231956]]],[[[139.134564,34.236521],[139.134512,34.236374],[139.13445,34.23652],[139.134564,34.236521]]],[[[139.137164,34.239576],[139.136988,34.239595],[139.136951,34.239618],[139.137074,34.239689],[139.137164,34.239576]]],[[[139.136588,34.240109],[139.136559,34.239688],[139.136328,34.239354],[139.136194,34.239867],[139.136588,34.240109]]],[[[139.137197,34.239744],[139.137187,34.239811],[139.137255,34.239769],[139.137197,34.239744]]],[[[139.136342,34.240111],[139.136446,34.240093],[139.136374,34.240063],[139.136342,34.240111]]],[[[139.136904,34.242056],[139.137156,34.241703],[139.136734,34.240282],[139.136168,34.240826],[139.136904,34.242056]]],[[[139.136294,34.241553],[139.136136,34.241624],[139.136223,34.241705],[139.136294,34.241553]]],[[[139.136418,34.241792],[139.136318,34.241636],[139.136292,34.241814],[139.136418,34.241792]]],[[[139.136526,34.241954],[139.136325,34.241868],[139.13646,34.242003],[139.136526,34.241954]]],[[[139.137339,34.242008],[139.137245,34.241947],[139.137219,34.242031],[139.137339,34.242008]]],[[[139.135751,34.242009],[139.135872,34.241926],[139.135752,34.241915],[139.135751,34.242009]]],[[[139.13609,34.242021],[139.13619,34.241996],[139.136096,34.241952],[139.13609,34.242021]]],[[[139.138604,34.242075],[139.138689,34.242039],[139.138684,34.242019],[139.138604,34.242075]]],[[[139.137271,34.242133],[139.137301,34.242104],[139.13729,34.242099],[139.137271,34.242133]]],[[[139.137981,34.242251],[139.137844,34.242169],[139.137816,34.242235],[139.137981,34.242251]]],[[[139.138057,34.242284],[139.138023,34.242194],[139.137997,34.242276],[139.138057,34.242284]]],[[[139.137826,34.242442],[139.137779,34.242277],[139.137724,34.242385],[139.137826,34.242442]]],[[[139.139449,34.24314],[139.139448,34.243298],[139.139563,34.243199],[139.139449,34.24314]]],[[[139.139634,34.243314],[139.139669,34.243519],[139.139671,34.243301],[139.139634,34.243314]]],[[[139.139533,34.243342],[139.139402,34.243573],[139.139448,34.243591],[139.139533,34.243342]]],[[[139.139265,34.243631],[139.139317,34.243344],[139.139061,34.243368],[139.139265,34.243631]]],[[[139.140861,34.243515],[139.140881,34.243631],[139.140877,34.243502],[139.140861,34.243515]]],[[[139.139272,34.24366],[139.139298,34.243685],[139.139313,34.243641],[139.139272,34.24366]]],[[[139.138608,34.244034],[139.138991,34.243625],[139.138768,34.243598],[139.138608,34.244034]]],[[[139.139825,34.244096],[139.140074,34.243984],[139.139911,34.243942],[139.139825,34.244096]]],[[[139.139546,34.244171],[139.13934,34.244109],[139.139434,34.244214],[139.139546,34.244171]]],[[[139.137922,34.244392],[139.13788,34.244389],[139.137892,34.244407],[139.137922,34.244392]]],[[[139.137989,34.244436],[139.137974,34.244403],[139.137949,34.244421],[139.137989,34.244436]]],[[[139.137645,34.244431],[139.137597,34.24443],[139.137626,34.244448],[139.137645,34.244431]]],[[[139.13769,34.244453],[139.137656,34.244459],[139.137684,34.244468],[139.13769,34.244453]]],[[[139.137796,34.244487],[139.137789,34.244434],[139.137769,34.24445],[139.137796,34.244487]]],[[[139.137678,34.2445],[139.137642,34.244511],[139.137657,34.244515],[139.137678,34.2445]]],[[[139.138749,34.245143],[139.138824,34.245123],[139.138737,34.245102],[139.138749,34.245143]]],[[[139.141299,34.187527],[139.141353,34.187523],[139.141338,34.187471],[139.141299,34.187527]]],[[[139.141325,34.187804],[139.141364,34.187811],[139.141353,34.187784],[139.141325,34.187804]]],[[[139.145352,34.187842],[139.14548,34.187844],[139.145414,34.18777],[139.145352,34.187842]]],[[[139.143535,34.188343],[139.143417,34.187939],[139.143373,34.188396],[139.143535,34.188343]]],[[[139.143266,34.188623],[139.143469,34.188697],[139.143326,34.188573],[139.143266,34.188623]]],[[[139.147219,34.190371],[139.146932,34.190557],[139.147026,34.191004],[139.147219,34.190371]]],[[[139.146832,34.190829],[139.146669,34.190251],[139.146739,34.191042],[139.146832,34.190829]]],[[[139.146557,34.191064],[139.146571,34.191029],[139.14651,34.190997],[139.146557,34.191064]]],[[[139.146963,34.191114],[139.147012,34.191104],[139.146994,34.191089],[139.146963,34.191114]]],[[[139.146546,34.191186],[139.146691,34.191215],[139.146432,34.191061],[139.146546,34.191186]]],[[[139.147735,34.191259],[139.148051,34.191458],[139.14777,34.191051],[139.147735,34.191259]]],[[[139.147277,34.191946],[139.147335,34.19192],[139.147292,34.191872],[139.147277,34.191946]]],[[[139.146687,34.192015],[139.14666,34.192002],[139.146661,34.192018],[139.146687,34.192015]]],[[[139.1469,34.192021],[139.14689,34.191986],[139.14688,34.19202],[139.1469,34.192021]]],[[[139.146642,34.195719],[139.146672,34.195797],[139.146689,34.195701],[139.146642,34.195719]]],[[[139.148045,34.196796],[139.148097,34.19678],[139.148056,34.196765],[139.148045,34.196796]]],[[[139.143172,34.243786],[139.144639,34.242554],[139.146204,34.242533],[139.146532,34.241369],[139.148023,34.24087],[139.149416,34.239425],[139.152223,34.239957],[139.156213,34.239427],[139.158703,34.237483],[139.167696,34.234146],[139.170331,34.231151],[139.170802,34.229319],[139.171023,34.22921],[139.171581,34.22197],[139.172489,34.220567],[139.171831,34.220384],[139.171733,34.220083],[139.171741,34.219755],[139.171828,34.219459],[139.172909,34.218254],[139.175664,34.216771],[139.173957,34.215204],[139.173258,34.212056],[139.175353,34.208982],[139.174658,34.208911],[139.174668,34.208233],[139.176223,34.207659],[139.174665,34.206694],[139.175235,34.204341],[139.17369,34.20555],[139.172772,34.205359],[139.171836,34.205955],[139.170985,34.204386],[139.170373,34.204532],[139.169829,34.206786],[139.168818,34.207651],[139.169293,34.208019],[139.168332,34.208634],[139.165587,34.208307],[139.163709,34.207517],[139.163088,34.207409],[139.162606,34.207214],[139.161399,34.206262],[139.157278,34.205058],[139.154653,34.202167],[139.157546,34.200449],[139.153778,34.201867],[139.15337,34.200536],[139.154421,34.200467],[139.153518,34.20047],[139.153505,34.199576],[139.155069,34.198904],[139.154696,34.199976],[139.155395,34.20053],[139.155085,34.199724],[139.156378,34.197902],[139.157446,34.199491],[139.158754,34.200071],[139.156267,34.197616],[139.156489,34.196917],[139.156022,34.197493],[139.155385,34.195318],[139.154514,34.195199],[139.154899,34.194282],[139.152327,34.19509],[139.153733,34.193996],[139.153622,34.193259],[139.152677,34.193622],[139.15158,34.192744],[139.151169,34.194602],[139.149107,34.195425],[139.149176,34.196721],[139.148874,34.19696],[139.147574,34.196741],[139.146327,34.195506],[139.146595,34.191623],[139.145456,34.190488],[139.146443,34.18912],[139.145269,34.187765],[139.144065,34.188916],[139.143909,34.188217],[139.143477,34.189771],[139.142237,34.185752],[139.141658,34.186012],[139.14137,34.187961],[139.141217,34.187644],[139.141243,34.187338],[139.140941,34.187745],[139.140949,34.187154],[139.140448,34.187344],[139.140603,34.186445],[139.140152,34.186793],[139.139996,34.186368],[139.140032,34.187589],[139.139413,34.186158],[139.138341,34.186096],[139.13821,34.185107],[139.137772,34.186305],[139.137313,34.185977],[139.137874,34.18688],[139.136936,34.18637],[139.136864,34.186873],[139.136579,34.187098],[139.136485,34.186271],[139.13599,34.185892],[139.135502,34.187113],[139.133555,34.18639],[139.134061,34.187012],[139.133079,34.187146],[139.132544,34.186695],[139.132609,34.185604],[139.13222,34.185921],[139.131761,34.185142],[139.13124,34.185689],[139.130908,34.18497],[139.130877,34.186218],[139.130288,34.184672],[139.128975,34.185465],[139.129148,34.184381],[139.128351,34.185512],[139.128402,34.187239],[139.127529,34.187268],[139.127686,34.186973],[139.12755,34.186768],[139.127463,34.187384],[139.127104,34.18739],[139.126898,34.186884],[139.126476,34.187378],[139.125587,34.186799],[139.125641,34.18819],[139.125022,34.18972],[139.123968,34.189565],[139.124051,34.189322],[139.123966,34.189119],[139.12362,34.189487],[139.123808,34.188651],[139.122784,34.189664],[139.123348,34.188799],[139.12266,34.188773],[139.122785,34.188188],[139.119438,34.189991],[139.119507,34.190867],[139.120045,34.189861],[139.120414,34.190254],[139.12113,34.189312],[139.121777,34.189393],[139.120682,34.190468],[139.119807,34.190839],[139.119967,34.191738],[139.120876,34.191357],[139.120105,34.192874],[139.120713,34.192972],[139.120769,34.193899],[139.120345,34.194063],[139.119934,34.19349],[139.119816,34.194057],[139.120576,34.194861],[139.120493,34.195818],[139.120688,34.195674],[139.120778,34.195316],[139.120883,34.19524],[139.121715,34.196752],[139.121982,34.19929],[139.122935,34.19906],[139.123903,34.199879],[139.12492,34.199772],[139.126092,34.200914],[139.126432,34.200568],[139.127104,34.200605],[139.127197,34.200704],[139.127431,34.200664],[139.128806,34.201032],[139.129352,34.20138],[139.12954,34.201269],[139.130229,34.201221],[139.131243,34.20135],[139.13151,34.201201],[139.132361,34.201964],[139.133118,34.205057],[139.132728,34.207201],[139.130929,34.207875],[139.130035,34.209424],[139.12733,34.209274],[139.13125,34.210299],[139.131675,34.209486],[139.130993,34.209264],[139.131696,34.209415],[139.131689,34.208349],[139.132765,34.208352],[139.132724,34.209936],[139.131965,34.209908],[139.132689,34.210022],[139.132764,34.210725],[139.132183,34.211384],[139.131113,34.210828],[139.131554,34.211676],[139.130874,34.212814],[139.131259,34.213811],[139.130941,34.215033],[139.130452,34.215239],[139.130611,34.215861],[139.13045,34.215856],[139.133904,34.217067],[139.134252,34.217961],[139.132629,34.218865],[139.131431,34.218689],[139.129908,34.220343],[139.12867,34.220037],[139.128381,34.221303],[139.128897,34.221309],[139.128398,34.222968],[139.128701,34.22278],[139.129482,34.223086],[139.129756,34.22286],[139.129934,34.223135],[139.130743,34.222854],[139.131651,34.223655],[139.133394,34.223306],[139.134466,34.223489],[139.134722,34.224074],[139.135391,34.22407],[139.135554,34.223889],[139.135782,34.223869],[139.136887,34.225973],[139.136766,34.227531],[139.137206,34.227578],[139.137374,34.227525],[139.137495,34.227504],[139.137591,34.227511],[139.13764,34.22754],[139.137496,34.227513],[139.137218,34.227587],[139.136897,34.227578],[139.136962,34.228492],[139.136261,34.229206],[139.13648,34.229528],[139.136494,34.230748],[139.13487,34.231959],[139.13613,34.233288],[139.134175,34.235098],[139.135874,34.236819],[139.135551,34.237248],[139.137462,34.237404],[139.137848,34.238464],[139.137078,34.24075],[139.137688,34.24207],[139.138649,34.241935],[139.139795,34.243392],[139.140756,34.243358],[139.141552,34.243603],[139.142502,34.243573],[139.143172,34.243786]]],[[[139.148135,34.241299],[139.148153,34.240976],[139.147959,34.24104],[139.148135,34.241299]]],[[[139.146917,34.241428],[139.147124,34.241375],[139.146904,34.241339],[139.146917,34.241428]]],[[[139.147159,34.241476],[139.147299,34.241426],[139.147245,34.241347],[139.147159,34.241476]]],[[[139.146721,34.241932],[139.146758,34.242176],[139.146807,34.242202],[139.146721,34.241932]]],[[[139.146469,34.242324],[139.146485,34.24228],[139.146449,34.242302],[139.146469,34.242324]]],[[[139.146497,34.242369],[139.146552,34.242351],[139.146505,34.242344],[139.146497,34.242369]]],[[[139.146446,34.242392],[139.146512,34.242399],[139.146513,34.242391],[139.146446,34.242392]]],[[[139.146595,34.242614],[139.146379,34.242547],[139.146458,34.242678],[139.146595,34.242614]]],[[[139.146132,34.24262],[139.146208,34.242815],[139.146205,34.242628],[139.146132,34.24262]]],[[[139.145078,34.242806],[139.145028,34.242746],[139.145003,34.242772],[139.145078,34.242806]]],[[[139.146933,34.242759],[139.146849,34.242792],[139.146875,34.242836],[139.146933,34.242759]]],[[[139.14678,34.242925],[139.146702,34.242718],[139.146664,34.242914],[139.14678,34.242925]]],[[[139.147257,34.242935],[139.147302,34.242915],[139.147294,34.242889],[139.147257,34.242935]]],[[[139.145746,34.24299],[139.145773,34.242876],[139.145708,34.2429],[139.145746,34.24299]]],[[[139.145897,34.2429],[139.145993,34.242979],[139.145904,34.242876],[139.145897,34.2429]]],[[[139.146251,34.243004],[139.14628,34.243145],[139.146299,34.242947],[139.146251,34.243004]]],[[[139.147439,34.243063],[139.147451,34.243116],[139.147459,34.24311],[139.147439,34.243063]]],[[[139.14699,34.243156],[139.146845,34.243049],[139.146964,34.243206],[139.14699,34.243156]]],[[[139.147137,34.243016],[139.14707,34.24317],[139.147108,34.243233],[139.147137,34.243016]]],[[[139.146725,34.24339],[139.146659,34.243293],[139.146649,34.243366],[139.146725,34.24339]]],[[[139.144393,34.243438],[139.144363,34.243455],[139.144395,34.243465],[139.144393,34.243438]]],[[[139.144359,34.243541],[139.144349,34.243511],[139.144337,34.243537],[139.144359,34.243541]]],[[[139.140974,34.243558],[139.140977,34.243504],[139.140943,34.243552],[139.140974,34.243558]]],[[[139.142394,34.243647],[139.142457,34.243624],[139.142443,34.243592],[139.142394,34.243647]]],[[[139.144532,34.243756],[139.144522,34.243693],[139.144492,34.243713],[139.144532,34.243756]]],[[[139.143814,34.24377],[139.143754,34.243746],[139.143738,34.243773],[139.143814,34.24377]]],[[[139.141762,34.243789],[139.141756,34.243734],[139.141744,34.243796],[139.141762,34.243789]]],[[[139.142321,34.243839],[139.142318,34.243662],[139.142118,34.243986],[139.142321,34.243839]]],[[[139.141373,34.243942],[139.141388,34.243871],[139.141339,34.243899],[139.141373,34.243942]]],[[[139.141183,34.243974],[139.14115,34.243949],[139.141167,34.243974],[139.141183,34.243974]]],[[[139.141966,34.243978],[139.141954,34.243949],[139.14195,34.24398],[139.141966,34.243978]]],[[[139.140856,34.244242],[139.140887,34.243999],[139.140792,34.244067],[139.140856,34.244242]]],[[[139.143022,34.244509],[139.143212,34.244386],[139.14357,34.244226],[139.143139,34.244233],[139.143022,34.244509]]],[[[139.144185,34.24431],[139.144283,34.244359],[139.144318,34.244317],[139.144185,34.24431]]],[[[139.143203,34.244425],[139.14324,34.244472],[139.143306,34.244402],[139.143203,34.244425]]],[[[139.141375,34.244562],[139.14146,34.24444],[139.141392,34.244424],[139.141375,34.244562]]],[[[139.144214,34.24458],[139.144193,34.244541],[139.144192,34.244583],[139.144214,34.24458]]],[[[139.141581,34.244634],[139.141586,34.244573],[139.14154,34.244615],[139.141581,34.244634]]],[[[139.143331,34.244561],[139.143458,34.244684],[139.143467,34.244543],[139.143331,34.244561]]],[[[139.142989,34.244718],[139.143123,34.244718],[139.143096,34.244661],[139.142989,34.244718]]],[[[139.140855,34.24474],[139.140962,34.244748],[139.140889,34.244671],[139.140855,34.24474]]],[[[139.144568,34.244879],[139.14472,34.244874],[139.144642,34.244795],[139.144568,34.244879]]],[[[139.143608,34.245019],[139.143468,34.244846],[139.14318,34.244938],[139.143608,34.245019]]],[[[139.143331,34.245033],[139.143056,34.244997],[139.143213,34.245069],[139.143331,34.245033]]],[[[139.145306,34.245216],[139.145367,34.245091],[139.145232,34.245041],[139.145306,34.245216]]],[[[139.142778,34.245847],[139.142914,34.245695],[139.14273,34.245769],[139.142778,34.245847]]],[[[139.143055,34.245847],[139.143032,34.245834],[139.143032,34.245853],[139.143055,34.245847]]],[[[139.143029,34.245899],[139.143022,34.245872],[139.143014,34.245878],[139.143029,34.245899]]],[[[139.14816,34.191738],[139.148214,34.191749],[139.148158,34.191669],[139.14816,34.191738]]],[[[139.153147,34.192737],[139.153306,34.192649],[139.153179,34.1926],[139.153147,34.192737]]],[[[139.153336,34.193008],[139.153412,34.193064],[139.153411,34.192993],[139.153336,34.193008]]],[[[139.150793,34.193566],[139.150863,34.193578],[139.15082,34.19354],[139.150793,34.193566]]],[[[139.149853,34.194498],[139.149836,34.194666],[139.149937,34.194563],[139.149853,34.194498]]],[[[139.14969,34.194874],[139.150429,34.194544],[139.150064,34.194592],[139.14969,34.194874]]],[[[139.154904,34.194916],[139.155092,34.194762],[139.154837,34.19487],[139.154904,34.194916]]],[[[139.149469,34.194961],[139.149604,34.194873],[139.149599,34.194843],[139.149469,34.194961]]],[[[139.155326,34.195016],[139.155359,34.194979],[139.155321,34.194987],[139.155326,34.195016]]],[[[139.155657,34.195134],[139.155703,34.195105],[139.155664,34.195099],[139.155657,34.195134]]],[[[139.155881,34.195185],[139.15588,34.195133],[139.155843,34.195162],[139.155881,34.195185]]],[[[139.155765,34.195332],[139.155647,34.195219],[139.155714,34.195401],[139.155765,34.195332]]],[[[139.15646,34.195595],[139.15637,34.19543],[139.156289,34.195437],[139.15646,34.195595]]],[[[139.156665,34.196219],[139.155874,34.19596],[139.15646,34.196701],[139.156665,34.196219]]],[[[139.148895,34.196442],[139.148934,34.196494],[139.148905,34.196437],[139.148895,34.196442]]],[[[139.148906,34.196574],[139.148944,34.196616],[139.148936,34.19657],[139.148906,34.196574]]],[[[139.148614,34.196653],[139.148636,34.196718],[139.148667,34.196655],[139.148614,34.196653]]],[[[139.148647,34.196803],[139.148731,34.196761],[139.148664,34.196718],[139.148647,34.196803]]],[[[139.156867,34.197751],[139.156882,34.197729],[139.156855,34.197739],[139.156867,34.197751]]],[[[139.154203,34.200767],[139.153856,34.20091],[139.154197,34.20094],[139.154203,34.200767]]],[[[139.162511,34.207067],[139.162592,34.207102],[139.162535,34.207047],[139.162511,34.207067]]],[[[139.16299,34.207155],[139.163033,34.207128],[139.162985,34.207142],[139.16299,34.207155]]],[[[139.163112,34.207311],[139.163094,34.207261],[139.163062,34.207275],[139.163112,34.207311]]],[[[139.163021,34.207369],[139.163066,34.207364],[139.163037,34.207349],[139.163021,34.207369]]],[[[139.171087,34.229171],[139.17105,34.229137],[139.171031,34.229166],[139.171087,34.229171]]],[[[139.170954,34.229311],[139.171019,34.229293],[139.170981,34.229265],[139.170954,34.229311]]],[[[139.170741,34.229897],[139.170768,34.22988],[139.170732,34.22988],[139.170741,34.229897]]],[[[139.170841,34.229928],[139.170899,34.229848],[139.170822,34.229878],[139.170841,34.229928]]],[[[139.170718,34.229945],[139.170781,34.229935],[139.170781,34.229924],[139.170718,34.229945]]],[[[139.170503,34.230634],[139.170507,34.230578],[139.17048,34.230588],[139.170503,34.230634]]],[[[139.170469,34.230786],[139.170436,34.230792],[139.170443,34.230806],[139.170469,34.230786]]],[[[139.170404,34.230931],[139.170455,34.230917],[139.170445,34.230897],[139.170404,34.230931]]],[[[139.170617,34.23112],[139.170715,34.231084],[139.170649,34.23105],[139.170617,34.23112]]],[[[139.170793,34.231235],[139.17077,34.231175],[139.170725,34.231206],[139.170793,34.231235]]],[[[139.170697,34.231229],[139.170709,34.231308],[139.170786,34.231309],[139.170697,34.231229]]],[[[139.170418,34.231307],[139.170441,34.231291],[139.170424,34.231287],[139.170418,34.231307]]],[[[139.170565,34.231386],[139.170573,34.231348],[139.170546,34.231367],[139.170565,34.231386]]],[[[139.170448,34.231401],[139.170454,34.231355],[139.17042,34.231374],[139.170448,34.231401]]],[[[139.167834,34.234006],[139.167891,34.234019],[139.167865,34.233983],[139.167834,34.234006]]],[[[139.164308,34.235506],[139.164317,34.23545],[139.164278,34.235485],[139.164308,34.235506]]],[[[139.164291,34.235611],[139.164325,34.235564],[139.164278,34.235558],[139.164291,34.235611]]],[[[139.163912,34.235617],[139.163985,34.235561],[139.163969,34.235553],[139.163912,34.235617]]],[[[139.16442,34.23573],[139.164418,34.235784],[139.164444,34.235772],[139.16442,34.23573]]],[[[139.164281,34.235789],[139.164212,34.235771],[139.16424,34.235807],[139.164281,34.235789]]],[[[139.163824,34.236283],[139.163873,34.236186],[139.163788,34.236256],[139.163824,34.236283]]],[[[139.162092,34.236559],[139.162188,34.236547],[139.162126,34.236518],[139.162092,34.236559]]],[[[139.161584,34.236688],[139.161594,34.236653],[139.161571,34.236664],[139.161584,34.236688]]],[[[139.161839,34.236732],[139.161822,34.23668],[139.1618,34.236727],[139.161839,34.236732]]],[[[139.161528,34.236742],[139.161536,34.236715],[139.161517,34.23673],[139.161528,34.236742]]],[[[139.161981,34.236755],[139.162008,34.236737],[139.16197,34.236734],[139.161981,34.236755]]],[[[139.159997,34.237444],[139.159931,34.237403],[139.159916,34.237456],[139.159997,34.237444]]],[[[139.160391,34.23752],[139.160427,34.237431],[139.16025,34.237463],[139.160391,34.23752]]],[[[139.159539,34.237601],[139.159527,34.23773],[139.159615,34.237661],[139.159539,34.237601]]],[[[139.158495,34.237717],[139.158484,34.237674],[139.158456,34.237708],[139.158495,34.237717]]],[[[139.158375,34.237818],[139.158363,34.237757],[139.15834,34.237809],[139.158375,34.237818]]],[[[139.156836,34.239308],[139.156923,34.239245],[139.156806,34.239264],[139.156836,34.239308]]],[[[139.154309,34.240145],[139.15439,34.240027],[139.154329,34.240005],[139.154309,34.240145]]],[[[139.148644,34.240452],[139.148644,34.240407],[139.148613,34.240427],[139.148644,34.240452]]],[[[139.148466,34.240575],[139.14846,34.240531],[139.148445,34.240545],[139.148466,34.240575]]],[[[139.148676,34.240612],[139.148604,34.240558],[139.148648,34.240628],[139.148676,34.240612]]],[[[139.148362,34.240624],[139.148385,34.24059],[139.148352,34.240613],[139.148362,34.240624]]],[[[139.14845,34.240657],[139.148482,34.240641],[139.148449,34.240627],[139.14845,34.240657]]],[[[139.148572,34.241062],[139.148332,34.240692],[139.148243,34.241002],[139.148572,34.241062]]],[[[139.148269,34.241185],[139.14836,34.24121],[139.148285,34.241162],[139.148269,34.241185]]],[[[139.14839,34.241501],[139.148248,34.241539],[139.148389,34.241638],[139.14839,34.241501]]],[[[139.193391,34.205005],[139.193162,34.204221],[139.193981,34.2043],[139.193173,34.203903],[139.192523,34.204916],[139.193391,34.205005]]],[[[139.175702,34.20561],[139.176191,34.205818],[139.176248,34.205161],[139.175702,34.20561]]],[[[139.193736,34.205931],[139.193153,34.205361],[139.192801,34.205599],[139.193736,34.205931]]],[[[139.192924,34.209009],[139.193058,34.207865],[139.192097,34.205959],[139.190116,34.207186],[139.189237,34.208699],[139.190814,34.208584],[139.191997,34.20934],[139.192924,34.209009]]],[[[139.178676,34.207795],[139.178703,34.207751],[139.178674,34.207744],[139.178676,34.207795]]],[[[139.178807,34.207747],[139.178732,34.207755],[139.178792,34.207835],[139.178807,34.207747]]],[[[139.178872,34.207842],[139.178854,34.207787],[139.178836,34.20783],[139.178872,34.207842]]],[[[139.175762,34.208254],[139.175875,34.208266],[139.175785,34.208213],[139.175762,34.208254]]],[[[139.177624,34.209202],[139.177593,34.209176],[139.177594,34.209199],[139.177624,34.209202]]],[[[139.175377,34.209233],[139.175434,34.209243],[139.175411,34.209194],[139.175377,34.209233]]],[[[139.175307,34.209264],[139.175345,34.209341],[139.175403,34.209309],[139.175307,34.209264]]],[[[139.189254,34.209326],[139.188909,34.209316],[139.189016,34.209485],[139.189254,34.209326]]],[[[139.177926,34.209565],[139.177845,34.209474],[139.177829,34.209551],[139.177926,34.209565]]],[[[139.177519,34.209755],[139.177442,34.209684],[139.177425,34.209751],[139.177519,34.209755]]],[[[139.175862,34.209895],[139.175894,34.209976],[139.175953,34.209879],[139.175862,34.209895]]],[[[139.175307,34.21002],[139.175164,34.209935],[139.175172,34.210021],[139.175307,34.21002]]],[[[139.176428,34.209932],[139.176488,34.209879],[139.176069,34.209925],[139.176428,34.209932]]],[[[139.17659,34.210143],[139.176945,34.209876],[139.176584,34.20991],[139.17659,34.210143]]],[[[139.175623,34.210185],[139.175457,34.210075],[139.175255,34.210069],[139.175623,34.210185]]],[[[139.177483,34.21035],[139.17754,34.210118],[139.177227,34.21026],[139.177483,34.21035]]],[[[139.174814,34.21025],[139.174906,34.210256],[139.174902,34.210215],[139.174814,34.21025]]],[[[139.177668,34.210243],[139.177756,34.210304],[139.177676,34.210238],[139.177668,34.210243]]],[[[139.177946,34.210251],[139.177785,34.210322],[139.177855,34.210403],[139.177946,34.210251]]],[[[139.187597,34.212448],[139.190957,34.211857],[139.188471,34.211149],[139.188626,34.209212],[139.186684,34.211625],[139.187597,34.212448]]],[[[139.174018,34.212635],[139.174114,34.212712],[139.174108,34.212591],[139.174018,34.212635]]],[[[139.173959,34.212982],[139.173824,34.212991],[139.173935,34.213023],[139.173959,34.212982]]],[[[139.173758,34.213067],[139.173817,34.213112],[139.173787,34.213039],[139.173758,34.213067]]],[[[139.173692,34.213206],[139.173719,34.213154],[139.17369,34.213145],[139.173692,34.213206]]],[[[139.174047,34.214264],[139.173978,34.214342],[139.174023,34.214356],[139.174047,34.214264]]],[[[139.174201,34.214406],[139.174324,34.214216],[139.174155,34.21431],[139.174201,34.214406]]],[[[139.174825,34.214502],[139.17483,34.214575],[139.174895,34.214518],[139.174825,34.214502]]],[[[139.174271,34.215277],[139.174299,34.215226],[139.17424,34.215245],[139.174271,34.215277]]],[[[139.174863,34.215732],[139.174932,34.215769],[139.174887,34.215694],[139.174863,34.215732]]],[[[139.174862,34.215781],[139.174855,34.215834],[139.174887,34.215827],[139.174862,34.215781]]],[[[139.175025,34.215982],[139.174904,34.215962],[139.174965,34.21605],[139.175025,34.215982]]],[[[139.175992,34.216074],[139.175885,34.216126],[139.17591,34.216158],[139.175992,34.216074]]],[[[139.175818,34.216153],[139.175759,34.216162],[139.175781,34.21618],[139.175818,34.216153]]],[[[139.17539,34.217072],[139.175412,34.217042],[139.17538,34.217049],[139.17539,34.217072]]],[[[139.175372,34.217134],[139.175381,34.217317],[139.175448,34.217093],[139.175372,34.217134]]],[[[139.175267,34.217267],[139.175308,34.217294],[139.175287,34.217247],[139.175267,34.217267]]],[[[139.174089,34.217865],[139.174047,34.217884],[139.17405,34.217895],[139.174089,34.217865]]],[[[139.174075,34.217917],[139.173982,34.217958],[139.174012,34.218001],[139.174075,34.217917]]],[[[139.172661,34.218723],[139.172749,34.218832],[139.172802,34.218776],[139.172661,34.218723]]],[[[139.172406,34.218867],[139.172399,34.218976],[139.172453,34.218975],[139.172406,34.218867]]],[[[139.172645,34.219087],[139.172507,34.218999],[139.172485,34.21909],[139.172645,34.219087]]],[[[139.172739,34.219155],[139.172646,34.219091],[139.172593,34.219153],[139.172739,34.219155]]],[[[139.171894,34.219613],[139.171891,34.219571],[139.171885,34.219575],[139.171894,34.219613]]],[[[139.171803,34.219671],[139.171787,34.219632],[139.171781,34.219657],[139.171803,34.219671]]],[[[139.183702,34.221977],[139.183365,34.221841],[139.183494,34.222024],[139.183702,34.221977]]],[[[139.18324,34.222691],[139.18344,34.222598],[139.183205,34.222613],[139.18324,34.222691]]],[[[139.183067,34.222914],[139.183077,34.222848],[139.183017,34.222901],[139.183067,34.222914]]],[[[139.183684,34.223723],[139.18291,34.223037],[139.183077,34.223744],[139.183684,34.223723]]],[[[139.183046,34.223864],[139.183171,34.223916],[139.183161,34.22384],[139.183046,34.223864]]],[[[139.180372,34.223966],[139.179995,34.223813],[139.179936,34.224083],[139.180372,34.223966]]],[[[139.171853,34.224519],[139.171998,34.224386],[139.171914,34.224353],[139.171853,34.224519]]],[[[139.171615,34.227615],[139.171468,34.227623],[139.171269,34.227673],[139.17159,34.227763],[139.171688,34.227732],[139.171615,34.227615]]],[[[139.171234,34.227724],[139.171234,34.227689],[139.171206,34.227707],[139.171234,34.227724]]],[[[139.171228,34.227825],[139.171256,34.227787],[139.171203,34.227802],[139.171228,34.227825]]],[[[139.171169,34.229156],[139.171141,34.229174],[139.17118,34.229174],[139.171169,34.229156]]],[[[139.171202,34.229317],[139.171155,34.22921],[139.171103,34.229221],[139.171202,34.229317]]],[[[139.17146,34.229349],[139.171622,34.229363],[139.171561,34.22928],[139.17146,34.229349]]],[[[139.171842,34.229621],[139.171878,34.229558],[139.171797,34.229572],[139.171842,34.229621]]]]}},{"type":"Feature","properties":{"N03_007":"13381","N03_001":"東京都","nam_ja":"三宅村"},"geometry":{"type":"MultiPolygon","coordinates":[[[[139.384605,34.04413],[139.384397,34.044367],[139.3845,34.0444],[139.384605,34.04413]]],[[[139.379759,34.045416],[139.379571,34.045591],[139.379704,34.045607],[139.379759,34.045416]]],[[[139.378212,34.045764],[139.378962,34.045437],[139.377993,34.045482],[139.378212,34.045764]]],[[[139.384444,34.046318],[139.38602,34.04545],[139.386148,34.045068],[139.384826,34.045308],[139.384444,34.046318]]],[[[139.379446,34.045875],[139.37931,34.046059],[139.379507,34.045904],[139.379446,34.045875]]],[[[139.378669,34.046017],[139.378588,34.046051],[139.378693,34.046066],[139.378669,34.046017]]],[[[139.380121,34.045932],[139.379347,34.046322],[139.379982,34.046932],[139.380376,34.046716],[139.380121,34.045932]]],[[[139.38488,34.046328],[139.384817,34.046581],[139.385024,34.046325],[139.38488,34.046328]]],[[[139.384064,34.046686],[139.384234,34.046666],[139.384067,34.046668],[139.384064,34.046686]]],[[[139.384771,34.04697],[139.384555,34.046904],[139.384553,34.046934],[139.384771,34.04697]]],[[[139.384838,34.047273],[139.38483,34.047181],[139.384778,34.047187],[139.384838,34.047273]]],[[[139.385625,34.047498],[139.385774,34.04716],[139.385431,34.047488],[139.385625,34.047498]]],[[[139.383521,34.047864],[139.38341,34.047859],[139.3834,34.047984],[139.383521,34.047864]]],[[[139.383213,34.048178],[139.383308,34.048206],[139.383333,34.048165],[139.383213,34.048178]]],[[[139.38317,34.048417],[139.383109,34.048348],[139.38311,34.04844],[139.38317,34.048417]]],[[[139.382579,34.048466],[139.382296,34.048329],[139.381787,34.048344],[139.382579,34.048466]]],[[[139.384124,34.049375],[139.384999,34.04877],[139.384141,34.047881],[139.382948,34.04897],[139.384124,34.049375]]],[[[139.474846,34.072709],[139.474983,34.072714],[139.474941,34.072615],[139.474846,34.072709]]],[[[139.500164,34.045638],[139.500245,34.045716],[139.500272,34.04566],[139.500164,34.045638]]],[[[139.482023,34.050824],[139.482143,34.050841],[139.482097,34.050759],[139.482023,34.050824]]],[[[139.483005,34.051225],[139.48317,34.051234],[139.483059,34.051169],[139.483005,34.051225]]],[[[139.480747,34.051999],[139.48081,34.052084],[139.480828,34.051986],[139.480747,34.051999]]],[[[139.485636,34.052116],[139.485488,34.052003],[139.485511,34.052199],[139.485636,34.052116]]],[[[139.479964,34.053467],[139.480093,34.053566],[139.480099,34.053474],[139.479964,34.053467]]],[[[139.479727,34.053586],[139.479863,34.053554],[139.479744,34.053513],[139.479727,34.053586]]],[[[139.480287,34.053668],[139.480187,34.053861],[139.480261,34.053886],[139.480287,34.053668]]],[[[139.479707,34.05429],[139.479779,34.054216],[139.479577,34.054188],[139.479707,34.05429]]],[[[139.480147,34.054621],[139.480195,34.054705],[139.480217,34.054616],[139.480147,34.054621]]],[[[139.480601,34.056617],[139.480221,34.056619],[139.480298,34.056778],[139.480601,34.056617]]],[[[139.477261,34.061971],[139.477453,34.062138],[139.477463,34.061987],[139.477261,34.061971]]],[[[139.477892,34.064399],[139.477917,34.064477],[139.47796,34.064414],[139.477892,34.064399]]],[[[139.478197,34.064742],[139.47825,34.064823],[139.478274,34.06476],[139.478197,34.064742]]],[[[139.477506,34.066841],[139.477913,34.065581],[139.477613,34.065571],[139.477506,34.066841]]],[[[139.47672,34.071935],[139.476729,34.072255],[139.476858,34.072004],[139.47672,34.071935]]],[[[139.475332,34.072271],[139.475484,34.072316],[139.475455,34.072216],[139.475332,34.072271]]],[[[139.476022,34.080068],[139.475932,34.080407],[139.476185,34.080251],[139.476022,34.080068]]],[[[139.501535,34.044258],[139.501162,34.044453],[139.501654,34.044847],[139.501535,34.044258]]],[[[139.530969,34.04647],[139.531134,34.04645],[139.531068,34.04635],[139.530969,34.04647]]],[[[139.530808,34.04675],[139.530975,34.046802],[139.530948,34.046735],[139.530808,34.04675]]],[[[139.530449,34.04682],[139.53043,34.046937],[139.530524,34.046824],[139.530449,34.04682]]],[[[139.539331,34.053569],[139.539522,34.05365],[139.539403,34.053524],[139.539331,34.053569]]],[[[139.545735,34.055565],[139.545701,34.055604],[139.545756,34.055591],[139.545735,34.055565]]],[[[139.544305,34.055576],[139.544535,34.055718],[139.544618,34.055698],[139.544305,34.055576]]],[[[139.54569,34.055828],[139.545756,34.055799],[139.545698,34.055793],[139.54569,34.055828]]],[[[139.543621,34.055736],[139.543584,34.055922],[139.543688,34.055759],[139.543621,34.055736]]],[[[139.54528,34.055851],[139.545425,34.05591],[139.545303,34.055802],[139.54528,34.055851]]],[[[139.544196,34.056242],[139.544222,34.056155],[139.544154,34.056174],[139.544196,34.056242]]],[[[139.549565,34.057307],[139.549747,34.057861],[139.549861,34.057866],[139.549565,34.057307]]],[[[139.550245,34.058017],[139.550397,34.057912],[139.550272,34.057872],[139.550245,34.058017]]],[[[139.532001,34.12556],[139.533939,34.123895],[139.5359,34.123992],[139.536351,34.123305],[139.539795,34.124249],[139.541358,34.12238],[139.542363,34.12237],[139.546618,34.119968],[139.547514,34.116834],[139.551105,34.11636],[139.552438,34.114908],[139.554228,34.115095],[139.553695,34.114218],[139.555399,34.11258],[139.558298,34.111428],[139.559057,34.111694],[139.559467,34.111717],[139.558832,34.111309],[139.559453,34.111303],[139.558959,34.110892],[139.559362,34.110136],[139.560298,34.109085],[139.561882,34.108633],[139.561852,34.107311],[139.563356,34.10549],[139.563233,34.102625],[139.565661,34.102086],[139.565685,34.101134],[139.564803,34.101231],[139.563669,34.100319],[139.56554,34.097446],[139.565107,34.093952],[139.566512,34.093498],[139.564398,34.092629],[139.563851,34.091486],[139.564275,34.091165],[139.563214,34.091123],[139.563392,34.088526],[139.561327,34.086381],[139.561304,34.083523],[139.5633,34.080011],[139.568846,34.080622],[139.569751,34.081188],[139.569064,34.080473],[139.566839,34.080245],[139.56693,34.079616],[139.563893,34.079442],[139.563148,34.078591],[139.563035,34.075553],[139.563711,34.074891],[139.563169,34.074662],[139.563924,34.074336],[139.56252,34.069745],[139.563214,34.069059],[139.5609,34.068724],[139.559541,34.065629],[139.558238,34.065823],[139.55903,34.065246],[139.558741,34.064353],[139.557284,34.06464],[139.556875,34.063896],[139.555332,34.063711],[139.554861,34.062766],[139.555588,34.06211],[139.554597,34.061888],[139.55348,34.060215],[139.551048,34.059458],[139.550775,34.058448],[139.546671,34.057957],[139.546454,34.057045],[139.546106,34.057418],[139.545157,34.056712],[139.544578,34.057212],[139.546036,34.057494],[139.545605,34.058203],[139.542754,34.056416],[139.544195,34.056977],[139.546211,34.056103],[139.545239,34.055926],[139.544124,34.05679],[139.542622,34.0562],[139.541477,34.0567],[139.538339,34.054025],[139.538589,34.053325],[139.537542,34.053783],[139.533745,34.052762],[139.533943,34.049407],[139.532472,34.048287],[139.532008,34.048424],[139.531843,34.048639],[139.531724,34.048644],[139.531718,34.04869],[139.531603,34.048754],[139.53158,34.048816],[139.531479,34.048898],[139.531451,34.048902],[139.532118,34.047333],[139.531249,34.046848],[139.529921,34.047261],[139.529926,34.046506],[139.529402,34.047298],[139.529217,34.046519],[139.528152,34.046566],[139.528628,34.046767],[139.527171,34.048252],[139.525181,34.049444],[139.523204,34.048987],[139.521802,34.047209],[139.520651,34.047367],[139.520366,34.046869],[139.519647,34.047669],[139.519209,34.047014],[139.519005,34.0481],[139.517286,34.047824],[139.512157,34.048803],[139.509725,34.048367],[139.508519,34.047399],[139.505253,34.047402],[139.502975,34.045876],[139.501867,34.046051],[139.501766,34.045229],[139.50171,34.045812],[139.50049,34.045545],[139.500816,34.046023],[139.500095,34.046702],[139.498955,34.046819],[139.496829,34.048342],[139.49433,34.048928],[139.492626,34.048227],[139.491993,34.049608],[139.490642,34.049651],[139.49107,34.050351],[139.489589,34.051546],[139.488863,34.051056],[139.488952,34.051662],[139.487801,34.052382],[139.486753,34.0524],[139.486189,34.051695],[139.486423,34.052272],[139.484958,34.052651],[139.482055,34.051469],[139.481031,34.053834],[139.481095,34.05696],[139.480123,34.057685],[139.479124,34.056988],[139.478465,34.05778],[139.478837,34.059329],[139.478352,34.060228],[139.477636,34.059987],[139.478119,34.060369],[139.477548,34.060498],[139.477506,34.061805],[139.478324,34.063381],[139.477694,34.063768],[139.478598,34.064941],[139.478051,34.065292],[139.478917,34.064962],[139.478483,34.065601],[139.479024,34.065174],[139.480114,34.066095],[139.480869,34.065276],[139.481271,34.066063],[139.480736,34.066628],[139.481396,34.066536],[139.48183,34.067547],[139.481233,34.067733],[139.480556,34.066996],[139.479906,34.067859],[139.479284,34.066401],[139.48014,34.066431],[139.479497,34.066062],[139.478731,34.066532],[139.479886,34.068202],[139.479062,34.068465],[139.477311,34.067704],[139.479494,34.068799],[139.480174,34.068588],[139.480175,34.070642],[139.478379,34.072573],[139.477486,34.072323],[139.477628,34.072774],[139.47522,34.073233],[139.475296,34.074054],[139.474554,34.073936],[139.474808,34.074422],[139.473942,34.07505],[139.474113,34.076283],[139.472873,34.076579],[139.474049,34.078101],[139.473679,34.078582],[139.474258,34.078339],[139.476162,34.079894],[139.478806,34.080548],[139.481853,34.083398],[139.482261,34.08484],[139.481205,34.08548],[139.481646,34.08635],[139.480966,34.08595],[139.480306,34.086537],[139.482246,34.087123],[139.481722,34.088387],[139.482086,34.0904],[139.483268,34.091963],[139.485714,34.093148],[139.488297,34.095608],[139.487439,34.098216],[139.488155,34.099009],[139.487969,34.101206],[139.489459,34.102001],[139.48856,34.103155],[139.489863,34.10195],[139.488448,34.101282],[139.488546,34.100491],[139.488986,34.101272],[139.489618,34.100633],[139.489873,34.101239],[139.489956,34.100811],[139.491416,34.10128],[139.493395,34.102495],[139.492905,34.102993],[139.493684,34.103569],[139.494081,34.103433],[139.494698,34.103426],[139.494858,34.103241],[139.494725,34.103442],[139.493693,34.103583],[139.493926,34.105626],[139.491845,34.10783],[139.491819,34.109271],[139.489213,34.112513],[139.491536,34.118389],[139.492801,34.119632],[139.497297,34.120513],[139.498438,34.12183],[139.502147,34.121294],[139.506486,34.122741],[139.508171,34.122537],[139.507857,34.122048],[139.508761,34.121289],[139.508609,34.122801],[139.509357,34.121112],[139.512761,34.120303],[139.51753,34.122012],[139.520812,34.124679],[139.522612,34.124895],[139.525069,34.124114],[139.527478,34.125203],[139.531232,34.1247],[139.531489,34.125209],[139.531398,34.124307],[139.532131,34.12411],[139.529857,34.124655],[139.529918,34.124098],[139.532347,34.12373],[139.532001,34.12556]]],[[[139.565079,34.091328],[139.565254,34.091383],[139.565247,34.091285],[139.565079,34.091328]]],[[[139.519133,34.123804],[139.518883,34.124334],[139.518934,34.124387],[139.519133,34.123804]]],[[[139.534584,34.124367],[139.534558,34.124482],[139.534637,34.124461],[139.534584,34.124367]]],[[[139.540363,34.124437],[139.540517,34.124508],[139.540495,34.124409],[139.540363,34.124437]]]]}},{"type":"Feature","properties":{"N03_007":"13382","N03_001":"東京都","nam_ja":"御蔵島村"},"geometry":{"type":"MultiPolygon","coordinates":[[[[139.298373,33.651436],[139.298466,33.651538],[139.298544,33.651497],[139.298373,33.651436]]],[[[139.299176,33.652267],[139.299527,33.651435],[139.298846,33.650721],[139.298498,33.651955],[139.299176,33.652267]]],[[[139.298299,33.651847],[139.298319,33.651966],[139.298384,33.651952],[139.298299,33.651847]]],[[[139.298545,33.652183],[139.298526,33.652281],[139.298586,33.652264],[139.298545,33.652183]]],[[[139.590842,33.852941],[139.590958,33.853124],[139.591115,33.853088],[139.590842,33.852941]]],[[[139.591831,33.853183],[139.591968,33.853227],[139.591954,33.853139],[139.591831,33.853183]]],[[[139.592179,33.853812],[139.592349,33.853791],[139.592175,33.853736],[139.592179,33.853812]]],[[[139.590554,33.854095],[139.590704,33.854176],[139.590729,33.854111],[139.590554,33.854095]]],[[[139.588555,33.855424],[139.588472,33.855404],[139.588522,33.855451],[139.588555,33.855424]]],[[[139.584937,33.856787],[139.584893,33.856834],[139.585057,33.856912],[139.584937,33.856787]]],[[[139.580891,33.859097],[139.580852,33.859003],[139.580762,33.859083],[139.580891,33.859097]]],[[[139.57644,33.866213],[139.576573,33.866165],[139.576457,33.866144],[139.57644,33.866213]]],[[[139.576396,33.866674],[139.576453,33.866746],[139.57641,33.866646],[139.576396,33.866674]]],[[[139.576432,33.867165],[139.576525,33.867129],[139.576463,33.867113],[139.576432,33.867165]]],[[[139.57678,33.867739],[139.576786,33.867661],[139.576734,33.867666],[139.57678,33.867739]]],[[[139.576863,33.86907],[139.576907,33.869126],[139.576902,33.869073],[139.576863,33.86907]]],[[[139.576834,33.869092],[139.576826,33.869165],[139.576863,33.869151],[139.576834,33.869092]]],[[[139.576288,33.8716],[139.576336,33.871719],[139.576398,33.871649],[139.576288,33.8716]]],[[[139.576719,33.877349],[139.57666,33.877381],[139.57671,33.877394],[139.576719,33.877349]]],[[[139.576754,33.877501],[139.576702,33.877557],[139.576752,33.877575],[139.576754,33.877501]]],[[[139.576564,33.877823],[139.576584,33.877891],[139.576597,33.87784],[139.576564,33.877823]]],[[[139.619653,33.850339],[139.61974,33.850613],[139.61975,33.850361],[139.619653,33.850339]]],[[[139.619023,33.850896],[139.619117,33.851107],[139.619097,33.850855],[139.619023,33.850896]]],[[[139.592504,33.853993],[139.592831,33.854064],[139.592839,33.854007],[139.592504,33.853993]]],[[[139.600343,33.900734],[139.605401,33.900797],[139.609504,33.898797],[139.616152,33.892933],[139.618334,33.89232],[139.625075,33.883858],[139.626935,33.879883],[139.62748,33.879661],[139.627953,33.877922],[139.629142,33.877253],[139.630043,33.873911],[139.631869,33.871401],[139.631234,33.867558],[139.628815,33.863641],[139.628207,33.862396],[139.628184,33.861907],[139.624795,33.857501],[139.624051,33.855475],[139.621947,33.853893],[139.619997,33.851843],[139.614567,33.852361],[139.610109,33.853742],[139.603773,33.854601],[139.591807,33.854626],[139.580431,33.859378],[139.57757,33.862998],[139.576606,33.866589],[139.57711,33.869218],[139.577303,33.873112],[139.576923,33.87935],[139.579398,33.884714],[139.587813,33.894122],[139.586809,33.895085],[139.58786,33.894349],[139.588931,33.895166],[139.588608,33.896004],[139.587629,33.895613],[139.588329,33.896161],[139.586656,33.897358],[139.589453,33.895912],[139.590489,33.897052],[139.5899,33.897471],[139.590823,33.897821],[139.590412,33.89839],[139.5894,33.897395],[139.590337,33.898724],[139.591226,33.898068],[139.599101,33.900038],[139.600343,33.900734]]],[[[139.618273,33.892476],[139.618259,33.89253],[139.618291,33.892525],[139.618273,33.892476]]],[[[139.618335,33.892662],[139.618424,33.892639],[139.618366,33.892619],[139.618335,33.892662]]],[[[139.617285,33.892673],[139.617249,33.892741],[139.617285,33.892753],[139.617285,33.892673]]],[[[139.618011,33.892685],[139.618109,33.892774],[139.618088,33.89267],[139.618011,33.892685]]],[[[139.594582,33.899042],[139.594619,33.899098],[139.594653,33.899077],[139.594582,33.899042]]],[[[139.5956,33.899745],[139.595657,33.899824],[139.595652,33.899744],[139.5956,33.899745]]],[[[139.595531,33.899834],[139.595602,33.900023],[139.595671,33.899881],[139.595531,33.899834]]],[[[139.595733,33.899997],[139.595738,33.90008],[139.595755,33.900001],[139.595733,33.899997]]],[[[139.597797,33.900067],[139.597861,33.900121],[139.597865,33.900051],[139.597797,33.900067]]],[[[139.5991,33.900406],[139.599191,33.900368],[139.599137,33.900349],[139.5991,33.900406]]],[[[139.600419,33.90082],[139.600304,33.900796],[139.600372,33.900847],[139.600419,33.90082]]],[[[139.60559,33.900896],[139.60547,33.900882],[139.605564,33.900934],[139.60559,33.900896]]],[[[139.60118,33.900867],[139.601188,33.90092],[139.601224,33.900905],[139.60118,33.900867]]],[[[139.600151,33.900853],[139.600165,33.900945],[139.600188,33.900833],[139.600151,33.900853]]],[[[139.600056,33.900943],[139.600047,33.901001],[139.60009,33.90103],[139.600056,33.900943]]],[[[139.604607,33.901064],[139.604667,33.901119],[139.604619,33.901035],[139.604607,33.901064]]],[[[139.601423,33.90139],[139.601441,33.901202],[139.601381,33.901374],[139.601423,33.90139]]],[[[139.621755,33.850264],[139.621821,33.850409],[139.621877,33.850248],[139.621755,33.850264]]],[[[139.621292,33.850317],[139.621477,33.850493],[139.621504,33.850274],[139.621292,33.850317]]],[[[139.620638,33.851045],[139.620723,33.851046],[139.620653,33.850991],[139.620638,33.851045]]],[[[139.619963,33.851524],[139.620846,33.850734],[139.620734,33.8505],[139.619382,33.850783],[139.619163,33.8514],[139.619963,33.851524]]],[[[139.621266,33.851029],[139.621364,33.851138],[139.621352,33.851015],[139.621266,33.851029]]],[[[139.620725,33.85225],[139.620708,33.852314],[139.620744,33.852289],[139.620725,33.85225]]],[[[139.620821,33.852405],[139.62082,33.852462],[139.620872,33.852451],[139.620821,33.852405]]],[[[139.622805,33.854333],[139.622832,33.854406],[139.622857,33.854364],[139.622805,33.854333]]],[[[139.624764,33.856655],[139.624862,33.856594],[139.62474,33.856623],[139.624764,33.856655]]],[[[139.624986,33.856665],[139.625046,33.856749],[139.625093,33.856699],[139.624986,33.856665]]],[[[139.625786,33.858563],[139.625732,33.858508],[139.625706,33.858551],[139.625786,33.858563]]],[[[139.625882,33.858659],[139.625961,33.858696],[139.625918,33.858643],[139.625882,33.858659]]],[[[139.626063,33.858991],[139.62603,33.85905],[139.626067,33.85904],[139.626063,33.858991]]],[[[139.628236,33.861945],[139.628212,33.862047],[139.628297,33.861953],[139.628236,33.861945]]],[[[139.628649,33.862875],[139.628711,33.862853],[139.628667,33.862848],[139.628649,33.862875]]],[[[139.630086,33.877277],[139.630115,33.877224],[139.630074,33.877237],[139.630086,33.877277]]],[[[139.6296,33.877407],[139.629691,33.877358],[139.629647,33.877315],[139.6296,33.877407]]],[[[139.625494,33.883009],[139.625502,33.883041],[139.625521,33.883015],[139.625494,33.883009]]],[[[139.619854,33.891165],[139.619777,33.891058],[139.619737,33.891088],[139.619854,33.891165]]],[[[139.619887,33.891105],[139.620004,33.891095],[139.619926,33.891063],[139.619887,33.891105]]],[[[139.619613,33.891807],[139.61968,33.891759],[139.61961,33.891775],[139.619613,33.891807]]]]}},{"type":"Feature","properties":{"N03_007":"13401","N03_001":"東京都","nam_ja":"八丈町"},"geometry":{"type":"MultiPolygon","coordinates":[[[[139.681734,33.115286],[139.681797,33.115123],[139.681723,33.115107],[139.681734,33.115286]]],[[[139.681995,33.115361],[139.681975,33.11532],[139.681941,33.115363],[139.681995,33.115361]]],[[[139.682803,33.1154],[139.682663,33.115378],[139.682762,33.115423],[139.682803,33.1154]]],[[[139.681856,33.115598],[139.681913,33.115467],[139.681824,33.115532],[139.681856,33.115598]]],[[[139.683853,33.116076],[139.683111,33.115867],[139.683592,33.116286],[139.683853,33.116076]]],[[[139.683243,33.117739],[139.683184,33.117678],[139.683196,33.117746],[139.683243,33.117739]]],[[[139.683389,33.117736],[139.683517,33.117751],[139.683426,33.117652],[139.683389,33.117736]]],[[[139.683301,33.118051],[139.6834,33.118066],[139.683352,33.117949],[139.683301,33.118051]]],[[[139.683288,33.118233],[139.683301,33.118171],[139.683277,33.118185],[139.683288,33.118233]]],[[[139.683221,33.118282],[139.683177,33.118212],[139.683148,33.118244],[139.683221,33.118282]]],[[[139.683451,33.119046],[139.683369,33.119026],[139.683374,33.119076],[139.683451,33.119046]]],[[[139.683503,33.11942],[139.683535,33.11934],[139.68348,33.119352],[139.683503,33.11942]]],[[[139.680727,33.119885],[139.680695,33.119952],[139.680827,33.119935],[139.680727,33.119885]]],[[[139.683466,33.119947],[139.683381,33.119914],[139.683395,33.119966],[139.683466,33.119947]]],[[[139.680681,33.120027],[139.680543,33.119999],[139.680664,33.120108],[139.680681,33.120027]]],[[[139.681287,33.120421],[139.681368,33.120437],[139.681303,33.120404],[139.681287,33.120421]]],[[[139.681456,33.120682],[139.681518,33.120556],[139.681371,33.120561],[139.681456,33.120682]]],[[[139.682629,33.121264],[139.682602,33.12118],[139.68256,33.121233],[139.682629,33.121264]]],[[[139.682562,33.12135],[139.682491,33.121337],[139.682506,33.121372],[139.682562,33.12135]]],[[[139.682074,33.121477],[139.682026,33.121414],[139.681987,33.121432],[139.682074,33.121477]]],[[[139.682446,33.121526],[139.682492,33.121468],[139.682443,33.121461],[139.682446,33.121526]]],[[[139.682227,33.12151],[139.682179,33.121498],[139.682174,33.121521],[139.682227,33.12151]]],[[[139.682383,33.121552],[139.682338,33.12159],[139.682389,33.121607],[139.682383,33.121552]]],[[[139.682321,33.121725],[139.682359,33.121672],[139.682307,33.121657],[139.682321,33.121725]]],[[[139.682081,33.122514],[139.682001,33.122452],[139.682036,33.122521],[139.682081,33.122514]]],[[[139.679103,33.126017],[139.679226,33.125937],[139.679119,33.125904],[139.679103,33.126017]]],[[[139.683002,33.136612],[139.687421,33.135974],[139.687686,33.133859],[139.68988,33.131251],[139.692246,33.129917],[139.695257,33.129246],[139.697688,33.127024],[139.699015,33.124547],[139.699001,33.122201],[139.699403,33.119369],[139.699918,33.118406],[139.701283,33.11826],[139.699904,33.117088],[139.700105,33.116321],[139.698482,33.115905],[139.69893,33.115569],[139.698298,33.115671],[139.698171,33.116757],[139.69582,33.117396],[139.692037,33.117531],[139.690155,33.117161],[139.68883,33.116168],[139.684752,33.117746],[139.683826,33.118574],[139.683513,33.120233],[139.680856,33.125587],[139.675069,33.130814],[139.676649,33.132034],[139.676599,33.13277],[139.675288,33.133418],[139.676589,33.134565],[139.675882,33.135385],[139.67681,33.136467],[139.67909,33.134199],[139.679883,33.135009],[139.68184,33.135307],[139.683002,33.136612]]],[[[139.675232,33.129282],[139.675272,33.129335],[139.675288,33.129292],[139.675232,33.129282]]],[[[139.675733,33.129281],[139.67543,33.129353],[139.675846,33.129435],[139.675733,33.129281]]],[[[139.675497,33.130062],[139.675009,33.130567],[139.675106,33.130634],[139.675497,33.130062]]],[[[139.677958,33.135733],[139.678008,33.135657],[139.677921,33.135697],[139.677958,33.135733]]],[[[139.67749,33.136473],[139.677687,33.136324],[139.677494,33.136364],[139.67749,33.136473]]],[[[139.682668,33.136534],[139.682589,33.136572],[139.682626,33.136598],[139.682668,33.136534]]],[[[139.683786,33.136891],[139.683699,33.136731],[139.68366,33.136874],[139.683786,33.136891]]],[[[139.755159,33.10339],[139.755212,33.103253],[139.755115,33.103262],[139.755159,33.10339]]],[[[139.753459,33.105321],[139.753528,33.105156],[139.753374,33.10518],[139.753459,33.105321]]],[[[139.752825,33.106136],[139.752681,33.106529],[139.75297,33.106229],[139.752825,33.106136]]],[[[139.752065,33.107329],[139.752278,33.107248],[139.752076,33.107109],[139.752065,33.107329]]],[[[139.688289,33.113892],[139.688388,33.113823],[139.688266,33.113837],[139.688289,33.113892]]],[[[139.688536,33.113909],[139.68862,33.113869],[139.688541,33.113862],[139.688536,33.113909]]],[[[139.688802,33.114004],[139.688731,33.113913],[139.688714,33.113921],[139.688802,33.114004]]],[[[139.688795,33.114318],[139.688258,33.114283],[139.688264,33.114633],[139.688795,33.114318]]],[[[139.699022,33.115521],[139.699204,33.115559],[139.699022,33.115473],[139.699022,33.115521]]],[[[139.750403,33.115642],[139.750545,33.115571],[139.750449,33.115527],[139.750403,33.115642]]],[[[139.750341,33.115804],[139.750455,33.115839],[139.750428,33.115766],[139.750341,33.115804]]],[[[139.698765,33.115822],[139.698707,33.115854],[139.698767,33.115858],[139.698765,33.115822]]],[[[139.699035,33.115947],[139.698971,33.115959],[139.699027,33.115989],[139.699035,33.115947]]],[[[139.700709,33.117179],[139.700696,33.117066],[139.700643,33.117124],[139.700709,33.117179]]],[[[139.701033,33.117471],[139.701342,33.117768],[139.701471,33.118511],[139.701636,33.117862],[139.701033,33.117471]]],[[[139.699333,33.120217],[139.699453,33.120215],[139.699435,33.120152],[139.699333,33.120217]]],[[[139.699331,33.120763],[139.699236,33.120696],[139.699247,33.120754],[139.699331,33.120763]]],[[[139.699304,33.121459],[139.699395,33.12138],[139.699301,33.121379],[139.699304,33.121459]]],[[[139.699236,33.122196],[139.699185,33.122102],[139.699155,33.122174],[139.699236,33.122196]]],[[[139.698318,33.126135],[139.698372,33.12625],[139.698419,33.126202],[139.698318,33.126135]]],[[[139.697773,33.127116],[139.697868,33.127144],[139.697854,33.127101],[139.697773,33.127116]]],[[[139.695787,33.129149],[139.695799,33.129065],[139.695749,33.129085],[139.695787,33.129149]]],[[[139.694561,33.129521],[139.694302,33.129569],[139.694331,33.129612],[139.694561,33.129521]]],[[[139.693928,33.129707],[139.693779,33.129792],[139.69397,33.129722],[139.693928,33.129707]]],[[[139.693145,33.129863],[139.693348,33.129954],[139.693465,33.129888],[139.693145,33.129863]]],[[[139.698077,33.130647],[139.699157,33.129931],[139.699151,33.129412],[139.698009,33.130051],[139.698077,33.130647]]],[[[139.742283,33.149649],[139.742218,33.149711],[139.742275,33.149734],[139.742283,33.149649]]],[[[139.742414,33.150029],[139.742481,33.149995],[139.742416,33.149942],[139.742414,33.150029]]],[[[139.743302,33.152232],[139.743238,33.152282],[139.74337,33.152297],[139.743302,33.152232]]],[[[139.743503,33.15252],[139.743384,33.152562],[139.743442,33.152578],[139.743503,33.15252]]],[[[139.747403,33.156567],[139.747522,33.15651],[139.747414,33.156478],[139.747403,33.156567]]],[[[139.747156,33.156862],[139.747384,33.156996],[139.747411,33.156798],[139.747156,33.156862]]],[[[139.755547,33.158467],[139.755681,33.158318],[139.75553,33.158362],[139.755547,33.158467]]],[[[139.75986,33.160378],[139.759994,33.160211],[139.759809,33.160352],[139.75986,33.160378]]],[[[139.790085,33.066081],[139.79028,33.066179],[139.790291,33.066069],[139.790085,33.066081]]],[[[139.784427,33.068552],[139.784501,33.068642],[139.784529,33.068535],[139.784427,33.068552]]],[[[139.784701,33.068649],[139.784642,33.068767],[139.784752,33.068684],[139.784701,33.068649]]],[[[139.78393,33.069064],[139.783873,33.069294],[139.783999,33.069336],[139.78393,33.069064]]],[[[139.783447,33.069167],[139.783562,33.069224],[139.783561,33.069155],[139.783447,33.069167]]],[[[139.783659,33.069577],[139.783689,33.069476],[139.783639,33.069537],[139.783659,33.069577]]],[[[139.783186,33.069595],[139.783267,33.069524],[139.78319,33.069508],[139.783186,33.069595]]],[[[139.78329,33.069841],[139.783362,33.069758],[139.783237,33.069767],[139.78329,33.069841]]],[[[139.782098,33.070932],[139.782173,33.070823],[139.78205,33.070875],[139.782098,33.070932]]],[[[139.782441,33.070895],[139.782429,33.071119],[139.782538,33.071141],[139.782441,33.070895]]],[[[139.780469,33.072366],[139.780704,33.072316],[139.780508,33.072244],[139.780469,33.072366]]],[[[139.779807,33.074663],[139.779956,33.074886],[139.780059,33.074866],[139.779807,33.074663]]],[[[139.769836,33.098787],[139.769749,33.098711],[139.769784,33.098802],[139.769836,33.098787]]],[[[139.768001,33.10003],[139.768102,33.099934],[139.767968,33.099901],[139.768001,33.10003]]],[[[139.769159,33.099949],[139.769123,33.100213],[139.769468,33.100135],[139.769159,33.099949]]],[[[139.767306,33.100059],[139.767231,33.100142],[139.767372,33.100148],[139.767306,33.100059]]],[[[139.768503,33.100357],[139.768271,33.100259],[139.76835,33.100441],[139.768503,33.100357]]],[[[139.795066,33.143323],[139.795144,33.143259],[139.795034,33.143269],[139.795066,33.143323]]],[[[139.795208,33.143636],[139.795138,33.143482],[139.795062,33.143507],[139.795208,33.143636]]],[[[139.793798,33.143818],[139.79376,33.143674],[139.793685,33.143806],[139.793798,33.143818]]],[[[139.793579,33.14409],[139.793709,33.14397],[139.793654,33.143958],[139.793579,33.14409]]],[[[139.793536,33.144431],[139.793599,33.144334],[139.793557,33.144315],[139.793536,33.144431]]],[[[139.789724,33.145872],[139.789593,33.145841],[139.789689,33.14591],[139.789724,33.145872]]],[[[139.789838,33.146018],[139.790005,33.146054],[139.78993,33.145945],[139.789838,33.146018]]],[[[139.782152,33.151786],[139.782283,33.151895],[139.782277,33.151772],[139.782152,33.151786]]],[[[139.781132,33.152304],[139.781087,33.152217],[139.78104,33.152299],[139.781132,33.152304]]],[[[139.780553,33.152409],[139.780709,33.152357],[139.780657,33.152333],[139.780553,33.152409]]],[[[139.774654,33.157601],[139.774802,33.157564],[139.774705,33.157508],[139.774654,33.157601]]],[[[139.774524,33.157732],[139.774601,33.157858],[139.774612,33.157732],[139.774524,33.157732]]],[[[139.774274,33.157887],[139.774366,33.157799],[139.774272,33.157798],[139.774274,33.157887]]],[[[139.774702,33.158186],[139.774688,33.158326],[139.774814,33.158276],[139.774702,33.158186]]],[[[139.768589,33.158409],[139.768538,33.158312],[139.768501,33.158372],[139.768589,33.158409]]],[[[139.76882,33.158516],[139.768778,33.158428],[139.768731,33.158474],[139.76882,33.158516]]],[[[139.76748,33.158708],[139.767604,33.158657],[139.767489,33.158673],[139.76748,33.158708]]],[[[139.838652,33.048365],[139.838843,33.048364],[139.838657,33.048259],[139.838652,33.048365]]],[[[139.838129,33.04976],[139.838211,33.049786],[139.838213,33.049727],[139.838129,33.04976]]],[[[139.805444,33.061322],[139.805505,33.061451],[139.805555,33.061407],[139.805444,33.061322]]],[[[139.841678,33.073233],[139.841063,33.072825],[139.840609,33.072578],[139.840554,33.072652],[139.841678,33.073233]]],[[[139.758433,33.15955],[139.763539,33.158824],[139.76514,33.157921],[139.766418,33.157927],[139.766897,33.158511],[139.767068,33.158084],[139.767388,33.158693],[139.768131,33.157503],[139.772012,33.158856],[139.772343,33.157501],[139.773849,33.157387],[139.774229,33.157888],[139.775059,33.156106],[139.776303,33.156101],[139.776099,33.155425],[139.777059,33.154525],[139.777865,33.154794],[139.777999,33.153913],[139.780861,33.151249],[139.781613,33.151341],[139.783713,33.148662],[139.786144,33.147932],[139.786475,33.147205],[139.786505,33.147858],[139.786769,33.147958],[139.786942,33.146869],[139.787604,33.147201],[139.78842,33.14578],[139.789238,33.145989],[139.788902,33.145298],[139.790651,33.145498],[139.791189,33.144313],[139.792752,33.143791],[139.792942,33.144244],[139.793153,33.143363],[139.794979,33.142164],[139.796077,33.142474],[139.796014,33.141626],[139.796777,33.14158],[139.796018,33.141054],[139.796104,33.138871],[139.796956,33.137495],[139.796779,33.135622],[139.798577,33.135284],[139.798872,33.134641],[139.798098,33.134472],[139.798033,33.133517],[139.801208,33.132406],[139.802845,33.132894],[139.805547,33.132447],[139.805828,33.132029],[139.804995,33.131933],[139.80582,33.130585],[139.804999,33.130349],[139.804847,33.131583],[139.803902,33.131447],[139.802364,33.132445],[139.801997,33.131692],[139.804149,33.131117],[139.805003,33.129764],[139.80575,33.129968],[139.80573,33.129366],[139.807172,33.130149],[139.806723,33.1311],[139.806263,33.131051],[139.806804,33.131533],[139.806031,33.133689],[139.807695,33.130371],[139.810053,33.130213],[139.810975,33.128356],[139.811952,33.128142],[139.811715,33.128712],[139.814149,33.128097],[139.814165,33.128988],[139.815514,33.127334],[139.81533,33.126364],[139.81716,33.125639],[139.81651,33.125852],[139.816216,33.125222],[139.816886,33.123917],[139.818038,33.124482],[139.818283,33.12426],[139.816966,33.123355],[139.817801,33.123041],[139.819749,33.123811],[139.819738,33.123055],[139.82046,33.123889],[139.822668,33.123381],[139.821388,33.12356],[139.816781,33.121891],[139.817076,33.120776],[139.817574,33.12126],[139.817206,33.120116],[139.822627,33.120035],[139.827818,33.117302],[139.832364,33.117316],[139.834447,33.118208],[139.837689,33.118013],[139.842729,33.116277],[139.84487,33.116286],[139.845604,33.117037],[139.846652,33.117],[139.845323,33.116084],[139.846043,33.115399],[139.846538,33.116091],[139.845982,33.114872],[139.849098,33.111421],[139.851056,33.105381],[139.857492,33.099085],[139.855009,33.095345],[139.854398,33.091426],[139.856392,33.087941],[139.858655,33.085832],[139.858706,33.084334],[139.859453,33.08401],[139.857406,33.080286],[139.858596,33.079363],[139.854893,33.077427],[139.84847,33.077839],[139.84644,33.07684],[139.845305,33.075402],[139.842401,33.076401],[139.840457,33.075671],[139.841278,33.0756],[139.840721,33.075253],[139.840929,33.074137],[139.84003,33.076003],[139.838946,33.074999],[139.83916,33.074409],[139.840215,33.074637],[139.839096,33.074238],[139.837378,33.070076],[139.833269,33.066773],[139.833852,33.062456],[139.834358,33.062959],[139.833438,33.05487],[139.836431,33.051865],[139.837041,33.049576],[139.83301,33.046253],[139.831578,33.046777],[139.832885,33.045717],[139.832546,33.045245],[139.819211,33.058526],[139.816123,33.05942],[139.815371,33.058585],[139.815722,33.05923],[139.815178,33.059516],[139.814306,33.058628],[139.815556,33.058338],[139.815092,33.058017],[139.813998,33.058337],[139.813932,33.059533],[139.812669,33.059696],[139.810237,33.058331],[139.805498,33.060172],[139.806268,33.060439],[139.805526,33.061827],[139.801914,33.063885],[139.797505,33.062847],[139.797487,33.062236],[139.796425,33.063134],[139.796195,33.062342],[139.793428,33.06574],[139.790875,33.06655],[139.790563,33.066096],[139.785719,33.069451],[139.784595,33.069772],[139.784138,33.069303],[139.784285,33.069708],[139.78151,33.072298],[139.78036,33.075245],[139.779479,33.075325],[139.780475,33.075966],[139.780447,33.081762],[139.779553,33.086476],[139.780109,33.089489],[139.779778,33.092611],[139.779112,33.093096],[139.779366,33.094602],[139.777913,33.096807],[139.776463,33.095951],[139.774579,33.096206],[139.776517,33.096123],[139.777862,33.096841],[139.776149,33.098415],[139.777029,33.09913],[139.776126,33.099388],[139.77963,33.10007],[139.779465,33.10087],[139.77759,33.099891],[139.777452,33.100436],[139.775574,33.099907],[139.775738,33.097496],[139.775129,33.099047],[139.772559,33.098349],[139.77263,33.09763],[139.771392,33.098357],[139.771603,33.098838],[139.770815,33.098884],[139.77063,33.096658],[139.770098,33.096719],[139.770497,33.099517],[139.771206,33.100273],[139.769444,33.099166],[139.769669,33.100665],[139.767956,33.100648],[139.767937,33.101673],[139.766027,33.1018],[139.765198,33.101061],[139.765309,33.101928],[139.764705,33.102206],[139.763877,33.102304],[139.763572,33.101566],[139.761364,33.10252],[139.758338,33.102345],[139.756235,33.103845],[139.755257,33.103839],[139.755213,33.105231],[139.754651,33.104743],[139.754072,33.105575],[139.753642,33.105049],[139.753962,33.105835],[139.752832,33.10738],[139.753223,33.107937],[139.751834,33.110119],[139.752589,33.111796],[139.751334,33.115243],[139.747719,33.119214],[139.745603,33.12048],[139.7455,33.121295],[139.744454,33.121176],[139.743495,33.126096],[139.742461,33.126248],[139.742778,33.126933],[139.741854,33.126714],[139.742503,33.127131],[139.741435,33.127924],[139.739813,33.131417],[139.739954,33.132729],[139.73913,33.133426],[139.739843,33.134353],[139.738263,33.138701],[139.738785,33.140331],[139.738395,33.141942],[139.738929,33.143115],[139.739528,33.143142],[139.739604,33.14539],[139.738583,33.14587],[139.739474,33.145823],[139.74201,33.148018],[139.741565,33.148709],[139.743126,33.150534],[139.742433,33.151201],[139.743197,33.151119],[139.743846,33.152692],[139.743248,33.153827],[139.744314,33.153727],[139.746119,33.155515],[139.745775,33.155907],[139.746873,33.155567],[139.747994,33.15661],[139.751827,33.157223],[139.75296,33.158027],[139.75471,33.157648],[139.756323,33.158519],[139.756809,33.158137],[139.758433,33.15955]]],[[[139.84671,33.116522],[139.846778,33.116354],[139.84666,33.116378],[139.84671,33.116522]]],[[[139.844358,33.117269],[139.844543,33.117069],[139.844503,33.117024],[139.844358,33.117269]]],[[[139.845905,33.117297],[139.846133,33.117241],[139.845884,33.117191],[139.845905,33.117297]]],[[[139.844786,33.117342],[139.845147,33.11738],[139.844894,33.117128],[139.844786,33.117342]]],[[[139.846324,33.117583],[139.846482,33.117605],[139.84646,33.117495],[139.846324,33.117583]]],[[[139.845419,33.117841],[139.845331,33.117785],[139.84531,33.117852],[139.845419,33.117841]]],[[[139.840207,33.118098],[139.840269,33.117915],[139.840146,33.117931],[139.840207,33.118098]]],[[[139.835574,33.118396],[139.835654,33.118456],[139.835654,33.118413],[139.835574,33.118396]]],[[[139.835898,33.118487],[139.835713,33.118686],[139.835942,33.118509],[139.835898,33.118487]]],[[[139.836333,33.118711],[139.836294,33.118611],[139.836263,33.118694],[139.836333,33.118711]]],[[[139.836435,33.118836],[139.836489,33.118734],[139.836363,33.118828],[139.836435,33.118836]]],[[[139.836928,33.118824],[139.837248,33.119161],[139.837256,33.118797],[139.836928,33.118824]]],[[[139.838093,33.119204],[139.838614,33.118905],[139.838393,33.118576],[139.838093,33.119204]]],[[[139.817549,33.124638],[139.817686,33.124695],[139.817662,33.12461],[139.817549,33.124638]]],[[[139.818708,33.124938],[139.818452,33.124685],[139.818335,33.124917],[139.818708,33.124938]]],[[[139.818714,33.125501],[139.818293,33.125143],[139.818194,33.125199],[139.818714,33.125501]]],[[[139.818666,33.125724],[139.818651,33.125645],[139.818601,33.125705],[139.818666,33.125724]]],[[[139.817843,33.125776],[139.817609,33.125871],[139.817886,33.125883],[139.817843,33.125776]]],[[[139.815033,33.128429],[139.815035,33.128537],[139.815089,33.12846],[139.815033,33.128429]]],[[[139.816039,33.128569],[139.816084,33.128848],[139.816332,33.128802],[139.816039,33.128569]]],[[[139.811237,33.128994],[139.811386,33.12912],[139.811393,33.128986],[139.811237,33.128994]]],[[[139.81091,33.129288],[139.810828,33.129207],[139.810785,33.129272],[139.81091,33.129288]]],[[[139.806097,33.129927],[139.806219,33.129967],[139.80619,33.129896],[139.806097,33.129927]]],[[[139.806652,33.130521],[139.806785,33.130557],[139.806771,33.130485],[139.806652,33.130521]]],[[[139.798273,33.137436],[139.798446,33.137442],[139.798273,33.137423],[139.798273,33.137436]]],[[[139.797595,33.137451],[139.797723,33.137514],[139.797682,33.137406],[139.797595,33.137451]]],[[[139.797992,33.137541],[139.79797,33.137444],[139.797929,33.137486],[139.797992,33.137541]]],[[[139.796263,33.139361],[139.796191,33.139295],[139.796185,33.139384],[139.796263,33.139361]]],[[[139.795435,33.143186],[139.795411,33.143033],[139.795318,33.143111],[139.795435,33.143186]]]]}},{"type":"Feature","properties":{"N03_007":"13402","N03_001":"東京都","nam_ja":"青ヶ島村"},"geometry":{"type":"MultiPolygon","coordinates":[[[[139.766207,32.443194],[139.766125,32.443257],[139.766211,32.443258],[139.766207,32.443194]]],[[[139.766301,32.443384],[139.766327,32.443474],[139.766367,32.443386],[139.766301,32.443384]]],[[[139.7617,32.446011],[139.761646,32.446051],[139.761656,32.446077],[139.7617,32.446011]]],[[[139.7578,32.448628],[139.757801,32.448694],[139.757809,32.448691],[139.7578,32.448628]]],[[[139.755837,32.449606],[139.755855,32.449667],[139.755879,32.449625],[139.755837,32.449606]]],[[[139.754396,32.453631],[139.754375,32.453675],[139.754436,32.453635],[139.754396,32.453631]]],[[[139.753728,32.455919],[139.753669,32.456022],[139.753754,32.455959],[139.753728,32.455919]]],[[[139.754725,32.460146],[139.754748,32.460223],[139.754787,32.460189],[139.754725,32.460146]]],[[[139.754622,32.470208],[139.754559,32.470173],[139.754552,32.470183],[139.754622,32.470208]]],[[[139.764236,32.471046],[139.764171,32.471073],[139.764237,32.471103],[139.764236,32.471046]]],[[[139.75512,32.471602],[139.7551,32.47165],[139.755147,32.471644],[139.75512,32.471602]]],[[[139.755188,32.471617],[139.755198,32.471678],[139.755226,32.471632],[139.755188,32.471617]]],[[[139.755172,32.471771],[139.755208,32.471832],[139.755227,32.471786],[139.755172,32.471771]]],[[[139.755813,32.472223],[139.755799,32.472266],[139.755834,32.472256],[139.755813,32.472223]]],[[[139.756973,32.472969],[139.756947,32.473017],[139.756996,32.473009],[139.756973,32.472969]]],[[[139.759629,32.473289],[139.75957,32.473331],[139.759644,32.473309],[139.759629,32.473289]]],[[[139.761235,32.473569],[139.761329,32.473596],[139.761347,32.473534],[139.761235,32.473569]]],[[[139.758036,32.473669],[139.758114,32.473754],[139.758159,32.473691],[139.758036,32.473669]]],[[[139.767191,32.442955],[139.767079,32.443061],[139.767119,32.443091],[139.767191,32.442955]]],[[[139.772371,32.443569],[139.772271,32.443745],[139.772441,32.443703],[139.772371,32.443569]]],[[[139.774348,32.444871],[139.774317,32.444919],[139.77434,32.444927],[139.774348,32.444871]]],[[[139.78018,32.44826],[139.780167,32.448314],[139.780223,32.448264],[139.78018,32.44826]]],[[[139.759079,32.473544],[139.762752,32.471278],[139.77004,32.469162],[139.769949,32.468388],[139.770872,32.467698],[139.771761,32.465755],[139.773212,32.464191],[139.776055,32.462093],[139.777188,32.461688],[139.777626,32.462018],[139.777498,32.461609],[139.780397,32.457491],[139.780748,32.457309],[139.781346,32.457439],[139.78077,32.457161],[139.780466,32.456572],[139.780101,32.45454],[139.780149,32.453777],[139.780461,32.453347],[139.780969,32.453186],[139.781308,32.452674],[139.781044,32.451356],[139.78112,32.4503],[139.780038,32.448408],[139.780166,32.448138],[139.776182,32.445565],[139.773371,32.444748],[139.771609,32.4436],[139.768265,32.442883],[139.766538,32.44352],[139.766051,32.44463],[139.764079,32.445866],[139.760387,32.446396],[139.759381,32.445771],[139.760131,32.446926],[139.759072,32.447739],[139.758005,32.446847],[139.758636,32.448268],[139.755025,32.450404],[139.754417,32.453557],[139.755003,32.45522],[139.75496,32.46073],[139.754269,32.46321],[139.755165,32.471569],[139.756064,32.472351],[139.756057,32.472548],[139.759079,32.473544]]],[[[139.78002,32.458588],[139.779961,32.458655],[139.780025,32.458651],[139.78002,32.458588]]],[[[139.778775,32.460197],[139.778707,32.460255],[139.778777,32.460254],[139.778775,32.460197]]],[[[139.778726,32.460314],[139.778578,32.460389],[139.778588,32.460437],[139.778726,32.460314]]],[[[139.778084,32.461786],[139.778114,32.461856],[139.778119,32.461773],[139.778084,32.461786]]],[[[139.776706,32.461978],[139.776656,32.462022],[139.776699,32.462019],[139.776706,32.461978]]],[[[139.775636,32.462594],[139.77568,32.462609],[139.775673,32.462582],[139.775636,32.462594]]],[[[139.775561,32.4627],[139.775532,32.462775],[139.775597,32.462732],[139.775561,32.4627]]],[[[139.775003,32.463073],[139.774947,32.463133],[139.775011,32.463113],[139.775003,32.463073]]],[[[139.774012,32.463651],[139.774011,32.463731],[139.774075,32.46368],[139.774012,32.463651]]],[[[139.771779,32.465902],[139.771843,32.465872],[139.77181,32.465861],[139.771779,32.465902]]],[[[139.771246,32.46716],[139.771198,32.467209],[139.771254,32.467216],[139.771246,32.46716]]],[[[139.771051,32.467742],[139.77103,32.467804],[139.771068,32.467797],[139.771051,32.467742]]],[[[139.770689,32.467885],[139.770684,32.46794],[139.770713,32.467902],[139.770689,32.467885]]],[[[139.780645,32.448986],[139.780672,32.44905],[139.780702,32.449004],[139.780645,32.448986]]],[[[139.781148,32.450244],[139.781188,32.450325],[139.781207,32.450229],[139.781148,32.450244]]],[[[139.781209,32.450478],[139.781244,32.450523],[139.781234,32.450471],[139.781209,32.450478]]],[[[139.781322,32.450531],[139.781373,32.450587],[139.781365,32.450512],[139.781322,32.450531]]],[[[139.781148,32.45106],[139.78111,32.451116],[139.781144,32.451127],[139.781148,32.45106]]],[[[139.781176,32.451424],[139.781143,32.451373],[139.781123,32.451431],[139.781176,32.451424]]],[[[139.781274,32.45151],[139.781318,32.451563],[139.781314,32.451501],[139.781274,32.45151]]],[[[139.781323,32.452092],[139.781364,32.452165],[139.781377,32.452089],[139.781323,32.452092]]],[[[139.781408,32.452166],[139.78149,32.452268],[139.781499,32.452225],[139.781408,32.452166]]],[[[139.780414,32.453435],[139.780446,32.453466],[139.780451,32.45342],[139.780414,32.453435]]],[[[139.780896,32.453694],[139.780713,32.453733],[139.780892,32.453727],[139.780896,32.453694]]],[[[139.780512,32.455686],[139.780436,32.455757],[139.78055,32.455776],[139.780512,32.455686]]],[[[139.780611,32.456559],[139.780635,32.456614],[139.780638,32.456545],[139.780611,32.456559]]],[[[139.780679,32.456654],[139.780744,32.456698],[139.780705,32.456645],[139.780679,32.456654]]],[[[139.78081,32.457166],[139.780887,32.457189],[139.780818,32.45714],[139.78081,32.457166]]],[[[139.781897,32.457238],[139.781949,32.457339],[139.781993,32.457258],[139.781897,32.457238]]],[[[139.780665,32.457466],[139.78063,32.457531],[139.780684,32.457498],[139.780665,32.457466]]],[[[139.780293,32.458525],[139.78024,32.458476],[139.780208,32.458519],[139.780293,32.458525]]]]}},{"type":"Feature","properties":{"N03_007":"13421","N03_001":"東京都","nam_ja":"小笠原村"},"geometry":{"type":"MultiPolygon","coordinates":[[[[136.073616,20.422983],[136.074132,20.423039],[136.073883,20.422746],[136.073616,20.422983]]],[[[136.069921,20.425068],[136.069558,20.42512],[136.069981,20.425315],[136.069921,20.425068]]],[[[136.069746,20.425263],[136.069788,20.425236],[136.069736,20.425232],[136.069746,20.425263]]],[[[136.069541,20.425172],[136.069764,20.425458],[136.069942,20.42537],[136.069541,20.425172]]],[[[136.08134,20.425489],[136.080931,20.425494],[136.08136,20.425646],[136.08134,20.425489]]],[[[136.081129,20.425629],[136.081161,20.425585],[136.081125,20.425576],[136.081129,20.425629]]],[[[136.08091,20.425574],[136.081035,20.425801],[136.081332,20.425719],[136.08091,20.425574]]],[[[141.28548,24.744881],[141.285402,24.744871],[141.285478,24.744904],[141.28548,24.744881]]],[[[141.28528,24.745284],[141.285375,24.745094],[141.285253,24.745085],[141.28528,24.745284]]],[[[141.28519,24.745812],[141.285378,24.745577],[141.285037,24.745447],[141.28519,24.745812]]],[[[141.285464,24.748522],[141.285482,24.748548],[141.285495,24.748532],[141.285464,24.748522]]],[[[141.285405,24.748954],[141.285425,24.748986],[141.285431,24.74898],[141.285405,24.748954]]],[[[141.285482,24.748995],[141.285468,24.748949],[141.285449,24.748991],[141.285482,24.748995]]],[[[141.28538,24.74899],[141.285412,24.74899],[141.285397,24.748971],[141.28538,24.74899]]],[[[141.285497,24.74901],[141.285507,24.748997],[141.285495,24.748998],[141.285497,24.74901]]],[[[141.285234,24.749359],[141.28521,24.749378],[141.285235,24.749371],[141.285234,24.749359]]],[[[141.285277,24.749622],[141.285248,24.749618],[141.285249,24.749629],[141.285277,24.749622]]],[[[141.285086,24.749791],[141.285109,24.749811],[141.285106,24.74979],[141.285086,24.749791]]],[[[141.285069,24.749904],[141.28509,24.749895],[141.285075,24.749886],[141.285069,24.749904]]],[[[141.284163,24.749927],[141.284179,24.749957],[141.284194,24.749932],[141.284163,24.749927]]],[[[141.284511,24.750085],[141.284535,24.75005],[141.284506,24.750056],[141.284511,24.750085]]],[[[141.284481,24.750087],[141.284455,24.750106],[141.284487,24.750116],[141.284481,24.750087]]],[[[141.284537,24.750285],[141.284594,24.750227],[141.284502,24.750187],[141.284537,24.750285]]],[[[141.284643,24.750279],[141.284586,24.750297],[141.284596,24.750314],[141.284643,24.750279]]],[[[141.284741,24.750323],[141.284693,24.750294],[141.284705,24.750358],[141.284741,24.750323]]],[[[141.284647,24.750344],[141.284623,24.750336],[141.284626,24.75035],[141.284647,24.750344]]],[[[141.28453,24.750428],[141.284535,24.750401],[141.284522,24.750406],[141.28453,24.750428]]],[[[141.284768,24.750447],[141.284788,24.750434],[141.284773,24.750423],[141.284768,24.750447]]],[[[141.284689,24.750479],[141.284676,24.750407],[141.284658,24.750467],[141.284689,24.750479]]],[[[141.284738,24.75052],[141.28478,24.750468],[141.284757,24.750448],[141.284738,24.75052]]],[[[141.284138,24.750578],[141.284221,24.750575],[141.28419,24.750539],[141.284138,24.750578]]],[[[141.284743,24.750565],[141.284768,24.750569],[141.28477,24.750564],[141.284743,24.750565]]],[[[141.284678,24.750625],[141.284707,24.750622],[141.284672,24.750615],[141.284678,24.750625]]],[[[141.284308,24.750616],[141.284261,24.750638],[141.284296,24.750646],[141.284308,24.750616]]],[[[141.284717,24.750677],[141.284737,24.750688],[141.284744,24.750663],[141.284717,24.750677]]],[[[141.284352,24.7507],[141.284387,24.750745],[141.284371,24.750681],[141.284352,24.7507]]],[[[141.28461,24.750797],[141.284536,24.750785],[141.284537,24.750883],[141.28461,24.750797]]],[[[141.284759,24.750926],[141.28479,24.750916],[141.284768,24.750914],[141.284759,24.750926]]],[[[141.284676,24.750975],[141.284706,24.750897],[141.284632,24.750875],[141.284676,24.750975]]],[[[141.284543,24.750946],[141.284632,24.750987],[141.284634,24.750959],[141.284543,24.750946]]],[[[141.2848,24.750995],[141.284763,24.750995],[141.284767,24.751015],[141.2848,24.750995]]],[[[141.284777,24.751026],[141.284793,24.751047],[141.284797,24.751031],[141.284777,24.751026]]],[[[141.284607,24.751073],[141.284644,24.751053],[141.28456,24.751055],[141.284607,24.751073]]],[[[141.284773,24.751163],[141.284727,24.751177],[141.284773,24.751178],[141.284773,24.751163]]],[[[141.283654,24.751617],[141.283426,24.751289],[141.283378,24.751306],[141.283654,24.751617]]],[[[141.284865,24.751558],[141.284834,24.751565],[141.284857,24.751577],[141.284865,24.751558]]],[[[141.284694,24.75157],[141.284711,24.751593],[141.284717,24.751557],[141.284694,24.75157]]],[[[141.284826,24.751706],[141.284845,24.751734],[141.284843,24.751704],[141.284826,24.751706]]],[[[141.284773,24.751849],[141.284766,24.751829],[141.284758,24.751847],[141.284773,24.751849]]],[[[141.284856,24.751863],[141.284877,24.751858],[141.284869,24.751844],[141.284856,24.751863]]],[[[141.284804,24.751883],[141.284781,24.751874],[141.284788,24.751888],[141.284804,24.751883]]],[[[141.284851,24.751915],[141.284873,24.751944],[141.284873,24.751913],[141.284851,24.751915]]],[[[141.284808,24.751948],[141.284804,24.751917],[141.284791,24.751941],[141.284808,24.751948]]],[[[141.28465,24.751964],[141.28466,24.751937],[141.284649,24.751939],[141.28465,24.751964]]],[[[141.284867,24.751977],[141.284845,24.751988],[141.284867,24.751991],[141.284867,24.751977]]],[[[141.284863,24.752009],[141.284842,24.752009],[141.284847,24.752022],[141.284863,24.752009]]],[[[141.284764,24.752086],[141.28479,24.752075],[141.284761,24.752069],[141.284764,24.752086]]],[[[141.284745,24.752131],[141.284752,24.752096],[141.284734,24.752119],[141.284745,24.752131]]],[[[141.284772,24.752136],[141.284766,24.752121],[141.284756,24.752141],[141.284772,24.752136]]],[[[141.28459,24.752288],[141.284588,24.752265],[141.284578,24.752284],[141.28459,24.752288]]],[[[141.28461,24.752675],[141.28464,24.752657],[141.284622,24.752653],[141.28461,24.752675]]],[[[141.284639,24.752797],[141.284623,24.752807],[141.284645,24.752802],[141.284639,24.752797]]],[[[141.284726,24.75296],[141.284744,24.752944],[141.284724,24.752949],[141.284726,24.75296]]],[[[141.284656,24.752943],[141.284677,24.75296],[141.284668,24.752938],[141.284656,24.752943]]],[[[141.284722,24.752998],[141.284713,24.752978],[141.284712,24.752998],[141.284722,24.752998]]],[[[141.284691,24.753107],[141.28472,24.7531],[141.284703,24.753087],[141.284691,24.753107]]],[[[141.284788,24.753225],[141.284761,24.75322],[141.28477,24.753233],[141.284788,24.753225]]],[[[141.284844,24.753323],[141.284818,24.753322],[141.284844,24.75333],[141.284844,24.753323]]],[[[141.284837,24.753466],[141.284813,24.753475],[141.284838,24.753482],[141.284837,24.753466]]],[[[141.284855,24.753513],[141.284826,24.753506],[141.284846,24.753522],[141.284855,24.753513]]],[[[141.284741,24.753824],[141.284766,24.753811],[141.284742,24.753812],[141.284741,24.753824]]],[[[141.284884,24.7539],[141.284877,24.753922],[141.284891,24.753911],[141.284884,24.7539]]],[[[141.284953,24.753922],[141.284986,24.753932],[141.284973,24.753917],[141.284953,24.753922]]],[[[141.285043,24.754085],[141.285027,24.754077],[141.28503,24.754087],[141.285043,24.754085]]],[[[141.28506,24.754305],[141.285079,24.75431],[141.285074,24.754293],[141.28506,24.754305]]],[[[141.285501,24.755271],[141.285529,24.755274],[141.285518,24.755262],[141.285501,24.755271]]],[[[141.285043,24.784511],[141.285055,24.784534],[141.285066,24.784525],[141.285043,24.784511]]],[[[141.285077,24.784563],[141.285052,24.784563],[141.285068,24.784579],[141.285077,24.784563]]],[[[141.284934,24.784655],[141.284934,24.784699],[141.284963,24.784654],[141.284934,24.784655]]],[[[141.285043,24.784995],[141.285069,24.785017],[141.285064,24.784993],[141.285043,24.784995]]],[[[141.285303,24.785124],[141.285312,24.785154],[141.285345,24.785148],[141.285303,24.785124]]],[[[141.285393,24.785273],[141.285355,24.785302],[141.285378,24.78533],[141.285393,24.785273]]],[[[141.285164,24.785324],[141.285142,24.785305],[141.285129,24.785322],[141.285164,24.785324]]],[[[141.284984,24.785333],[141.284936,24.785336],[141.284982,24.785375],[141.284984,24.785333]]],[[[141.285052,24.785279],[141.285141,24.785413],[141.285081,24.785255],[141.285052,24.785279]]],[[[141.28553,24.785347],[141.285487,24.785397],[141.285556,24.785414],[141.28553,24.785347]]],[[[141.285269,24.785426],[141.285283,24.785398],[141.285278,24.785395],[141.285269,24.785426]]],[[[141.285205,24.785447],[141.285214,24.785463],[141.285224,24.785433],[141.285205,24.785447]]],[[[141.285042,24.785505],[141.285079,24.785499],[141.285065,24.785482],[141.285042,24.785505]]],[[[141.285243,24.785499],[141.285305,24.785568],[141.285274,24.785456],[141.285243,24.785499]]],[[[141.285325,24.785523],[141.285337,24.785502],[141.285327,24.785505],[141.285325,24.785523]]],[[[141.285107,24.785527],[141.285092,24.7856],[141.285127,24.785597],[141.285107,24.785527]]],[[[141.285169,24.785527],[141.285215,24.785771],[141.285186,24.785503],[141.285169,24.785527]]],[[[141.285093,24.785649],[141.285053,24.785709],[141.285083,24.785737],[141.285093,24.785649]]],[[[141.285115,24.785698],[141.285144,24.78567],[141.285129,24.785669],[141.285115,24.785698]]],[[[141.284592,24.785724],[141.284619,24.785713],[141.284599,24.785709],[141.284592,24.785724]]],[[[141.285121,24.785745],[141.285155,24.78575],[141.285127,24.785729],[141.285121,24.785745]]],[[[141.285005,24.785864],[141.284989,24.785836],[141.284992,24.785867],[141.285005,24.785864]]],[[[141.284976,24.785905],[141.284937,24.785868],[141.284951,24.78593],[141.284976,24.785905]]],[[[141.28498,24.785945],[141.285101,24.78586],[141.285082,24.785828],[141.28498,24.785945]]],[[[141.284987,24.78601],[141.28502,24.786014],[141.285007,24.785998],[141.284987,24.78601]]],[[[141.284718,24.785975],[141.284782,24.786078],[141.284832,24.785952],[141.284718,24.785975]]],[[[141.284937,24.786032],[141.284977,24.786038],[141.28494,24.78602],[141.284937,24.786032]]],[[[141.284807,24.786082],[141.284864,24.786033],[141.284799,24.786062],[141.284807,24.786082]]],[[[141.284867,24.78681],[141.284909,24.786789],[141.284865,24.786802],[141.284867,24.78681]]],[[[141.285009,24.786795],[141.285011,24.786825],[141.285032,24.786805],[141.285009,24.786795]]],[[[141.285457,24.787058],[141.285434,24.787059],[141.285455,24.787074],[141.285457,24.787058]]],[[[141.28509,24.78715],[141.285062,24.787136],[141.285056,24.787153],[141.28509,24.78715]]],[[[141.285458,24.787162],[141.285446,24.787145],[141.285437,24.787161],[141.285458,24.787162]]],[[[141.285407,24.787083],[141.285282,24.787158],[141.285325,24.787261],[141.285407,24.787083]]],[[[141.284825,24.787173],[141.284823,24.787216],[141.284846,24.787202],[141.284825,24.787173]]],[[[141.285266,24.787249],[141.285263,24.787308],[141.285296,24.787277],[141.285266,24.787249]]],[[[141.284792,24.78726],[141.284862,24.787303],[141.284859,24.787278],[141.284792,24.78726]]],[[[141.285305,24.787339],[141.285339,24.787358],[141.285333,24.787318],[141.285305,24.787339]]],[[[141.285322,24.787554],[141.285319,24.78752],[141.285301,24.787543],[141.285322,24.787554]]],[[[141.284719,24.788113],[141.284741,24.78815],[141.284751,24.788108],[141.284719,24.788113]]],[[[141.28547,24.788247],[141.285489,24.788248],[141.285486,24.78824],[141.28547,24.788247]]],[[[141.285503,24.788384],[141.285525,24.78835],[141.28547,24.788393],[141.285503,24.788384]]],[[[141.285453,24.789179],[141.285549,24.789104],[141.285484,24.789085],[141.285453,24.789179]]],[[[141.285448,24.789241],[141.285444,24.789206],[141.285427,24.789236],[141.285448,24.789241]]],[[[141.28497,24.789728],[141.284953,24.789736],[141.284971,24.78974],[141.28497,24.789728]]],[[[141.285103,24.790418],[141.285148,24.790383],[141.285081,24.790402],[141.285103,24.790418]]],[[[141.285122,24.790473],[141.285156,24.79048],[141.285171,24.790473],[141.285122,24.790473]]],[[[141.285152,24.790493],[141.285152,24.790512],[141.285168,24.790501],[141.285152,24.790493]]],[[[141.285494,24.796889],[141.285457,24.79692],[141.285497,24.796917],[141.285494,24.796889]]],[[[141.284941,24.798106],[141.284975,24.798121],[141.284951,24.798099],[141.284941,24.798106]]],[[[141.284842,24.798238],[141.284842,24.798221],[141.284832,24.798237],[141.284842,24.798238]]],[[[141.284038,24.798425],[141.284076,24.798462],[141.284092,24.79845],[141.284038,24.798425]]],[[[141.284479,24.798772],[141.284448,24.798784],[141.284455,24.798789],[141.284479,24.798772]]],[[[141.28422,24.799257],[141.28425,24.799271],[141.284229,24.799255],[141.28422,24.799257]]],[[[141.284336,24.799388],[141.284366,24.799405],[141.284372,24.799385],[141.284336,24.799388]]],[[[141.28409,24.799431],[141.284081,24.799409],[141.284073,24.799418],[141.28409,24.799431]]],[[[141.284324,24.799444],[141.284301,24.799407],[141.284288,24.799436],[141.284324,24.799444]]],[[[141.284253,24.799451],[141.284237,24.799436],[141.284235,24.79945],[141.284253,24.799451]]],[[[141.284364,24.799444],[141.284381,24.799453],[141.284375,24.799432],[141.284364,24.799444]]],[[[141.284387,24.799448],[141.284407,24.799444],[141.284404,24.799438],[141.284387,24.799448]]],[[[141.28417,24.799463],[141.284174,24.799477],[141.284182,24.79947],[141.28417,24.799463]]],[[[141.28446,24.799572],[141.284441,24.799622],[141.284468,24.799592],[141.28446,24.799572]]],[[[141.284483,24.799613],[141.284503,24.799596],[141.284481,24.799599],[141.284483,24.799613]]],[[[141.284469,24.799641],[141.284469,24.799614],[141.284452,24.799623],[141.284469,24.799641]]],[[[141.284484,24.799658],[141.284453,24.799681],[141.28448,24.799681],[141.284484,24.799658]]],[[[141.284454,24.799716],[141.284446,24.799696],[141.284434,24.799705],[141.284454,24.799716]]],[[[141.284463,24.799925],[141.284482,24.799937],[141.284483,24.799923],[141.284463,24.799925]]],[[[141.284398,24.80012],[141.28441,24.800091],[141.284398,24.800095],[141.284398,24.80012]]],[[[141.28433,24.800147],[141.284336,24.800122],[141.284322,24.80014],[141.28433,24.800147]]],[[[141.2845,24.800184],[141.28451,24.800212],[141.284516,24.800191],[141.2845,24.800184]]],[[[141.284453,24.800403],[141.284451,24.800387],[141.284447,24.800401],[141.284453,24.800403]]],[[[141.28461,24.800521],[141.284597,24.800504],[141.284595,24.800523],[141.28461,24.800521]]],[[[141.284597,24.800583],[141.284609,24.800618],[141.284633,24.800601],[141.284597,24.800583]]],[[[141.284616,24.800652],[141.284636,24.800635],[141.284609,24.800639],[141.284616,24.800652]]],[[[141.284637,24.800713],[141.28464,24.800694],[141.28463,24.800697],[141.284637,24.800713]]],[[[141.284612,24.800767],[141.284654,24.80077],[141.284616,24.800755],[141.284612,24.800767]]],[[[141.284667,24.800859],[141.284617,24.800846],[141.284613,24.80086],[141.284667,24.800859]]],[[[141.284686,24.800859],[141.28471,24.800849],[141.284702,24.800843],[141.284686,24.800859]]],[[[141.284645,24.801124],[141.28466,24.801149],[141.284659,24.801128],[141.284645,24.801124]]],[[[141.284599,24.801256],[141.284622,24.801247],[141.284608,24.801243],[141.284599,24.801256]]],[[[141.284673,24.801775],[141.284666,24.801762],[141.284654,24.801771],[141.284673,24.801775]]],[[[141.284841,24.801788],[141.284873,24.801786],[141.284867,24.801777],[141.284841,24.801788]]],[[[141.284791,24.801799],[141.284813,24.801792],[141.284797,24.80179],[141.284791,24.801799]]],[[[141.284767,24.801813],[141.284787,24.801831],[141.284783,24.801813],[141.284767,24.801813]]],[[[141.279094,24.801914],[141.279113,24.801756],[141.279019,24.801869],[141.279094,24.801914]]],[[[141.28488,24.802068],[141.28493,24.802056],[141.28491,24.80202],[141.28488,24.802068]]],[[[141.284837,24.802121],[141.28484,24.802105],[141.284824,24.802102],[141.284837,24.802121]]],[[[141.284881,24.802109],[141.284909,24.802127],[141.284885,24.802101],[141.284881,24.802109]]],[[[141.284928,24.802109],[141.284925,24.802123],[141.284938,24.802111],[141.284928,24.802109]]],[[[141.285043,24.802238],[141.28504,24.802216],[141.285027,24.802225],[141.285043,24.802238]]],[[[141.284993,24.802243],[141.285,24.802219],[141.284993,24.802219],[141.284993,24.802243]]],[[[141.285047,24.802273],[141.285071,24.802266],[141.285047,24.802262],[141.285047,24.802273]]],[[[141.285059,24.802325],[141.285046,24.802305],[141.285037,24.802312],[141.285059,24.802325]]],[[[141.284792,24.802362],[141.284755,24.802344],[141.284772,24.802361],[141.284792,24.802362]]],[[[141.284976,24.802435],[141.284983,24.802464],[141.284994,24.802439],[141.284976,24.802435]]],[[[141.285058,24.802704],[141.285028,24.802679],[141.285004,24.802699],[141.285058,24.802704]]],[[[141.28506,24.802806],[141.285055,24.802786],[141.285042,24.802795],[141.28506,24.802806]]],[[[141.285013,24.802816],[141.285014,24.802867],[141.285037,24.802847],[141.285013,24.802816]]],[[[141.284919,24.802853],[141.284942,24.802868],[141.284947,24.802855],[141.284919,24.802853]]],[[[141.285075,24.803122],[141.285039,24.803087],[141.285023,24.803144],[141.285075,24.803122]]],[[[141.284974,24.803183],[141.284911,24.803159],[141.284907,24.803185],[141.284974,24.803183]]],[[[141.285295,24.803878],[141.285264,24.803871],[141.285278,24.803885],[141.285295,24.803878]]],[[[141.285109,24.803943],[141.285142,24.803943],[141.285123,24.80393],[141.285109,24.803943]]],[[[141.285295,24.804005],[141.285319,24.803949],[141.285305,24.803942],[141.285295,24.804005]]],[[[141.285324,24.804083],[141.285329,24.804105],[141.285337,24.804084],[141.285324,24.804083]]],[[[141.285333,24.804279],[141.285357,24.804294],[141.285359,24.804263],[141.285333,24.804279]]],[[[141.285418,24.80433],[141.285406,24.804315],[141.285398,24.804332],[141.285418,24.80433]]],[[[141.285414,24.804399],[141.285398,24.804387],[141.285402,24.804395],[141.285414,24.804399]]],[[[141.285446,24.80447],[141.285412,24.804447],[141.285442,24.804493],[141.285446,24.80447]]],[[[141.285479,24.804552],[141.285499,24.804537],[141.285474,24.804528],[141.285479,24.804552]]],[[[141.285471,24.804567],[141.285491,24.804567],[141.285479,24.804561],[141.285471,24.804567]]],[[[141.285389,24.804586],[141.285441,24.804544],[141.285421,24.804534],[141.285389,24.804586]]],[[[141.285442,24.804594],[141.285464,24.804585],[141.285455,24.804579],[141.285442,24.804594]]],[[[141.285414,24.804647],[141.285434,24.804673],[141.285451,24.804648],[141.285414,24.804647]]],[[[141.285322,24.804671],[141.285301,24.804667],[141.2853,24.804671],[141.285322,24.804671]]],[[[141.285422,24.804757],[141.285467,24.804717],[141.285406,24.804707],[141.285422,24.804757]]],[[[141.285498,24.804783],[141.285454,24.804778],[141.285466,24.804804],[141.285498,24.804783]]],[[[141.285459,24.805169],[141.285504,24.805201],[141.285512,24.805166],[141.285459,24.805169]]],[[[141.282402,24.809648],[141.282229,24.809511],[141.282319,24.809684],[141.282402,24.809648]]],[[[141.273727,25.423177],[141.274035,25.423231],[141.273921,25.423112],[141.273727,25.423177]]],[[[141.272728,25.426374],[141.272706,25.426463],[141.272773,25.42641],[141.272728,25.426374]]],[[[141.272938,25.426404],[141.272873,25.426463],[141.272954,25.426457],[141.272938,25.426404]]],[[[141.272349,25.427784],[141.272434,25.427819],[141.272411,25.427768],[141.272349,25.427784]]],[[[141.271979,25.428936],[141.27188,25.428959],[141.271934,25.429008],[141.271979,25.428936]]],[[[141.27208,25.428986],[141.272141,25.429031],[141.272135,25.428961],[141.27208,25.428986]]],[[[141.271798,25.429009],[141.271767,25.429073],[141.271819,25.429064],[141.271798,25.429009]]],[[[141.272199,25.429136],[141.272135,25.429162],[141.272139,25.429229],[141.272199,25.429136]]],[[[141.272085,25.42916],[141.272001,25.429209],[141.272046,25.429228],[141.272085,25.42916]]],[[[141.27194,25.42937],[141.271868,25.429344],[141.271864,25.429399],[141.27194,25.42937]]],[[[141.272049,25.42973],[141.271982,25.4297],[141.272014,25.429765],[141.272049,25.42973]]],[[[141.271525,25.430671],[141.271456,25.430723],[141.271532,25.430708],[141.271525,25.430671]]],[[[141.271602,25.431849],[141.271632,25.431935],[141.271685,25.4319],[141.271602,25.431849]]],[[[141.272046,25.432355],[141.272042,25.432435],[141.272095,25.4324],[141.272046,25.432355]]],[[[141.271849,25.432929],[141.271833,25.433023],[141.271875,25.433002],[141.271849,25.432929]]],[[[141.272331,25.433496],[141.272392,25.433578],[141.272353,25.433488],[141.272331,25.433496]]],[[[141.283054,25.448933],[141.288499,25.447014],[141.288647,25.44614],[141.290138,25.444024],[141.29053,25.4407],[141.292931,25.438295],[141.293178,25.43647],[141.292251,25.433255],[141.293452,25.426113],[141.290476,25.422379],[141.287648,25.42077],[141.282636,25.419077],[141.278365,25.418788],[141.2752,25.42029],[141.272288,25.429072],[141.272853,25.439661],[141.273885,25.441867],[141.280011,25.447901],[141.283054,25.448933]]],[[[141.28507,25.44855],[141.285049,25.448618],[141.28511,25.448568],[141.28507,25.44855]]],[[[141.283957,25.448876],[141.283912,25.448989],[141.284027,25.44888],[141.283957,25.448876]]],[[[140.882922,27.2369],[140.882972,27.236984],[140.882976,27.236895],[140.882922,27.2369]]],[[[140.88393,27.237004],[140.883948,27.237077],[140.883992,27.237004],[140.88393,27.237004]]],[[[140.888736,27.242484],[140.888696,27.242442],[140.888676,27.242473],[140.888736,27.242484]]],[[[140.869183,27.243717],[140.869079,27.243745],[140.869184,27.243765],[140.869183,27.243717]]],[[[140.873355,27.253708],[140.880002,27.253581],[140.885079,27.252094],[140.88917,27.248141],[140.890098,27.244474],[140.889522,27.244362],[140.886675,27.238927],[140.884118,27.237024],[140.884074,27.237155],[140.883697,27.237148],[140.883516,27.236978],[140.883344,27.237131],[140.883141,27.236867],[140.883099,27.237017],[140.882577,27.23709],[140.882485,27.236868],[140.882279,27.237072],[140.882196,27.236853],[140.877709,27.237942],[140.876498,27.237341],[140.8746,27.237724],[140.871049,27.241614],[140.869389,27.242566],[140.869135,27.244446],[140.871188,27.24705],[140.870872,27.250312],[140.871515,27.251971],[140.873355,27.253708]]],[[[141.285677,24.745065],[141.285805,24.745081],[141.285695,24.745036],[141.285677,24.745065]]],[[[141.286383,24.745174],[141.286506,24.745188],[141.286434,24.745114],[141.286383,24.745174]]],[[[141.285932,24.745173],[141.286,24.745278],[141.286027,24.74528],[141.285932,24.745173]]],[[[141.286134,24.745522],[141.286118,24.745492],[141.286101,24.745505],[141.286134,24.745522]]],[[[141.285692,24.745566],[141.285766,24.745611],[141.285771,24.745605],[141.285692,24.745566]]],[[[141.285673,24.74566],[141.285665,24.745579],[141.285648,24.745592],[141.285673,24.74566]]],[[[141.287294,24.745761],[141.287332,24.74576],[141.287316,24.745751],[141.287294,24.745761]]],[[[141.28555,24.748999],[141.285572,24.749008],[141.285568,24.74899],[141.28555,24.748999]]],[[[141.286485,24.784808],[141.286518,24.784811],[141.28649,24.7848],[141.286485,24.784808]]],[[[141.286814,24.784877],[141.286784,24.784903],[141.286813,24.784893],[141.286814,24.784877]]],[[[141.286839,24.784906],[141.286859,24.784923],[141.286849,24.784905],[141.286839,24.784906]]],[[[141.286454,24.784919],[141.286429,24.784927],[141.286458,24.784945],[141.286454,24.784919]]],[[[141.28688,24.784937],[141.286862,24.784967],[141.286886,24.784966],[141.28688,24.784937]]],[[[141.286668,24.784972],[141.286679,24.784951],[141.286653,24.784951],[141.286668,24.784972]]],[[[141.286274,24.784979],[141.286262,24.784953],[141.28625,24.784979],[141.286274,24.784979]]],[[[141.286988,24.78497],[141.287015,24.78496],[141.287002,24.78495],[141.286988,24.78497]]],[[[141.286728,24.784985],[141.286727,24.784967],[141.286718,24.78498],[141.286728,24.784985]]],[[[141.286214,24.784985],[141.286192,24.784972],[141.286182,24.784979],[141.286214,24.784985]]],[[[141.286787,24.784986],[141.286803,24.784972],[141.286788,24.784965],[141.286787,24.784986]]],[[[141.285767,24.784977],[141.285802,24.785025],[141.285814,24.785012],[141.285767,24.784977]]],[[[141.286848,24.785017],[141.286865,24.785033],[141.286877,24.785024],[141.286848,24.785017]]],[[[141.28657,24.785017],[141.286557,24.785059],[141.286613,24.785047],[141.28657,24.785017]]],[[[141.286469,24.785063],[141.286495,24.785042],[141.286452,24.785029],[141.286469,24.785063]]],[[[141.286822,24.78505],[141.286849,24.785053],[141.286831,24.785039],[141.286822,24.78505]]],[[[141.28653,24.785061],[141.286522,24.785043],[141.286513,24.785054],[141.28653,24.785061]]],[[[141.285887,24.785068],[141.285883,24.785039],[141.285861,24.785046],[141.285887,24.785068]]],[[[141.286333,24.785061],[141.286367,24.785066],[141.286354,24.785035],[141.286333,24.785061]]],[[[141.285998,24.785049],[141.285982,24.785068],[141.286002,24.785071],[141.285998,24.785049]]],[[[141.286011,24.785055],[141.286026,24.785071],[141.28602,24.785051],[141.286011,24.785055]]],[[[141.285942,24.78508],[141.285959,24.785084],[141.285948,24.785062],[141.285942,24.78508]]],[[[141.287015,24.785088],[141.287026,24.785079],[141.287006,24.78507],[141.287015,24.785088]]],[[[141.286329,24.785093],[141.286297,24.785067],[141.286276,24.785081],[141.286329,24.785093]]],[[[141.285999,24.785076],[141.285975,24.78508],[141.285995,24.785093],[141.285999,24.785076]]],[[[141.287101,24.785069],[141.287117,24.7851],[141.287122,24.785075],[141.287101,24.785069]]],[[[141.285995,24.785111],[141.285975,24.785104],[141.28598,24.785112],[141.285995,24.785111]]],[[[141.286974,24.785126],[141.287002,24.78511],[141.28699,24.785098],[141.286974,24.785126]]],[[[141.286853,24.785115],[141.286885,24.785132],[141.286867,24.7851],[141.286853,24.785115]]],[[[141.285732,24.785106],[141.285755,24.785146],[141.285765,24.785107],[141.285732,24.785106]]],[[[141.287051,24.785129],[141.287036,24.785122],[141.287031,24.785133],[141.287051,24.785129]]],[[[141.286956,24.785126],[141.286935,24.785144],[141.286954,24.785144],[141.286956,24.785126]]],[[[141.286027,24.785142],[141.286014,24.785127],[141.28601,24.785137],[141.286027,24.785142]]],[[[141.287119,24.785148],[141.287136,24.785129],[141.287117,24.785134],[141.287119,24.785148]]],[[[141.287059,24.785158],[141.287087,24.78515],[141.287059,24.785149],[141.287059,24.785158]]],[[[141.287011,24.785173],[141.287006,24.785159],[141.287003,24.785167],[141.287011,24.785173]]],[[[141.287031,24.785163],[141.287044,24.785174],[141.28705,24.785164],[141.287031,24.785163]]],[[[141.285969,24.785176],[141.285953,24.785159],[141.285952,24.785186],[141.285969,24.785176]]],[[[141.287081,24.785186],[141.287079,24.785175],[141.287065,24.785179],[141.287081,24.785186]]],[[[141.287219,24.785187],[141.287235,24.785174],[141.28722,24.785174],[141.287219,24.785187]]],[[[141.286923,24.785178],[141.28692,24.785192],[141.28694,24.78519],[141.286923,24.785178]]],[[[141.287195,24.785197],[141.287187,24.785179],[141.287176,24.785193],[141.287195,24.785197]]],[[[141.287054,24.785185],[141.287064,24.785194],[141.287066,24.785189],[141.287054,24.785185]]],[[[141.287021,24.785198],[141.287041,24.785188],[141.287022,24.785186],[141.287021,24.785198]]],[[[141.286145,24.78518],[141.28614,24.78521],[141.286153,24.785179],[141.286145,24.78518]]],[[[141.285979,24.785204],[141.285983,24.785189],[141.285968,24.785197],[141.285979,24.785204]]],[[[141.28712,24.785202],[141.287155,24.785205],[141.287153,24.785194],[141.28712,24.785202]]],[[[141.285714,24.785215],[141.285728,24.785183],[141.285692,24.785207],[141.285714,24.785215]]],[[[141.286926,24.785219],[141.286904,24.785205],[141.286908,24.785216],[141.286926,24.785219]]],[[[141.286209,24.785218],[141.286234,24.785223],[141.286229,24.785199],[141.286209,24.785218]]],[[[141.286027,24.785188],[141.286015,24.785241],[141.28605,24.785207],[141.286027,24.785188]]],[[[141.287239,24.78523],[141.287215,24.785217],[141.287218,24.785238],[141.287239,24.78523]]],[[[141.28616,24.785226],[141.286134,24.785234],[141.286147,24.785243],[141.28616,24.785226]]],[[[141.285815,24.785259],[141.285802,24.785224],[141.285785,24.785244],[141.285815,24.785259]]],[[[141.285697,24.785256],[141.285719,24.785249],[141.285707,24.785246],[141.285697,24.785256]]],[[[141.287274,24.785263],[141.287262,24.785248],[141.287258,24.785258],[141.287274,24.785263]]],[[[141.285661,24.785271],[141.285682,24.785263],[141.285677,24.785251],[141.285661,24.785271]]],[[[141.287321,24.7853],[141.287305,24.785292],[141.287309,24.7853],[141.287321,24.7853]]],[[[141.285671,24.785341],[141.285674,24.785319],[141.28566,24.785325],[141.285671,24.785341]]],[[[141.285867,24.785312],[141.285826,24.785329],[141.28584,24.785362],[141.285867,24.785312]]],[[[141.285748,24.785342],[141.285732,24.785363],[141.285749,24.785364],[141.285748,24.785342]]],[[[141.285802,24.785353],[141.285819,24.785355],[141.285806,24.78534],[141.285802,24.785353]]],[[[141.285713,24.785372],[141.285689,24.785358],[141.2857,24.785384],[141.285713,24.785372]]],[[[141.285844,24.785385],[141.28583,24.785379],[141.285839,24.785389],[141.285844,24.785385]]],[[[141.285799,24.7854],[141.285816,24.785373],[141.285789,24.785374],[141.285799,24.7854]]],[[[141.28577,24.78541],[141.285795,24.785408],[141.285756,24.785369],[141.28577,24.78541]]],[[[141.285771,24.785445],[141.285774,24.785425],[141.285744,24.785426],[141.285771,24.785445]]],[[[141.28571,24.785456],[141.285741,24.785456],[141.285742,24.785446],[141.28571,24.785456]]],[[[141.285535,24.785459],[141.285553,24.785458],[141.28554,24.785452],[141.285535,24.785459]]],[[[141.285661,24.785491],[141.285696,24.785508],[141.285682,24.785477],[141.285661,24.785491]]],[[[141.28573,24.7855],[141.285745,24.785484],[141.285726,24.785488],[141.28573,24.7855]]],[[[141.285694,24.785522],[141.285664,24.785519],[141.285669,24.785529],[141.285694,24.785522]]],[[[141.285764,24.78556],[141.285753,24.785527],[141.285742,24.785533],[141.285764,24.78556]]],[[[141.285591,24.78565],[141.285567,24.785645],[141.285589,24.785661],[141.285591,24.78565]]],[[[141.285657,24.785722],[141.285652,24.785756],[141.285663,24.785761],[141.285657,24.785722]]],[[[141.2857,24.787767],[141.285692,24.787807],[141.285711,24.787773],[141.2857,24.787767]]],[[[141.28569,24.788046],[141.285648,24.787983],[141.285688,24.788073],[141.28569,24.788046]]],[[[141.285655,24.788082],[141.28564,24.788057],[141.285638,24.788071],[141.285655,24.788082]]],[[[141.285732,24.78809],[141.285737,24.788111],[141.285744,24.788091],[141.285732,24.78809]]],[[[141.285797,24.788107],[141.28578,24.7881],[141.285783,24.788109],[141.285797,24.788107]]],[[[141.28574,24.78815],[141.285757,24.788138],[141.285749,24.788124],[141.28574,24.78815]]],[[[141.28561,24.788178],[141.285597,24.788161],[141.285595,24.788177],[141.28561,24.788178]]],[[[141.285543,24.78831],[141.285601,24.788353],[141.285624,24.788351],[141.285583,24.788245],[141.285543,24.78831]]],[[[141.285711,24.788624],[141.285522,24.788439],[141.285618,24.788646],[141.285711,24.788624]]],[[[141.285803,24.788627],[141.285751,24.788653],[141.285773,24.788662],[141.285803,24.788627]]],[[[141.285589,24.788726],[141.285668,24.788724],[141.285647,24.788695],[141.285589,24.788726]]],[[[141.285788,24.788729],[141.285711,24.788714],[141.285706,24.788741],[141.285788,24.788729]]],[[[141.285557,24.789042],[141.285495,24.789066],[141.285538,24.789086],[141.285557,24.789042]]],[[[141.285815,24.789246],[141.285799,24.789269],[141.285819,24.789253],[141.285815,24.789246]]],[[[141.285988,24.789378],[141.285986,24.789345],[141.28596,24.789343],[141.285988,24.789378]]],[[[141.285807,24.789408],[141.285873,24.7894],[141.285814,24.789396],[141.285807,24.789408]]],[[[141.285699,24.789445],[141.285699,24.789416],[141.285688,24.789448],[141.285699,24.789445]]],[[[141.286049,24.789453],[141.286028,24.789437],[141.286026,24.789448],[141.286049,24.789453]]],[[[141.285791,24.789475],[141.285741,24.789447],[141.285732,24.789491],[141.285791,24.789475]]],[[[141.285839,24.789448],[141.285854,24.789486],[141.285859,24.78946],[141.285839,24.789448]]],[[[141.28598,24.789437],[141.285985,24.789505],[141.286007,24.789459],[141.28598,24.789437]]],[[[141.285765,24.789532],[141.285803,24.789521],[141.285785,24.789504],[141.285765,24.789532]]],[[[141.285852,24.789518],[141.285811,24.789545],[141.285817,24.789559],[141.285852,24.789518]]],[[[141.28593,24.789543],[141.285969,24.789561],[141.285949,24.789538],[141.28593,24.789543]]],[[[141.286091,24.789671],[141.286074,24.789645],[141.286059,24.789655],[141.286091,24.789671]]],[[[141.286043,24.789728],[141.286054,24.789701],[141.286031,24.7897],[141.286043,24.789728]]],[[[141.28576,24.789725],[141.285772,24.789762],[141.285807,24.789736],[141.28576,24.789725]]],[[[141.285811,24.789787],[141.285798,24.789765],[141.285787,24.789782],[141.285811,24.789787]]],[[[141.285778,24.789785],[141.285706,24.789811],[141.285725,24.789822],[141.285778,24.789785]]],[[[141.285656,24.789821],[141.28564,24.78981],[141.285644,24.789825],[141.285656,24.789821]]],[[[141.285799,24.789804],[141.285757,24.789833],[141.285808,24.789837],[141.285799,24.789804]]],[[[141.285671,24.789837],[141.285673,24.789848],[141.285683,24.789834],[141.285671,24.789837]]],[[[141.285699,24.789842],[141.285712,24.789851],[141.285717,24.789836],[141.285699,24.789842]]],[[[141.285765,24.789837],[141.285776,24.789855],[141.285782,24.789843],[141.285765,24.789837]]],[[[141.286179,24.789888],[141.286157,24.789896],[141.286179,24.7899],[141.286179,24.789888]]],[[[141.285652,24.78988],[141.285522,24.789894],[141.285515,24.789911],[141.285652,24.78988]]],[[[141.285793,24.789916],[141.285564,24.789974],[141.285789,24.789974],[141.285793,24.789916]]],[[[141.285656,24.790007],[141.285679,24.790021],[141.28569,24.790002],[141.285656,24.790007]]],[[[141.285712,24.790005],[141.285732,24.790027],[141.285748,24.790014],[141.285712,24.790005]]],[[[141.285673,24.790048],[141.285632,24.790031],[141.285631,24.790044],[141.285673,24.790048]]],[[[141.285699,24.790046],[141.2857,24.790075],[141.285722,24.790047],[141.285699,24.790046]]],[[[141.285644,24.790057],[141.285673,24.790092],[141.285674,24.790068],[141.285644,24.790057]]],[[[141.28563,24.790114],[141.285647,24.7901],[141.285624,24.790103],[141.28563,24.790114]]],[[[141.285721,24.790229],[141.285542,24.790219],[141.285655,24.790359],[141.285721,24.790229]]],[[[141.2856,24.790371],[141.28558,24.790455],[141.285669,24.790371],[141.2856,24.790371]]],[[[141.285678,24.790518],[141.285671,24.790472],[141.285657,24.79052],[141.285678,24.790518]]],[[[141.286285,24.790532],[141.28627,24.79057],[141.286294,24.790573],[141.286285,24.790532]]],[[[141.285669,24.790417],[141.285513,24.790535],[141.28549,24.790731],[141.285669,24.790417]]],[[[141.286372,24.790628],[141.286357,24.79062],[141.286349,24.790636],[141.286372,24.790628]]],[[[141.285668,24.790787],[141.285635,24.790817],[141.285678,24.790804],[141.285668,24.790787]]],[[[141.286449,24.790831],[141.286484,24.790828],[141.286473,24.790818],[141.286449,24.790831]]],[[[141.286544,24.791235],[141.286523,24.791215],[141.286512,24.791236],[141.286544,24.791235]]],[[[141.287076,24.7914],[141.28705,24.791397],[141.287061,24.791409],[141.287076,24.7914]]],[[[141.287108,24.791544],[141.287129,24.791524],[141.287124,24.791508],[141.287108,24.791544]]],[[[141.287162,24.79155],[141.287151,24.791586],[141.28717,24.791565],[141.287162,24.79155]]],[[[141.285599,24.797097],[141.285631,24.797104],[141.285611,24.797093],[141.285599,24.797097]]],[[[141.285554,24.797102],[141.285564,24.797126],[141.285578,24.797098],[141.285554,24.797102]]],[[[141.285652,24.797176],[141.285637,24.797217],[141.28565,24.797218],[141.285652,24.797176]]],[[[141.285837,24.797398],[141.285789,24.797421],[141.28584,24.79742],[141.285837,24.797398]]],[[[141.28574,24.797483],[141.285691,24.797404],[141.285695,24.797494],[141.28574,24.797483]]],[[[141.285847,24.797523],[141.285859,24.797539],[141.285863,24.797522],[141.285847,24.797523]]],[[[141.285758,24.79756],[141.285767,24.797511],[141.285733,24.797509],[141.285758,24.79756]]],[[[141.286162,24.797559],[141.286164,24.797585],[141.286178,24.797577],[141.286162,24.797559]]],[[[141.2858,24.79761],[141.285809,24.79759],[141.285793,24.797591],[141.2858,24.79761]]],[[[141.28599,24.797602],[141.286011,24.797616],[141.286015,24.797609],[141.28599,24.797602]]],[[[141.286125,24.797645],[141.286108,24.797635],[141.286113,24.797643],[141.286125,24.797645]]],[[[141.286008,24.797635],[141.285999,24.797664],[141.28603,24.797656],[141.286008,24.797635]]],[[[141.285876,24.797753],[141.285878,24.797729],[141.285862,24.797734],[141.285876,24.797753]]],[[[141.285645,24.797819],[141.285674,24.797823],[141.28566,24.797809],[141.285645,24.797819]]],[[[141.286395,24.798188],[141.286383,24.798197],[141.28639,24.798199],[141.286395,24.798188]]],[[[141.286337,24.799231],[141.286339,24.799241],[141.28634,24.799236],[141.286337,24.799231]]],[[[141.286309,24.799486],[141.286317,24.799456],[141.286282,24.799458],[141.286309,24.799486]]],[[[141.286251,24.79947],[141.28626,24.799483],[141.286265,24.79947],[141.286251,24.79947]]],[[[141.28633,24.799511],[141.286322,24.799495],[141.286319,24.799507],[141.28633,24.799511]]],[[[141.286391,24.799947],[141.286357,24.799983],[141.286406,24.799984],[141.286391,24.799947]]],[[[141.286404,24.800057],[141.286416,24.800076],[141.286417,24.800064],[141.286404,24.800057]]],[[[141.286503,24.800589],[141.286524,24.800557],[141.286504,24.800559],[141.286503,24.800589]]],[[[141.286554,24.800999],[141.286539,24.800988],[141.286531,24.800995],[141.286554,24.800999]]],[[[141.286466,24.801293],[141.286477,24.801311],[141.286486,24.801302],[141.286466,24.801293]]],[[[141.286828,24.801749],[141.286781,24.801738],[141.28679,24.801766],[141.286828,24.801749]]],[[[141.286694,24.801757],[141.286702,24.801736],[141.286694,24.801737],[141.286694,24.801757]]],[[[141.286708,24.801849],[141.286717,24.801827],[141.286702,24.801837],[141.286708,24.801849]]],[[[141.28702,24.802203],[141.287011,24.802187],[141.287007,24.802202],[141.28702,24.802203]]],[[[141.287706,24.807035],[141.287715,24.80689],[141.287748,24.806878],[141.287908,24.806963],[141.287794,24.806772],[141.288013,24.806185],[141.288141,24.806167],[141.2879,24.805995],[141.287803,24.805712],[141.28771,24.805113],[141.287815,24.805043],[141.287631,24.804964],[141.28769,24.804743],[141.287438,24.804556],[141.28763,24.804126],[141.287485,24.803843],[141.287634,24.803498],[141.287066,24.80304],[141.28647,24.801479],[141.285962,24.797695],[141.285657,24.797931],[141.285594,24.797836],[141.285413,24.798102],[141.284935,24.798134],[141.284649,24.798565],[141.284257,24.799322],[141.284457,24.79943],[141.284531,24.799634],[141.284541,24.800236],[141.284432,24.800337],[141.284725,24.800616],[141.284724,24.801602],[141.284975,24.801775],[141.285092,24.802255],[141.285097,24.803195],[141.285493,24.804209],[141.28558,24.805288],[141.285723,24.805292],[141.28594,24.805982],[141.286078,24.805964],[141.286075,24.806075],[141.286017,24.8061],[141.286139,24.806096],[141.286221,24.806238],[141.286171,24.806363],[141.286491,24.806548],[141.28654,24.806636],[141.286511,24.806721],[141.286729,24.806701],[141.286837,24.806779],[141.286885,24.806995],[141.287048,24.806833],[141.287821,24.807255],[141.287706,24.807035]]],[[[141.287306,24.802555],[141.287282,24.802512],[141.287282,24.802562],[141.287306,24.802555]]],[[[141.287244,24.802575],[141.287295,24.802592],[141.287275,24.802562],[141.287244,24.802575]]],[[[141.287198,24.802717],[141.287214,24.802706],[141.287199,24.802706],[141.287198,24.802717]]],[[[141.287265,24.802723],[141.287242,24.802705],[141.287249,24.802733],[141.287265,24.802723]]],[[[141.28714,24.802891],[141.287121,24.802868],[141.287113,24.802876],[141.28714,24.802891]]],[[[141.287255,24.80298],[141.287271,24.803018],[141.287296,24.802996],[141.287255,24.80298]]],[[[141.287321,24.803145],[141.287309,24.803162],[141.287319,24.803162],[141.287321,24.803145]]],[[[141.285554,24.805119],[141.285507,24.805132],[141.285565,24.805129],[141.285554,24.805119]]],[[[141.285768,24.805644],[141.285801,24.805661],[141.285783,24.805638],[141.285768,24.805644]]],[[[141.28607,24.805988],[141.286056,24.805972],[141.286062,24.805995],[141.28607,24.805988]]],[[[141.28603,24.805993],[141.28605,24.806013],[141.286048,24.805984],[141.28603,24.805993]]],[[[141.285922,24.806032],[141.285877,24.80602],[141.285879,24.806043],[141.285922,24.806032]]],[[[141.285996,24.806015],[141.286027,24.806038],[141.286022,24.806016],[141.285996,24.806015]]],[[[141.285898,24.80605],[141.285929,24.806074],[141.285929,24.806052],[141.285898,24.80605]]],[[[141.286013,24.806086],[141.286016,24.806056],[141.285991,24.806064],[141.286013,24.806086]]],[[[141.286066,24.806155],[141.286096,24.806137],[141.286067,24.806143],[141.286066,24.806155]]],[[[141.286137,24.806211],[141.286142,24.806226],[141.286156,24.806221],[141.286137,24.806211]]],[[[141.286149,24.80627],[141.286107,24.806248],[141.286102,24.806261],[141.286149,24.80627]]],[[[141.286104,24.806285],[141.28613,24.806292],[141.286132,24.806275],[141.286104,24.806285]]],[[[141.286143,24.806405],[141.286095,24.806396],[141.286121,24.806449],[141.286143,24.806405]]],[[[141.286191,24.806433],[141.286213,24.806423],[141.286189,24.806413],[141.286191,24.806433]]],[[[141.28622,24.806457],[141.286234,24.806438],[141.286218,24.80644],[141.28622,24.806457]]],[[[141.286481,24.806613],[141.286499,24.806607],[141.286489,24.806591],[141.286481,24.806613]]],[[[141.286489,24.806629],[141.286447,24.806623],[141.286476,24.80666],[141.286489,24.806629]]],[[[141.28649,24.8067],[141.286433,24.806736],[141.28647,24.806738],[141.28649,24.8067]]],[[[141.286473,24.806743],[141.286469,24.80678],[141.286499,24.806768],[141.286473,24.806743]]],[[[141.28658,24.806744],[141.286553,24.806778],[141.286578,24.806779],[141.28658,24.806744]]],[[[141.28662,24.806779],[141.286592,24.806758],[141.286611,24.806793],[141.28662,24.806779]]],[[[141.286713,24.806775],[141.286738,24.806757],[141.286713,24.806753],[141.286713,24.806775]]],[[[141.286667,24.806757],[141.286648,24.806791],[141.286659,24.806793],[141.286667,24.806757]]],[[[141.286395,24.8068],[141.286344,24.806782],[141.286389,24.806822],[141.286395,24.8068]]],[[[141.287015,24.806914],[141.287044,24.806883],[141.287031,24.806884],[141.287015,24.806914]]],[[[141.287053,24.806909],[141.287063,24.806922],[141.28707,24.806911],[141.287053,24.806909]]],[[[141.287078,24.806911],[141.287103,24.80693],[141.287104,24.806921],[141.287078,24.806911]]],[[[141.287142,24.80692],[141.287161,24.806925],[141.287154,24.806915],[141.287142,24.80692]]],[[[141.287031,24.806926],[141.287048,24.806955],[141.287052,24.806928],[141.287031,24.806926]]],[[[141.287146,24.806961],[141.2871,24.806962],[141.287135,24.806983],[141.287146,24.806961]]],[[[141.287029,24.806977],[141.287026,24.807],[141.28704,24.806987],[141.287029,24.806977]]],[[[141.287228,24.806994],[141.287237,24.807015],[141.287253,24.807005],[141.287228,24.806994]]],[[[141.287179,24.80699],[141.287198,24.80702],[141.287203,24.806999],[141.287179,24.80699]]],[[[141.287242,24.807065],[141.287261,24.807056],[141.287248,24.807049],[141.287242,24.807065]]],[[[141.287138,24.807075],[141.287139,24.807088],[141.287148,24.807082],[141.287138,24.807075]]],[[[141.287232,24.807091],[141.287216,24.807078],[141.287214,24.807092],[141.287232,24.807091]]],[[[141.287146,24.807121],[141.287133,24.80711],[141.287133,24.80712],[141.287146,24.807121]]],[[[141.287252,24.807118],[141.287222,24.80712],[141.287248,24.807127],[141.287252,24.807118]]],[[[141.287063,24.807134],[141.287075,24.807167],[141.287096,24.807133],[141.287063,24.807134]]],[[[141.287156,24.807249],[141.287158,24.80723],[141.287138,24.807234],[141.287156,24.807249]]],[[[141.286972,24.807454],[141.286995,24.807456],[141.286974,24.807439],[141.286972,24.807454]]],[[[141.287071,24.807439],[141.287093,24.807461],[141.287087,24.807442],[141.287071,24.807439]]],[[[141.287061,25.447823],[141.287076,25.447877],[141.287101,25.447861],[141.287061,25.447823]]],[[[141.286591,25.448002],[141.286545,25.448076],[141.286629,25.448078],[141.286591,25.448002]]],[[[141.286461,25.448513],[141.286477,25.448603],[141.286526,25.448543],[141.286461,25.448513]]],[[[141.28819,24.745577],[141.288303,24.745533],[141.288274,24.745491],[141.28819,24.745577]]],[[[141.287556,24.745671],[141.287528,24.745703],[141.28758,24.74569],[141.287556,24.745671]]],[[[141.288308,24.745818],[141.288309,24.745837],[141.288318,24.745824],[141.288308,24.745818]]],[[[141.287399,24.745842],[141.287373,24.745864],[141.287395,24.745871],[141.287399,24.745842]]],[[[141.287429,24.745847],[141.287444,24.745872],[141.28746,24.745862],[141.287429,24.745847]]],[[[141.288063,24.745964],[141.288038,24.745936],[141.288037,24.74596],[141.288063,24.745964]]],[[[141.288672,24.746259],[141.288698,24.746245],[141.288672,24.746248],[141.288672,24.746259]]],[[[141.288532,24.746277],[141.288564,24.746287],[141.288548,24.746257],[141.288532,24.746277]]],[[[141.288706,24.746402],[141.28873,24.74639],[141.288709,24.746389],[141.288706,24.746402]]],[[[141.288697,24.746456],[141.288712,24.746469],[141.288719,24.746452],[141.288697,24.746456]]],[[[141.288971,24.746601],[141.288944,24.746604],[141.288976,24.746618],[141.288971,24.746601]]],[[[141.289112,24.746609],[141.2891,24.746623],[141.289112,24.746618],[141.289112,24.746609]]],[[[141.289009,24.746636],[141.289034,24.746673],[141.289045,24.746664],[141.289009,24.746636]]],[[[141.289176,24.746658],[141.289168,24.746693],[141.2892,24.746687],[141.289176,24.746658]]],[[[141.289539,24.747063],[141.28956,24.747075],[141.28956,24.74705],[141.289539,24.747063]]],[[[141.289849,24.747248],[141.289838,24.747253],[141.289847,24.74726],[141.289849,24.747248]]],[[[141.289876,24.747277],[141.289865,24.747288],[141.289877,24.747291],[141.289876,24.747277]]],[[[141.289888,24.747299],[141.28991,24.747298],[141.289889,24.747294],[141.289888,24.747299]]],[[[141.289916,24.74737],[141.289893,24.747382],[141.289917,24.74738],[141.289916,24.74737]]],[[[141.290043,24.747369],[141.290021,24.747385],[141.290056,24.747398],[141.290043,24.747369]]],[[[141.290021,24.747402],[141.290012,24.747408],[141.290019,24.747408],[141.290021,24.747402]]],[[[141.290094,24.747491],[141.290116,24.747487],[141.290089,24.74748],[141.290094,24.747491]]],[[[141.290123,24.747538],[141.290106,24.74756],[141.290124,24.747557],[141.290123,24.747538]]],[[[141.290419,24.747617],[141.290417,24.747642],[141.290438,24.747633],[141.290419,24.747617]]],[[[141.290345,24.747621],[141.290323,24.747641],[141.290356,24.747635],[141.290345,24.747621]]],[[[141.290468,24.747667],[141.290431,24.747652],[141.290432,24.747667],[141.290468,24.747667]]],[[[141.290696,24.747676],[141.290709,24.747704],[141.290724,24.747705],[141.290696,24.747676]]],[[[141.290454,24.747701],[141.290479,24.747696],[141.290453,24.747692],[141.290454,24.747701]]],[[[141.290487,24.747731],[141.29051,24.747749],[141.290513,24.747734],[141.290487,24.747731]]],[[[141.290883,24.747751],[141.290877,24.747783],[141.290893,24.747783],[141.290883,24.747751]]],[[[141.290796,24.747837],[141.290814,24.747844],[141.290807,24.747831],[141.290796,24.747837]]],[[[141.291058,24.747837],[141.291038,24.747862],[141.291059,24.747859],[141.291058,24.747837]]],[[[141.29071,24.747852],[141.290703,24.747875],[141.290723,24.747861],[141.29071,24.747852]]],[[[141.291441,24.747912],[141.291456,24.747906],[141.291446,24.747896],[141.291441,24.747912]]],[[[141.291393,24.747977],[141.291415,24.747996],[141.291418,24.74799],[141.291393,24.747977]]],[[[141.291621,24.74799],[141.291649,24.747996],[141.291626,24.747985],[141.291621,24.74799]]],[[[141.291239,24.748004],[141.291249,24.747995],[141.29124,24.747992],[141.291239,24.748004]]],[[[141.291702,24.748037],[141.291701,24.748022],[141.291694,24.748026],[141.291702,24.748037]]],[[[141.291826,24.748053],[141.291804,24.748037],[141.291814,24.74806],[141.291826,24.748053]]],[[[141.291222,24.748037],[141.291235,24.748064],[141.291247,24.748058],[141.291222,24.748037]]],[[[141.29157,24.748057],[141.291565,24.748046],[141.291555,24.748053],[141.29157,24.748057]]],[[[141.291316,24.748053],[141.291332,24.748065],[141.291327,24.748052],[141.291316,24.748053]]],[[[141.291685,24.748068],[141.291698,24.748088],[141.291713,24.748083],[141.291685,24.748068]]],[[[141.291802,24.748186],[141.291819,24.748202],[141.291816,24.748183],[141.291802,24.748186]]],[[[141.291828,24.748208],[141.291841,24.748226],[141.291843,24.748212],[141.291828,24.748208]]],[[[141.292065,24.748218],[141.29208,24.748216],[141.292067,24.748211],[141.292065,24.748218]]],[[[141.29186,24.74822],[141.291856,24.748236],[141.291868,24.748235],[141.29186,24.74822]]],[[[141.291876,24.748267],[141.291856,24.748279],[141.291875,24.748288],[141.291876,24.748267]]],[[[141.29201,24.748301],[141.292034,24.748307],[141.292017,24.748293],[141.29201,24.748301]]],[[[141.291927,24.748316],[141.291916,24.748334],[141.291934,24.748324],[141.291927,24.748316]]],[[[141.292213,24.748365],[141.292195,24.74835],[141.292193,24.748363],[141.292213,24.748365]]],[[[141.292124,24.748402],[141.292109,24.748386],[141.292096,24.748395],[141.292124,24.748402]]],[[[141.29222,24.7484],[141.2922,24.74841],[141.292217,24.748411],[141.29222,24.7484]]],[[[141.292218,24.748439],[141.292203,24.748451],[141.292215,24.748454],[141.292218,24.748439]]],[[[141.292248,24.748489],[141.292266,24.748479],[141.292245,24.74848],[141.292248,24.748489]]],[[[141.292384,24.748483],[141.292367,24.748501],[141.292388,24.748499],[141.292384,24.748483]]],[[[141.292233,24.748483],[141.292196,24.748498],[141.292217,24.748508],[141.292233,24.748483]]],[[[141.292414,24.748522],[141.292395,24.748511],[141.292393,24.748523],[141.292414,24.748522]]],[[[141.292283,24.748529],[141.292294,24.748542],[141.292296,24.748537],[141.292283,24.748529]]],[[[141.29235,24.748552],[141.292369,24.748552],[141.292349,24.748536],[141.29235,24.748552]]],[[[141.292558,24.748552],[141.292569,24.748545],[141.292564,24.748545],[141.292558,24.748552]]],[[[141.292368,24.748587],[141.292389,24.748595],[141.292395,24.74858],[141.292368,24.748587]]],[[[141.292465,24.748584],[141.292452,24.748604],[141.292471,24.748603],[141.292465,24.748584]]],[[[141.292401,24.748611],[141.292392,24.748632],[141.292408,24.748627],[141.292401,24.748611]]],[[[141.292459,24.748628],[141.292448,24.748649],[141.292464,24.748647],[141.292459,24.748628]]],[[[141.292491,24.748655],[141.292515,24.748658],[141.292486,24.748641],[141.292491,24.748655]]],[[[141.292593,24.74868],[141.29258,24.748697],[141.29259,24.748699],[141.292593,24.74868]]],[[[141.292502,24.748708],[141.292508,24.748691],[141.292491,24.748695],[141.292502,24.748708]]],[[[141.292561,24.748726],[141.292575,24.748717],[141.292557,24.748714],[141.292561,24.748726]]],[[[141.29258,24.748743],[141.292595,24.748737],[141.292586,24.748736],[141.29258,24.748743]]],[[[141.29258,24.748773],[141.292596,24.748774],[141.292578,24.748767],[141.29258,24.748773]]],[[[141.292634,24.748769],[141.292646,24.74878],[141.292642,24.748769],[141.292634,24.748769]]],[[[141.292603,24.7488],[141.292621,24.748804],[141.292621,24.748789],[141.292603,24.7488]]],[[[141.292645,24.748797],[141.292647,24.748822],[141.292662,24.748817],[141.292645,24.748797]]],[[[141.292759,24.748802],[141.292772,24.748824],[141.292782,24.748803],[141.292759,24.748802]]],[[[141.292716,24.74882],[141.292668,24.748798],[141.292712,24.748841],[141.292716,24.74882]]],[[[141.292695,24.748874],[141.292717,24.748882],[141.292705,24.748866],[141.292695,24.748874]]],[[[141.292784,24.748904],[141.292787,24.748895],[141.292778,24.748896],[141.292784,24.748904]]],[[[141.292738,24.748891],[141.292724,24.748907],[141.292739,24.748911],[141.292738,24.748891]]],[[[141.292797,24.748939],[141.292818,24.748925],[141.292796,24.748921],[141.292797,24.748939]]],[[[141.292762,24.748934],[141.292778,24.748925],[141.292761,24.748924],[141.292762,24.748934]]],[[[141.29284,24.748936],[141.292859,24.74894],[141.29284,24.748931],[141.29284,24.748936]]],[[[141.292948,24.748933],[141.292941,24.748952],[141.292958,24.748957],[141.292948,24.748933]]],[[[141.292865,24.749003],[141.292849,24.749008],[141.292863,24.749011],[141.292865,24.749003]]],[[[141.2929,24.749033],[141.292896,24.749048],[141.292905,24.749055],[141.2929,24.749033]]],[[[141.292978,24.749053],[141.292985,24.749075],[141.292991,24.749073],[141.292978,24.749053]]],[[[141.293004,24.7491],[141.292977,24.749107],[141.293004,24.749112],[141.293004,24.7491]]],[[[141.292979,24.749129],[141.292991,24.749149],[141.293001,24.749138],[141.292979,24.749129]]],[[[141.293019,24.749147],[141.293037,24.749147],[141.29302,24.749142],[141.293019,24.749147]]],[[[141.293132,24.749152],[141.293145,24.749184],[141.293151,24.749177],[141.293132,24.749152]]],[[[141.292991,24.749176],[141.293014,24.749175],[141.292992,24.749169],[141.292991,24.749176]]],[[[141.293129,24.749182],[141.293132,24.749199],[141.293139,24.749195],[141.293129,24.749182]]],[[[141.29309,24.749217],[141.293096,24.749204],[141.293087,24.749207],[141.29309,24.749217]]],[[[141.293141,24.749221],[141.293159,24.749219],[141.29315,24.749213],[141.293141,24.749221]]],[[[141.293159,24.749267],[141.293172,24.749257],[141.293164,24.749258],[141.293159,24.749267]]],[[[141.293143,24.74928],[141.29315,24.749266],[141.293142,24.749269],[141.293143,24.74928]]],[[[141.293189,24.749289],[141.293176,24.749308],[141.293198,24.749305],[141.293189,24.749289]]],[[[141.293142,24.74931],[141.293146,24.749289],[141.293133,24.749294],[141.293142,24.74931]]],[[[141.293275,24.749324],[141.293293,24.749325],[141.293276,24.749316],[141.293275,24.749324]]],[[[141.293145,24.749361],[141.293143,24.749347],[141.293135,24.749358],[141.293145,24.749361]]],[[[141.293219,24.749357],[141.293233,24.749361],[141.293231,24.749351],[141.293219,24.749357]]],[[[141.293168,24.749361],[141.293188,24.749362],[141.293175,24.749355],[141.293168,24.749361]]],[[[141.293253,24.749378],[141.293233,24.749368],[141.293233,24.74938],[141.293253,24.749378]]],[[[141.293174,24.749401],[141.293193,24.749393],[141.293178,24.749385],[141.293174,24.749401]]],[[[141.293266,24.749455],[141.293264,24.749443],[141.293251,24.749453],[141.293266,24.749455]]],[[[141.293294,24.749484],[141.29326,24.749485],[141.293289,24.749507],[141.293294,24.749484]]],[[[141.293358,24.749495],[141.293329,24.749498],[141.293348,24.749507],[141.293358,24.749495]]],[[[141.293385,24.749588],[141.293402,24.749585],[141.293385,24.749581],[141.293385,24.749588]]],[[[141.293508,24.749731],[141.293526,24.749755],[141.293535,24.749732],[141.293508,24.749731]]],[[[141.293331,24.749747],[141.293337,24.749763],[141.293346,24.74976],[141.293331,24.749747]]],[[[141.29349,24.749796],[141.293542,24.749782],[141.293532,24.749755],[141.29349,24.749796]]],[[[141.293436,24.749897],[141.293447,24.749916],[141.293451,24.749901],[141.293436,24.749897]]],[[[141.29352,24.749966],[141.293544,24.749971],[141.293524,24.74996],[141.29352,24.749966]]],[[[141.293454,24.749998],[141.293452,24.749985],[141.293442,24.749992],[141.293454,24.749998]]],[[[141.293473,24.750044],[141.293469,24.750024],[141.293459,24.750023],[141.293473,24.750044]]],[[[141.293453,24.750039],[141.293432,24.75006],[141.293439,24.750062],[141.293453,24.750039]]],[[[141.293585,24.75009],[141.293532,24.750066],[141.293554,24.750107],[141.293585,24.75009]]],[[[141.293429,24.750097],[141.293454,24.750104],[141.293432,24.75009],[141.293429,24.750097]]],[[[141.293502,24.75014],[141.29351,24.75013],[141.293501,24.75013],[141.293502,24.75014]]],[[[141.293613,24.750135],[141.293581,24.750147],[141.293617,24.750143],[141.293613,24.750135]]],[[[141.293555,24.7503],[141.293559,24.750288],[141.293547,24.750289],[141.293555,24.7503]]],[[[141.293534,24.750302],[141.293537,24.750315],[141.293541,24.750305],[141.293534,24.750302]]],[[[141.293561,24.750492],[141.293571,24.750512],[141.293575,24.750493],[141.293561,24.750492]]],[[[141.293587,24.750563],[141.293572,24.75053],[141.293554,24.750557],[141.293587,24.750563]]],[[[141.291662,24.777199],[141.291693,24.777205],[141.291688,24.777187],[141.291662,24.777199]]],[[[141.291675,24.777231],[141.291652,24.777244],[141.291672,24.777241],[141.291675,24.777231]]],[[[141.291624,24.777318],[141.291608,24.777304],[141.291603,24.777313],[141.291624,24.777318]]],[[[141.291663,24.77737],[141.291631,24.777344],[141.291634,24.777363],[141.291663,24.77737]]],[[[141.291693,24.777417],[141.291723,24.777424],[141.291703,24.777412],[141.291693,24.777417]]],[[[141.287428,24.785203],[141.287419,24.785214],[141.287435,24.785224],[141.287428,24.785203]]],[[[141.287379,24.785281],[141.28735,24.785269],[141.287347,24.785278],[141.287379,24.785281]]],[[[141.287338,24.7853],[141.287336,24.785289],[141.287327,24.785298],[141.287338,24.7853]]],[[[141.28735,24.785317],[141.287338,24.785309],[141.287335,24.785319],[141.28735,24.785317]]],[[[141.287414,24.785332],[141.287431,24.785309],[141.287413,24.785309],[141.287414,24.785332]]],[[[141.287467,24.785362],[141.287458,24.785375],[141.287467,24.785377],[141.287467,24.785362]]],[[[141.287487,24.785406],[141.287466,24.785401],[141.287471,24.785409],[141.287487,24.785406]]],[[[141.287336,24.791946],[141.287341,24.791981],[141.287351,24.791959],[141.287336,24.791946]]],[[[141.287413,24.792302],[141.287421,24.792275],[141.287396,24.792281],[141.287413,24.792302]]],[[[141.28772,24.792417],[141.287703,24.792443],[141.287721,24.792452],[141.28772,24.792417]]],[[[141.287758,24.792881],[141.287781,24.792863],[141.287756,24.792871],[141.287758,24.792881]]],[[[141.287647,24.792891],[141.287627,24.792887],[141.287632,24.792901],[141.287647,24.792891]]],[[[141.287698,24.792909],[141.287685,24.792895],[141.287671,24.792915],[141.287698,24.792909]]],[[[141.287639,24.803508],[141.287656,24.803521],[141.287647,24.803505],[141.287639,24.803508]]],[[[141.287621,24.803702],[141.287585,24.803725],[141.287609,24.803749],[141.287621,24.803702]]],[[[141.287693,24.804152],[141.287678,24.804169],[141.287691,24.80417],[141.287693,24.804152]]],[[[141.287642,24.804331],[141.287609,24.804322],[141.287637,24.804336],[141.287642,24.804331]]],[[[141.287595,24.804602],[141.28752,24.804587],[141.287547,24.804612],[141.287595,24.804602]]],[[[141.287568,24.804621],[141.287572,24.804648],[141.287589,24.80463],[141.287568,24.804621]]],[[[141.287832,24.804774],[141.28785,24.804799],[141.287859,24.804782],[141.287832,24.804774]]],[[[141.287682,24.804809],[141.287702,24.804803],[141.287696,24.804796],[141.287682,24.804809]]],[[[141.287693,24.804843],[141.287711,24.804835],[141.287696,24.804831],[141.287693,24.804843]]],[[[141.287772,24.804948],[141.287754,24.804961],[141.287763,24.80496],[141.287772,24.804948]]],[[[141.287851,24.805104],[141.287835,24.805109],[141.287849,24.805109],[141.287851,24.805104]]],[[[141.287916,24.805135],[141.287942,24.80513],[141.287929,24.805121],[141.287916,24.805135]]],[[[141.287847,24.805171],[141.287844,24.80519],[141.287855,24.805178],[141.287847,24.805171]]],[[[141.287928,24.80522],[141.287928,24.8052],[141.287915,24.805204],[141.287928,24.80522]]],[[[141.287868,24.805222],[141.287893,24.805226],[141.287893,24.805216],[141.287868,24.805222]]],[[[141.287767,24.805394],[141.287786,24.80537],[141.287759,24.805367],[141.287767,24.805394]]],[[[141.287844,24.80538],[141.287812,24.805387],[141.287841,24.805396],[141.287844,24.80538]]],[[[141.287854,24.805392],[141.287866,24.805376],[141.287853,24.805381],[141.287854,24.805392]]],[[[141.287793,24.805412],[141.287785,24.805435],[141.287803,24.805431],[141.287793,24.805412]]],[[[141.28786,24.805458],[141.287858,24.805541],[141.287917,24.805502],[141.28786,24.805458]]],[[[141.287828,24.80567],[141.28783,24.805649],[141.28782,24.805647],[141.287828,24.80567]]],[[[141.287951,24.805895],[141.28793,24.805873],[141.287943,24.805899],[141.287951,24.805895]]],[[[141.288073,24.806012],[141.288045,24.806051],[141.288063,24.806059],[141.288073,24.806012]]],[[[141.287997,24.806337],[141.288018,24.806342],[141.288009,24.806322],[141.287997,24.806337]]],[[[141.288073,24.806342],[141.288085,24.806361],[141.288085,24.806338],[141.288073,24.806342]]],[[[141.288026,24.806417],[141.287991,24.806379],[141.287997,24.806425],[141.288026,24.806417]]],[[[141.287944,24.806411],[141.28796,24.806435],[141.287969,24.806413],[141.287944,24.806411]]],[[[141.287934,24.806443],[141.287956,24.806449],[141.287951,24.806436],[141.287934,24.806443]]],[[[141.287943,24.806479],[141.287939,24.806456],[141.287927,24.806467],[141.287943,24.806479]]],[[[141.288178,24.806485],[141.288191,24.806501],[141.288196,24.80648],[141.288178,24.806485]]],[[[141.287926,24.806521],[141.287947,24.806511],[141.287926,24.806499],[141.287926,24.806521]]],[[[141.287897,24.806512],[141.287916,24.806516],[141.287909,24.806503],[141.287897,24.806512]]],[[[141.287884,24.806635],[141.287872,24.806627],[141.287876,24.806634],[141.287884,24.806635]]],[[[141.28793,24.806621],[141.287948,24.806638],[141.287955,24.80663],[141.28793,24.806621]]],[[[141.287848,24.806675],[141.287872,24.806671],[141.287861,24.806666],[141.287848,24.806675]]],[[[141.28789,24.806688],[141.287906,24.806716],[141.287912,24.806692],[141.28789,24.806688]]],[[[141.287983,24.806777],[141.287961,24.806727],[141.287977,24.80679],[141.287983,24.806777]]],[[[141.287813,24.806764],[141.287823,24.806783],[141.287828,24.806768],[141.287813,24.806764]]],[[[141.287736,24.806897],[141.287731,24.806927],[141.287751,24.806914],[141.287736,24.806897]]],[[[141.287996,24.806912],[141.287986,24.80694],[141.28801,24.806939],[141.287996,24.806912]]],[[[141.287976,24.80694],[141.28798,24.806959],[141.287997,24.806954],[141.287976,24.80694]]],[[[141.287998,24.807002],[141.28799,24.806973],[141.287978,24.806991],[141.287998,24.807002]]],[[[141.287443,24.807122],[141.287447,24.807134],[141.287464,24.807127],[141.287443,24.807122]]],[[[141.287515,24.807129],[141.287502,24.80717],[141.287529,24.807167],[141.287515,24.807129]]],[[[141.287378,24.807214],[141.28741,24.80715],[141.287377,24.807141],[141.287378,24.807214]]],[[[141.287453,24.807211],[141.287491,24.80727],[141.287497,24.807176],[141.287453,24.807211]]],[[[141.287665,24.807246],[141.287672,24.807284],[141.287677,24.807277],[141.287665,24.807246]]],[[[141.28776,24.807267],[141.287791,24.807261],[141.287769,24.807252],[141.28776,24.807267]]],[[[141.287463,24.807274],[141.287425,24.807275],[141.287435,24.807298],[141.287463,24.807274]]],[[[141.287922,24.80724],[141.28785,24.807225],[141.287859,24.807372],[141.287922,24.80724]]],[[[141.287993,24.807306],[141.28797,24.807334],[141.287985,24.807339],[141.287993,24.807306]]],[[[141.288082,24.807359],[141.288109,24.807387],[141.288107,24.807363],[141.288082,24.807359]]],[[[141.287973,24.807368],[141.287985,24.807397],[141.287991,24.807371],[141.287973,24.807368]]],[[[141.287476,24.807423],[141.287387,24.80743],[141.287435,24.807466],[141.287476,24.807423]]],[[[141.287893,24.807427],[141.287875,24.80745],[141.287893,24.807457],[141.287893,24.807427]]],[[[141.287448,24.807564],[141.287454,24.807546],[141.287438,24.807553],[141.287448,24.807564]]],[[[141.287982,24.807553],[141.287947,24.807573],[141.287975,24.807595],[141.287982,24.807553]]],[[[141.287575,24.807609],[141.287532,24.807597],[141.287566,24.807627],[141.287575,24.807609]]],[[[141.287633,24.807625],[141.287606,24.807643],[141.287628,24.807654],[141.287633,24.807625]]],[[[141.287672,24.807687],[141.28767,24.807623],[141.287643,24.807665],[141.287672,24.807687]]],[[[141.288035,25.420591],[141.288065,25.420692],[141.288132,25.420675],[141.288035,25.420591]]],[[[141.292775,25.439145],[141.292721,25.439213],[141.292802,25.439201],[141.292775,25.439145]]],[[[141.29263,25.439361],[141.292574,25.439419],[141.292611,25.439424],[141.29263,25.439361]]],[[[141.290352,25.442923],[141.290286,25.442903],[141.290318,25.442965],[141.290352,25.442923]]],[[[141.290469,25.442902],[141.290469,25.443],[141.290514,25.442994],[141.290469,25.442902]]],[[[141.290303,25.444074],[141.290242,25.444086],[141.290262,25.444108],[141.290303,25.444074]]],[[[141.290205,25.444211],[141.290148,25.4443],[141.290198,25.444298],[141.290205,25.444211]]],[[[141.289481,25.4456],[141.28948,25.445682],[141.289519,25.445633],[141.289481,25.4456]]],[[[141.289241,25.445642],[141.289301,25.44571],[141.289305,25.445667],[141.289241,25.445642]]],[[[141.288719,25.446331],[141.288703,25.44641],[141.288751,25.446381],[141.288719,25.446331]]],[[[141.288654,25.446698],[141.288699,25.446764],[141.288675,25.446693],[141.288654,25.446698]]],[[[141.288788,25.446755],[141.288853,25.446794],[141.288859,25.446749],[141.288788,25.446755]]],[[[141.288663,25.44688],[141.288589,25.446912],[141.288605,25.446936],[141.288663,25.44688]]],[[[141.288308,25.447408],[141.288234,25.447361],[141.288239,25.447418],[141.288308,25.447408]]],[[[141.289059,25.447444],[141.289094,25.447513],[141.289103,25.447457],[141.289059,25.447444]]],[[[141.287798,25.447525],[141.287831,25.447591],[141.287861,25.447568],[141.287798,25.447525]]],[[[141.287365,25.447844],[141.287377,25.447943],[141.287429,25.447913],[141.287365,25.447844]]],[[[141.458635,24.224549],[141.458588,24.224542],[141.458604,24.224572],[141.458635,24.224549]]],[[[141.459181,24.224705],[141.459233,24.22468],[141.459169,24.224685],[141.459181,24.224705]]],[[[141.457929,24.224794],[141.457897,24.224828],[141.457932,24.224826],[141.457929,24.224794]]],[[[141.457695,24.224861],[141.457736,24.224829],[141.457687,24.224812],[141.457695,24.224861]]],[[[141.456321,24.224987],[141.456289,24.224967],[141.456277,24.224985],[141.456321,24.224987]]],[[[141.455933,24.225131],[141.455892,24.225096],[141.455888,24.225103],[141.455933,24.225131]]],[[[141.455369,24.225244],[141.455418,24.225257],[141.45541,24.225221],[141.455369,24.225244]]],[[[141.461314,24.225362],[141.46128,24.225379],[141.461314,24.225381],[141.461314,24.225362]]],[[[141.461617,24.22538],[141.461664,24.225372],[141.461623,24.225365],[141.461617,24.22538]]],[[[141.461208,24.225431],[141.461219,24.2254],[141.461186,24.22541],[141.461208,24.225431]]],[[[141.454691,24.225598],[141.454763,24.225585],[141.454769,24.225571],[141.454691,24.225598]]],[[[141.454463,24.225857],[141.45443,24.225826],[141.454423,24.225868],[141.454463,24.225857]]],[[[141.454229,24.226288],[141.454182,24.226245],[141.454163,24.226263],[141.454229,24.226288]]],[[[141.453761,24.226491],[141.453732,24.226456],[141.453737,24.226486],[141.453761,24.226491]]],[[[141.453937,24.226541],[141.453949,24.226493],[141.453912,24.226534],[141.453937,24.226541]]],[[[141.453838,24.226618],[141.453853,24.226666],[141.453867,24.226629],[141.453838,24.226618]]],[[[141.453865,24.226827],[141.453917,24.226804],[141.453897,24.226784],[141.453865,24.226827]]],[[[141.453283,24.228262],[141.453337,24.228268],[141.453329,24.228254],[141.453283,24.228262]]],[[[141.45336,24.228742],[141.453392,24.228728],[141.453375,24.228707],[141.45336,24.228742]]],[[[141.452943,24.229058],[141.452994,24.229027],[141.45296,24.229011],[141.452943,24.229058]]],[[[141.453035,24.229304],[141.453,24.229289],[141.452996,24.229308],[141.453035,24.229304]]],[[[141.453225,24.229581],[141.453211,24.229555],[141.453203,24.229576],[141.453225,24.229581]]],[[[141.453123,24.229697],[141.453157,24.229671],[141.45312,24.22966],[141.453123,24.229697]]],[[[141.453155,24.230096],[141.453197,24.230067],[141.453157,24.230072],[141.453155,24.230096]]],[[[141.453285,24.232197],[141.453325,24.232231],[141.453324,24.232189],[141.453285,24.232197]]],[[[141.452996,24.234422],[141.453043,24.234465],[141.453012,24.234414],[141.452996,24.234422]]],[[[141.462744,24.24477],[141.470362,24.242015],[141.471445,24.241812],[141.47186,24.242049],[141.472731,24.241256],[141.473045,24.239345],[141.472814,24.238992],[141.471817,24.232381],[141.469775,24.229607],[141.468809,24.227182],[141.461146,24.225472],[141.459213,24.224749],[141.455013,24.225448],[141.453942,24.226894],[141.453708,24.226925],[141.453782,24.228062],[141.453253,24.229383],[141.453632,24.23723],[141.453962,24.237774],[141.454161,24.238802],[141.454339,24.238924],[141.455037,24.241874],[141.458822,24.244888],[141.462744,24.24477]]],[[[141.453304,24.23512],[141.453303,24.23507],[141.453267,24.235071],[141.453304,24.23512]]],[[[141.453699,24.237492],[141.453763,24.237457],[141.453693,24.237457],[141.453699,24.237492]]],[[[141.453066,24.237482],[141.453091,24.237561],[141.453129,24.237517],[141.453066,24.237482]]],[[[141.454149,24.238999],[141.454166,24.23895],[141.454126,24.238964],[141.454149,24.238999]]],[[[141.454136,24.239734],[141.454167,24.239665],[141.454108,24.239683],[141.454136,24.239734]]],[[[141.453059,24.241878],[141.453114,24.24191],[141.453108,24.241837],[141.453059,24.241878]]],[[[141.453447,24.242791],[141.453511,24.242754],[141.453461,24.242747],[141.453447,24.242791]]],[[[141.453702,24.242698],[141.453742,24.242864],[141.453739,24.242684],[141.453702,24.242698]]],[[[141.451712,24.243827],[141.451478,24.243827],[141.451478,24.243974],[141.451712,24.243827]]],[[[141.463997,24.244615],[141.463958,24.244643],[141.463998,24.244632],[141.463997,24.244615]]],[[[141.463488,24.2447],[141.463465,24.244671],[141.463458,24.244684],[141.463488,24.2447]]],[[[141.463621,24.244916],[141.463617,24.244888],[141.463589,24.244909],[141.463621,24.244916]]],[[[141.462174,24.245476],[141.462137,24.245527],[141.462189,24.245534],[141.462174,24.245476]]],[[[141.45893,24.245733],[141.458903,24.24563],[141.458857,24.245646],[141.45893,24.245733]]],[[[141.293582,24.750184],[141.293622,24.750172],[141.293583,24.750159],[141.293582,24.750184]]],[[[141.293655,24.750686],[141.293652,24.750667],[141.293645,24.750682],[141.293655,24.750686]]],[[[141.293621,24.750698],[141.293614,24.750665],[141.293606,24.750687],[141.293621,24.750698]]],[[[141.293712,24.750926],[141.293734,24.75092],[141.293716,24.750915],[141.293712,24.750926]]],[[[141.293633,24.750918],[141.293644,24.750939],[141.293648,24.750922],[141.293633,24.750918]]],[[[141.293656,24.750951],[141.293665,24.750946],[141.293655,24.750944],[141.293656,24.750951]]],[[[141.293636,24.751046],[141.293632,24.75106],[141.293638,24.751056],[141.293636,24.751046]]],[[[141.293636,24.751078],[141.293642,24.751092],[141.293648,24.751081],[141.293636,24.751078]]],[[[141.293652,24.751098],[141.293663,24.75111],[141.293665,24.751099],[141.293652,24.751098]]],[[[141.29371,24.751138],[141.293693,24.751122],[141.293722,24.751154],[141.29371,24.751138]]],[[[141.293677,24.751133],[141.29369,24.751143],[141.29369,24.751136],[141.293677,24.751133]]],[[[141.293745,24.751139],[141.293755,24.751159],[141.293763,24.751148],[141.293745,24.751139]]],[[[141.293706,24.751236],[141.293721,24.751226],[141.293711,24.751222],[141.293706,24.751236]]],[[[141.304239,24.756119],[141.304206,24.756115],[141.30422,24.756137],[141.304239,24.756119]]],[[[141.304393,24.756122],[141.304411,24.756119],[141.304393,24.756107],[141.304393,24.756122]]],[[[141.304431,24.756115],[141.304432,24.756132],[141.304441,24.75612],[141.304431,24.756115]]],[[[141.304326,24.75613],[141.304383,24.756118],[141.304344,24.756103],[141.304326,24.75613]]],[[[141.304104,24.756137],[141.304117,24.756137],[141.304107,24.756126],[141.304104,24.756137]]],[[[141.304219,24.756153],[141.304223,24.756169],[141.304231,24.756165],[141.304219,24.756153]]],[[[141.304281,24.756182],[141.304256,24.756184],[141.304274,24.756189],[141.304281,24.756182]]],[[[141.304226,24.756194],[141.304207,24.756213],[141.304228,24.756213],[141.304226,24.756194]]],[[[141.304832,24.756256],[141.30487,24.756224],[141.304814,24.756225],[141.304832,24.756256]]],[[[141.304177,24.756235],[141.304146,24.756246],[141.304163,24.756252],[141.304177,24.756235]]],[[[141.304689,24.756318],[141.304698,24.756286],[141.304676,24.756321],[141.304689,24.756318]]],[[[141.304253,24.756329],[141.304249,24.756344],[141.304257,24.756333],[141.304253,24.756329]]],[[[141.305171,24.756412],[141.30502,24.75636],[141.305018,24.756432],[141.305171,24.756412]]],[[[141.304982,24.756398],[141.304971,24.75642],[141.304997,24.756416],[141.304982,24.756398]]],[[[141.305256,24.756483],[141.305289,24.75646],[141.305252,24.75647],[141.305256,24.756483]]],[[[141.305124,24.756511],[141.305111,24.756466],[141.305083,24.756471],[141.305124,24.756511]]],[[[141.305292,24.756514],[141.305312,24.756521],[141.305303,24.756509],[141.305292,24.756514]]],[[[141.339567,24.770512],[141.339565,24.770498],[141.339556,24.770511],[141.339567,24.770512]]],[[[141.341376,24.771079],[141.341393,24.771109],[141.341416,24.771109],[141.341376,24.771079]]],[[[141.343665,24.771518],[141.343639,24.771505],[141.343639,24.77152],[141.343665,24.771518]]],[[[141.342667,24.771523],[141.342664,24.771549],[141.342676,24.771542],[141.342667,24.771523]]],[[[141.343724,24.771563],[141.343741,24.771545],[141.343719,24.771541],[141.343724,24.771563]]],[[[141.343215,24.771594],[141.343225,24.77158],[141.343214,24.771585],[141.343215,24.771594]]],[[[141.343417,24.771604],[141.343443,24.771597],[141.343433,24.771586],[141.343417,24.771604]]],[[[141.343106,24.771608],[141.343129,24.771612],[141.343122,24.771594],[141.343106,24.771608]]],[[[141.346776,24.775552],[141.346759,24.77554],[141.346757,24.775547],[141.346776,24.775552]]],[[[141.346754,24.775557],[141.346755,24.775568],[141.346768,24.775565],[141.346754,24.775557]]],[[[141.34687,24.775623],[141.346894,24.775628],[141.346874,24.775611],[141.34687,24.775623]]],[[[141.346918,24.775652],[141.346915,24.775639],[141.346905,24.775648],[141.346918,24.775652]]],[[[141.34689,24.775664],[141.346877,24.775671],[141.346886,24.775673],[141.34689,24.775664]]],[[[141.347436,24.775881],[141.347441,24.775865],[141.34743,24.775865],[141.347436,24.775881]]],[[[141.347538,24.775925],[141.347563,24.775914],[141.347553,24.775904],[141.347538,24.775925]]],[[[141.347591,24.775963],[141.347595,24.775995],[141.34762,24.775989],[141.347591,24.775963]]],[[[141.347727,24.776148],[141.347702,24.776151],[141.347707,24.776159],[141.347727,24.776148]]],[[[141.347745,24.776204],[141.347758,24.776212],[141.347755,24.776197],[141.347745,24.776204]]],[[[141.34807,24.776484],[141.34806,24.776469],[141.348053,24.776493],[141.34807,24.776484]]],[[[141.348022,24.776518],[141.348039,24.776534],[141.348036,24.776517],[141.348022,24.776518]]],[[[141.379064,24.779287],[141.379094,24.779243],[141.379042,24.779245],[141.379064,24.779287]]],[[[141.379102,24.77929],[141.379103,24.779274],[141.379095,24.779284],[141.379102,24.77929]]],[[[141.378595,24.779385],[141.378584,24.779395],[141.378591,24.7794],[141.378595,24.779385]]],[[[141.378679,24.779408],[141.378685,24.779396],[141.378677,24.779395],[141.378679,24.779408]]],[[[141.378617,24.779426],[141.378635,24.779387],[141.378611,24.779419],[141.378617,24.779426]]],[[[141.378497,24.779439],[141.378494,24.779428],[141.378483,24.779431],[141.378497,24.779439]]],[[[141.378662,24.779444],[141.378664,24.77943],[141.378653,24.779441],[141.378662,24.779444]]],[[[141.378622,24.779455],[141.378601,24.779449],[141.378613,24.77946],[141.378622,24.779455]]],[[[141.378545,24.779472],[141.378592,24.779442],[141.378548,24.779443],[141.378545,24.779472]]],[[[141.378479,24.779479],[141.378443,24.779464],[141.378462,24.779486],[141.378479,24.779479]]],[[[141.378578,24.779509],[141.378537,24.779501],[141.378573,24.779526],[141.378578,24.779509]]],[[[141.378601,24.779527],[141.378631,24.77953],[141.378602,24.779516],[141.378601,24.779527]]],[[[141.378584,24.779547],[141.378603,24.779543],[141.378585,24.779544],[141.378584,24.779547]]],[[[141.379941,24.779568],[141.379938,24.779553],[141.379933,24.779554],[141.379941,24.779568]]],[[[141.37796,24.779567],[141.377984,24.779557],[141.37796,24.779554],[141.37796,24.779567]]],[[[141.37853,24.779575],[141.378547,24.779561],[141.378528,24.779568],[141.37853,24.779575]]],[[[141.37992,24.779574],[141.379929,24.779566],[141.379913,24.779565],[141.37992,24.779574]]],[[[141.379021,24.779592],[141.379061,24.77957],[141.379042,24.779562],[141.379021,24.779592]]],[[[141.378798,24.779595],[141.378804,24.779586],[141.37879,24.779588],[141.378798,24.779595]]],[[[141.379881,24.779606],[141.379872,24.779594],[141.379868,24.779599],[141.379881,24.779606]]],[[[141.378986,24.779601],[141.378979,24.779608],[141.378986,24.77961],[141.378986,24.779601]]],[[[141.379913,24.779618],[141.379898,24.779604],[141.379884,24.779624],[141.379913,24.779618]]],[[[141.378515,24.779618],[141.378498,24.779615],[141.378511,24.779622],[141.378515,24.779618]]],[[[141.379871,24.779609],[141.379855,24.779625],[141.379874,24.779614],[141.379871,24.779609]]],[[[141.378202,24.779722],[141.378526,24.779636],[141.378177,24.779425],[141.378202,24.779722]]],[[[141.377972,24.779642],[141.377953,24.779664],[141.377971,24.779674],[141.377972,24.779642]]],[[[141.379823,24.779659],[141.379811,24.779701],[141.379848,24.7797],[141.379823,24.779659]]],[[[141.378805,24.779697],[141.378772,24.779679],[141.378775,24.779705],[141.378805,24.779697]]],[[[141.377967,24.779705],[141.37795,24.7797],[141.377948,24.77971],[141.377967,24.779705]]],[[[141.379053,24.779713],[141.379073,24.779719],[141.379055,24.779707],[141.379053,24.779713]]],[[[141.379,24.779724],[141.378991,24.779734],[141.378994,24.779741],[141.379,24.779724]]],[[[141.379067,24.779734],[141.379081,24.779744],[141.379082,24.779733],[141.379067,24.779734]]],[[[141.377957,24.779763],[141.377942,24.779719],[141.377939,24.779772],[141.377957,24.779763]]],[[[141.378872,24.779779],[141.378854,24.779754],[141.37884,24.779761],[141.378872,24.779779]]],[[[141.378788,24.77993],[141.378731,24.779673],[141.378762,24.779682],[141.378777,24.779607],[141.378703,24.779652],[141.378703,24.779772],[141.378788,24.77993]]],[[[141.378914,24.77977],[141.378889,24.779761],[141.378888,24.779785],[141.378914,24.77977]]],[[[141.378835,24.779796],[141.37884,24.779783],[141.378832,24.779782],[141.378835,24.779796]]],[[[141.379083,24.779801],[141.379097,24.779794],[141.379079,24.779793],[141.379083,24.779801]]],[[[141.378896,24.779802],[141.378882,24.779794],[141.37889,24.779804],[141.378896,24.779802]]],[[[141.379024,24.779799],[141.379032,24.779817],[141.379036,24.779804],[141.379024,24.779799]]],[[[141.378856,24.779817],[141.378859,24.779805],[141.378852,24.779807],[141.378856,24.779817]]],[[[141.378899,24.779822],[141.378886,24.779814],[141.378893,24.779825],[141.378899,24.779822]]],[[[141.378858,24.779827],[141.378841,24.77982],[141.378844,24.779828],[141.378858,24.779827]]],[[[141.378844,24.779843],[141.378837,24.77983],[141.378832,24.779838],[141.378844,24.779843]]],[[[141.326163,24.814039],[141.330324,24.813512],[141.330329,24.81332],[141.330686,24.81307],[141.33718,24.808817],[141.339909,24.805237],[141.340439,24.804834],[141.341267,24.804848],[141.340994,24.803754],[141.341184,24.803088],[141.344303,24.798824],[141.346815,24.796506],[141.347199,24.792578],[141.350186,24.786088],[141.350042,24.781393],[141.349011,24.777985],[141.346592,24.775446],[141.345859,24.77308],[141.343453,24.77166],[141.342463,24.771578],[141.340387,24.770956],[141.337758,24.769626],[141.335942,24.769706],[141.332052,24.768534],[141.323965,24.764053],[141.308585,24.758513],[141.305277,24.756993],[141.304593,24.756366],[141.304668,24.756173],[141.304097,24.756492],[141.303203,24.75642],[141.297217,24.753807],[141.293858,24.751559],[141.293662,24.751316],[141.293277,24.749731],[141.293341,24.749662],[141.293266,24.749662],[141.29324,24.749476],[141.293101,24.749367],[141.293101,24.74925],[141.292983,24.749206],[141.292953,24.749078],[141.292883,24.74908],[141.29266,24.748913],[141.292551,24.748785],[141.292566,24.748733],[141.292479,24.748745],[141.29172,24.748232],[141.291706,24.748132],[141.291252,24.748096],[141.29067,24.747879],[141.290212,24.747611],[141.29007,24.747588],[141.290031,24.74747],[141.289895,24.747423],[141.289308,24.746997],[141.289127,24.74679],[141.288717,24.7465],[141.288207,24.746029],[141.285773,24.745633],[141.285802,24.748386],[141.28559,24.749092],[141.285253,24.749236],[141.285426,24.749552],[141.284831,24.750738],[141.28458,24.750719],[141.284892,24.751005],[141.284922,24.752043],[141.284747,24.752745],[141.284828,24.75327],[141.289002,24.761258],[141.288844,24.764187],[141.292121,24.77366],[141.291416,24.774485],[141.291819,24.777822],[141.290605,24.783506],[141.288384,24.785728],[141.287979,24.785722],[141.287851,24.78543],[141.287569,24.785489],[141.286748,24.785163],[141.286643,24.784995],[141.286595,24.785089],[141.286315,24.785096],[141.286258,24.78525],[141.286183,24.785279],[141.285886,24.785283],[141.285779,24.785599],[141.28563,24.785543],[141.285696,24.785758],[141.284986,24.786109],[141.285526,24.786834],[141.285508,24.78755],[141.285768,24.787696],[141.285911,24.788705],[141.285537,24.788917],[141.286026,24.789215],[141.286259,24.789877],[141.286303,24.790526],[141.289272,24.793318],[141.290002,24.79492],[141.296133,24.798002],[141.301789,24.80201],[141.304145,24.804643],[141.305023,24.807251],[141.313092,24.811788],[141.317372,24.811938],[141.321139,24.813919],[141.322444,24.813849],[141.326163,24.814039]]],[[[141.378825,24.779871],[141.378817,24.779858],[141.378814,24.779869],[141.378825,24.779871]]],[[[141.378716,24.779899],[141.378738,24.779866],[141.378712,24.779875],[141.378716,24.779899]]],[[[141.378819,24.779922],[141.378794,24.779934],[141.378805,24.779948],[141.378819,24.779922]]],[[[141.378783,24.779938],[141.378791,24.779969],[141.378801,24.779958],[141.378783,24.779938]]],[[[141.378752,24.779963],[141.378775,24.779995],[141.37876,24.77992],[141.378752,24.779963]]],[[[141.378396,24.779959],[141.378341,24.77999],[141.378426,24.780008],[141.378396,24.779959]]],[[[141.378782,24.780012],[141.378797,24.78002],[141.378794,24.780005],[141.378782,24.780012]]],[[[141.379789,24.780056],[141.3798,24.780073],[141.379803,24.780054],[141.379789,24.780056]]],[[[141.379723,24.780144],[141.37969,24.78012],[141.379698,24.780167],[141.379723,24.780144]]],[[[141.379757,24.780146],[141.379729,24.780153],[141.379736,24.780168],[141.379757,24.780146]]],[[[141.379721,24.780189],[141.379719,24.780211],[141.379727,24.780186],[141.379721,24.780189]]],[[[141.379069,24.78024],[141.379062,24.780228],[141.379062,24.78024],[141.379069,24.78024]]],[[[141.379047,24.780236],[141.37897,24.780213],[141.378969,24.780262],[141.379047,24.780236]]],[[[141.379658,24.780248],[141.37967,24.780262],[141.37968,24.780245],[141.379658,24.780248]]],[[[141.379042,24.780282],[141.379079,24.780265],[141.379041,24.780255],[141.379042,24.780282]]],[[[141.379648,24.780279],[141.379656,24.780269],[141.379643,24.780268],[141.379648,24.780279]]],[[[141.378684,24.780337],[141.378682,24.780365],[141.378689,24.780337],[141.378684,24.780337]]],[[[141.378389,24.780385],[141.378401,24.780373],[141.378389,24.78037],[141.378389,24.780385]]],[[[141.378392,24.780514],[141.37895,24.78039],[141.378739,24.780015],[141.378762,24.780339],[141.378392,24.780514]]],[[[141.379104,24.780531],[141.379027,24.780428],[141.379031,24.780596],[141.379104,24.780531]]],[[[141.378346,24.780543],[141.378363,24.780543],[141.37835,24.780535],[141.378346,24.780543]]],[[[141.378342,24.780572],[141.378346,24.78056],[141.378339,24.780563],[141.378342,24.780572]]],[[[141.378342,24.780602],[141.378335,24.780586],[141.378335,24.780598],[141.378342,24.780602]]],[[[141.37911,24.780597],[141.379076,24.78059],[141.379107,24.780608],[141.37911,24.780597]]],[[[141.379586,24.780597],[141.37958,24.780607],[141.379584,24.78061],[141.379586,24.780597]]],[[[141.379593,24.780605],[141.379602,24.780614],[141.379607,24.78061],[141.379593,24.780605]]],[[[141.379561,24.780606],[141.379545,24.780609],[141.379545,24.780615],[141.379561,24.780606]]],[[[141.379581,24.780633],[141.379575,24.780617],[141.37957,24.780623],[141.379581,24.780633]]],[[[141.37909,24.780639],[141.379056,24.780624],[141.379069,24.78065],[141.37909,24.780639]]],[[[141.37904,24.78064],[141.37906,24.780639],[141.379048,24.780632],[141.37904,24.78064]]],[[[141.37849,24.780707],[141.37849,24.780739],[141.378505,24.780735],[141.37849,24.780707]]],[[[141.378856,24.780747],[141.37888,24.780748],[141.378869,24.780737],[141.378856,24.780747]]],[[[141.378568,24.780851],[141.378636,24.780866],[141.378563,24.780816],[141.378568,24.780851]]],[[[141.378871,24.780828],[141.378847,24.780893],[141.378869,24.780884],[141.378871,24.780828]]],[[[141.378746,24.780924],[141.378698,24.780896],[141.378711,24.780931],[141.378746,24.780924]]],[[[141.347258,24.795002],[141.347252,24.794983],[141.347236,24.794987],[141.347258,24.795002]]],[[[141.347112,24.795048],[141.347128,24.795017],[141.347098,24.795029],[141.347112,24.795048]]],[[[141.347203,24.795063],[141.347203,24.795045],[141.347191,24.795047],[141.347203,24.795063]]],[[[141.344501,24.798869],[141.344505,24.798885],[141.344525,24.798869],[141.344501,24.798869]]],[[[141.344418,24.80006],[141.344427,24.800078],[141.344428,24.800063],[141.344418,24.80006]]],[[[141.34403,24.800244],[141.344047,24.800278],[141.344053,24.800245],[141.34403,24.800244]]],[[[141.344095,24.800263],[141.344075,24.800272],[141.344091,24.800275],[141.344095,24.800263]]],[[[141.344124,24.800296],[141.344089,24.800303],[141.344137,24.800337],[141.344124,24.800296]]],[[[141.341365,24.804122],[141.341377,24.804048],[141.341318,24.804106],[141.341365,24.804122]]],[[[141.341318,24.804134],[141.341329,24.804126],[141.341312,24.804119],[141.341318,24.804134]]],[[[141.341372,24.804181],[141.34137,24.804157],[141.341355,24.804168],[141.341372,24.804181]]],[[[141.341393,24.804198],[141.341328,24.804212],[141.341385,24.804218],[141.341393,24.804198]]],[[[141.341445,24.80419],[141.341477,24.804224],[141.341485,24.804186],[141.341445,24.80419]]],[[[141.341401,24.804246],[141.341361,24.804228],[141.341353,24.804244],[141.341401,24.804246]]],[[[141.341432,24.804246],[141.341459,24.804229],[141.34143,24.804223],[141.341432,24.804246]]],[[[141.341304,24.804309],[141.341275,24.804312],[141.341301,24.804322],[141.341304,24.804309]]],[[[141.341363,24.804372],[141.341185,24.804355],[141.341336,24.804424],[141.341363,24.804372]]],[[[141.341409,24.804403],[141.341402,24.804385],[141.341401,24.804407],[141.341409,24.804403]]],[[[141.341391,24.804442],[141.341374,24.804429],[141.341386,24.804447],[141.341391,24.804442]]],[[[141.34146,24.804629],[141.341458,24.804647],[141.341475,24.804651],[141.34146,24.804629]]],[[[141.341373,24.804628],[141.341377,24.80471],[141.341431,24.804617],[141.341373,24.804628]]],[[[141.341352,24.80483],[141.341529,24.804821],[141.341493,24.804787],[141.341352,24.80483]]],[[[141.340763,24.804944],[141.340867,24.804894],[141.34091,24.804883],[141.340869,24.804867],[141.340763,24.804944]]],[[[141.340744,24.804923],[141.340763,24.804917],[141.340748,24.804904],[141.340744,24.804923]]],[[[141.341283,24.80489],[141.341289,24.804958],[141.341303,24.804955],[141.341283,24.80489]]],[[[141.341251,24.804951],[141.341107,24.805028],[141.341181,24.805063],[141.341251,24.804951]]],[[[141.340732,24.804978],[141.34076,24.805082],[141.340836,24.804958],[141.340732,24.804978]]],[[[141.319067,24.813148],[141.319044,24.813136],[141.319047,24.813157],[141.319067,24.813148]]],[[[141.318933,24.813254],[141.318934,24.813213],[141.318906,24.813223],[141.318933,24.813254]]],[[[141.330362,24.813389],[141.330373,24.813413],[141.330382,24.813392],[141.330362,24.813389]]],[[[141.330274,24.813553],[141.330272,24.813528],[141.33025,24.813538],[141.330274,24.813553]]],[[[141.325422,24.814038],[141.325404,24.814051],[141.325421,24.814052],[141.325422,24.814038]]],[[[141.325981,24.814079],[141.325962,24.814059],[141.325959,24.81408],[141.325981,24.814079]]],[[[141.325474,24.814092],[141.325458,24.814071],[141.325453,24.814082],[141.325474,24.814092]]],[[[141.32617,24.814072],[141.326173,24.814101],[141.326186,24.814098],[141.32617,24.814072]]],[[[141.325913,24.814084],[141.325932,24.814115],[141.325926,24.814078],[141.325913,24.814084]]],[[[141.326045,24.814125],[141.326038,24.814096],[141.326037,24.814121],[141.326045,24.814125]]],[[[141.325805,24.81413],[141.325799,24.814107],[141.325796,24.814124],[141.325805,24.81413]]],[[[141.325891,24.814115],[141.325852,24.814127],[141.325876,24.814146],[141.325891,24.814115]]],[[[141.325833,24.814138],[141.325812,24.814145],[141.325809,24.814159],[141.325833,24.814138]]],[[[141.325932,24.814156],[141.32591,24.814138],[141.325912,24.814162],[141.325932,24.814156]]],[[[141.326469,24.814179],[141.3264,24.814149],[141.326391,24.814164],[141.326469,24.814179]]],[[[141.326363,24.814153],[141.326354,24.814178],[141.326369,24.814183],[141.326363,24.814153]]],[[[141.326582,24.814177],[141.3266,24.814201],[141.326622,24.814191],[141.326582,24.814177]]],[[[141.326537,24.814212],[141.326537,24.814175],[141.326523,24.814193],[141.326537,24.814212]]],[[[141.326514,24.814225],[141.326504,24.814189],[141.3265,24.814222],[141.326514,24.814225]]],[[[141.326439,24.814224],[141.326471,24.814207],[141.326444,24.814211],[141.326439,24.814224]]],[[[141.326401,24.814248],[141.326394,24.814228],[141.326389,24.814255],[141.326401,24.814248]]],[[[141.467668,24.226539],[141.467617,24.226645],[141.467711,24.226573],[141.467668,24.226539]]],[[[141.467969,24.226913],[141.467937,24.226941],[141.467969,24.226947],[141.467969,24.226913]]],[[[141.468975,24.227113],[141.469006,24.22709],[141.468963,24.227093],[141.468975,24.227113]]],[[[141.469169,24.227174],[141.469195,24.227163],[141.469166,24.227157],[141.469169,24.227174]]],[[[141.468961,24.227238],[141.469004,24.227229],[141.468987,24.227193],[141.468961,24.227238]]],[[[141.469368,24.227298],[141.469384,24.227319],[141.469388,24.227308],[141.469368,24.227298]]],[[[141.469419,24.227847],[141.469447,24.227858],[141.469437,24.227839],[141.469419,24.227847]]],[[[141.469569,24.227897],[141.469618,24.227868],[141.469567,24.227853],[141.469569,24.227897]]],[[[141.469509,24.227959],[141.469476,24.227934],[141.469478,24.227971],[141.469509,24.227959]]],[[[141.469477,24.228249],[141.469499,24.228232],[141.469472,24.228212],[141.469477,24.228249]]],[[[141.469818,24.229385],[141.469772,24.229368],[141.469787,24.229401],[141.469818,24.229385]]],[[[141.470003,24.229477],[141.469971,24.229436],[141.469985,24.229483],[141.470003,24.229477]]],[[[141.469859,24.229567],[141.469887,24.229529],[141.469849,24.229518],[141.469859,24.229567]]],[[[141.470093,24.229589],[141.470132,24.229567],[141.470093,24.229569],[141.470093,24.229589]]],[[[141.471224,24.231181],[141.471233,24.231092],[141.471193,24.231103],[141.471224,24.231181]]],[[[141.472448,24.231634],[141.472438,24.231617],[141.472442,24.231635],[141.472448,24.231634]]],[[[141.472583,24.232219],[141.472586,24.232235],[141.472591,24.232222],[141.472583,24.232219]]],[[[141.472164,24.233742],[141.472152,24.233703],[141.472144,24.233723],[141.472164,24.233742]]],[[[141.472152,24.233854],[141.472184,24.233837],[141.472166,24.233828],[141.472152,24.233854]]],[[[141.472368,24.234961],[141.472399,24.234981],[141.472386,24.234945],[141.472368,24.234961]]],[[[141.472398,24.235115],[141.472418,24.235147],[141.472411,24.235104],[141.472398,24.235115]]],[[[141.472419,24.235903],[141.472447,24.235871],[141.472414,24.235864],[141.472419,24.235903]]],[[[141.472452,24.236029],[141.472423,24.236014],[141.472414,24.236056],[141.472452,24.236029]]],[[[141.472492,24.236207],[141.472458,24.236188],[141.472456,24.236218],[141.472492,24.236207]]],[[[141.472516,24.236391],[141.472478,24.236401],[141.472502,24.236408],[141.472516,24.236391]]],[[[141.472529,24.236711],[141.472509,24.236744],[141.472528,24.236749],[141.472529,24.236711]]],[[[141.472698,24.23746],[141.472661,24.237427],[141.47266,24.23745],[141.472698,24.23746]]],[[[141.472864,24.23776],[141.472821,24.237709],[141.472812,24.23776],[141.472864,24.23776]]],[[[141.473335,24.239267],[141.473383,24.239247],[141.473337,24.239239],[141.473335,24.239267]]],[[[141.473457,24.239349],[141.473502,24.239325],[141.473457,24.239285],[141.473457,24.239349]]],[[[141.473262,24.239331],[141.473083,24.239294],[141.473262,24.239413],[141.473262,24.239331]]],[[[141.473182,24.241464],[141.473222,24.241445],[141.473181,24.241444],[141.473182,24.241464]]],[[[141.471507,24.241907],[141.471516,24.241956],[141.471549,24.241925],[141.471507,24.241907]]],[[[141.472528,24.24194],[141.472484,24.241977],[141.472541,24.241976],[141.472528,24.24194]]],[[[141.469671,24.242517],[141.469716,24.242479],[141.46967,24.242494],[141.469671,24.242517]]],[[[141.471089,24.242514],[141.471151,24.242484],[141.471112,24.242471],[141.471089,24.242514]]],[[[141.469043,24.242746],[141.469116,24.24276],[141.469075,24.242716],[141.469043,24.242746]]],[[[141.467293,24.243225],[141.467265,24.243208],[141.467241,24.243239],[141.467293,24.243225]]],[[[141.466636,24.243487],[141.466651,24.243436],[141.466616,24.243454],[141.466636,24.243487]]],[[[141.466428,24.243858],[141.466438,24.243803],[141.46641,24.243849],[141.466428,24.243858]]],[[[141.466256,24.243888],[141.466249,24.243846],[141.466225,24.243846],[141.466256,24.243888]]],[[[141.465103,24.244149],[141.465085,24.244122],[141.465083,24.244173],[141.465103,24.244149]]],[[[141.4646,24.244234],[141.464653,24.244189],[141.464581,24.244235],[141.4646,24.244234]]],[[[141.464956,24.244251],[141.464963,24.244208],[141.464914,24.244221],[141.464956,24.244251]]],[[[141.464161,24.244573],[141.464133,24.244541],[141.464124,24.244553],[141.464161,24.244573]]],[[[142.115991,26.701279],[142.115773,26.701015],[142.115672,26.701218],[142.115991,26.701279]]],[[[142.116915,26.702533],[142.116825,26.702672],[142.117014,26.702679],[142.116915,26.702533]]],[[[142.121343,26.703711],[142.12131,26.703677],[142.121282,26.703707],[142.121343,26.703711]]],[[[142.121367,26.703777],[142.121511,26.703742],[142.121445,26.703707],[142.121367,26.703777]]],[[[142.122361,26.704581],[142.122417,26.704512],[142.122334,26.704565],[142.122361,26.704581]]],[[[142.12202,26.705206],[142.121943,26.705175],[142.122002,26.705222],[142.12202,26.705206]]],[[[142.121674,26.705162],[142.121737,26.705292],[142.121832,26.7053],[142.121674,26.705162]]],[[[142.122107,26.705316],[142.122047,26.705301],[142.122072,26.705333],[142.122107,26.705316]]],[[[142.121469,26.705221],[142.121726,26.705425],[142.121758,26.705406],[142.121469,26.705221]]],[[[142.121851,26.705404],[142.121903,26.70544],[142.121897,26.705397],[142.121851,26.705404]]],[[[142.12247,26.705711],[142.122466,26.705644],[142.122423,26.705667],[142.12247,26.705711]]],[[[142.12255,26.705723],[142.122599,26.705768],[142.122617,26.705735],[142.12255,26.705723]]],[[[142.122522,26.706479],[142.122479,26.706506],[142.12254,26.706488],[142.122522,26.706479]]],[[[142.12261,26.706726],[142.122045,26.706365],[142.121676,26.706832],[142.122187,26.706972],[142.12261,26.706726]]],[[[142.122693,26.706891],[142.122668,26.70683],[142.122633,26.706858],[142.122693,26.706891]]],[[[142.122643,26.708834],[142.122677,26.708752],[142.122594,26.708802],[142.122643,26.708834]]],[[[142.122198,26.708953],[142.122116,26.708906],[142.122126,26.708974],[142.122198,26.708953]]],[[[142.122311,26.708984],[142.122353,26.708988],[142.122349,26.708962],[142.122311,26.708984]]],[[[142.122278,26.709031],[142.122226,26.708984],[142.122207,26.709028],[142.122278,26.709031]]],[[[142.122549,26.709387],[142.122493,26.70934],[142.122517,26.709387],[142.122549,26.709387]]],[[[142.122201,26.710057],[142.122213,26.709954],[142.122161,26.710048],[142.122201,26.710057]]],[[[142.122296,26.709991],[142.122324,26.710085],[142.122354,26.710062],[142.122296,26.709991]]],[[[142.1227,26.710368],[142.122722,26.710458],[142.122742,26.710377],[142.1227,26.710368]]],[[[142.122354,26.71063],[142.122365,26.710528],[142.12231,26.710603],[142.122354,26.71063]]],[[[142.122263,26.710684],[142.122084,26.710781],[142.122113,26.710824],[142.122263,26.710684]]],[[[142.122483,26.710729],[142.122536,26.710717],[142.122495,26.710693],[142.122483,26.710729]]],[[[142.121322,26.710832],[142.121376,26.710858],[142.121381,26.710825],[142.121322,26.710832]]],[[[142.122495,26.710834],[142.122518,26.710912],[142.122564,26.710847],[142.122495,26.710834]]],[[[142.121367,26.710902],[142.121434,26.710913],[142.121418,26.710857],[142.121367,26.710902]]],[[[142.121779,26.711229],[142.122439,26.710824],[142.121974,26.710899],[142.121779,26.711229]]],[[[142.12245,26.71106],[142.122508,26.711086],[142.122479,26.711033],[142.12245,26.71106]]],[[[142.122308,26.711183],[142.122429,26.711],[142.122277,26.711192],[142.122308,26.711183]]],[[[142.12256,26.711088],[142.122536,26.711167],[142.122574,26.711086],[142.12256,26.711088]]],[[[142.122685,26.711159],[142.122612,26.711152],[142.12266,26.711193],[142.122685,26.711159]]],[[[142.12268,26.711192],[142.122714,26.711193],[142.122685,26.711174],[142.12268,26.711192]]],[[[142.122405,26.711129],[142.122383,26.711278],[142.122448,26.711142],[142.122405,26.711129]]],[[[142.121814,26.711252],[142.121884,26.711279],[142.121908,26.711258],[142.121814,26.711252]]],[[[142.122713,26.711323],[142.122674,26.711274],[142.122664,26.711299],[142.122713,26.711323]]],[[[142.121238,26.711718],[142.121311,26.711716],[142.121265,26.711681],[142.121238,26.711718]]],[[[142.122539,26.711916],[142.122571,26.711843],[142.122506,26.711818],[142.122539,26.711916]]],[[[142.12266,26.711939],[142.122695,26.711972],[142.122708,26.711944],[142.12266,26.711939]]],[[[142.122622,26.712166],[142.122683,26.712166],[142.122662,26.712117],[142.122622,26.712166]]],[[[142.122571,26.713139],[142.122538,26.713241],[142.122616,26.713227],[142.122571,26.713139]]],[[[142.122455,26.714633],[142.122377,26.714506],[142.122258,26.714591],[142.122455,26.714633]]],[[[142.122195,26.714656],[142.122244,26.71467],[142.122247,26.714657],[142.122195,26.714656]]],[[[142.122323,26.714673],[142.12227,26.714758],[142.122372,26.714703],[142.122323,26.714673]]],[[[142.121401,26.714789],[142.121193,26.714992],[142.121457,26.715015],[142.121401,26.714789]]],[[[142.120042,26.714868],[142.120087,26.714959],[142.120071,26.714875],[142.120042,26.714868]]],[[[142.12098,26.715548],[142.120933,26.71552],[142.120968,26.715561],[142.12098,26.715548]]],[[[142.121604,26.715564],[142.12164,26.71562],[142.12167,26.715592],[142.121604,26.715564]]],[[[142.121421,26.715715],[142.121461,26.715717],[142.121435,26.715652],[142.121421,26.715715]]],[[[142.121452,26.715826],[142.121274,26.715729],[142.121386,26.715913],[142.121452,26.715826]]],[[[142.119826,26.715945],[142.119901,26.715989],[142.119859,26.715896],[142.119826,26.715945]]],[[[142.121753,26.716096],[142.121455,26.716293],[142.121875,26.716697],[142.121753,26.716096]]],[[[142.123514,26.717101],[142.123278,26.716361],[142.122923,26.716592],[142.12175,26.715721],[142.122554,26.717167],[142.123514,26.717101]]],[[[142.119982,26.716973],[142.120063,26.71691],[142.120009,26.716887],[142.119982,26.716973]]],[[[142.119492,26.716919],[142.119859,26.716945],[142.119586,26.716744],[142.119492,26.716919]]],[[[142.117319,26.721644],[142.116807,26.721771],[142.117155,26.722211],[142.117319,26.721644]]],[[[142.118048,26.723941],[142.117506,26.723425],[142.117465,26.72384],[142.118048,26.723941]]],[[[142.12136,27.68767],[142.121316,27.687542],[142.121285,27.687622],[142.12136,27.68767]]],[[[142.119595,27.68871],[142.119589,27.688581],[142.11953,27.688667],[142.119595,27.68871]]],[[[142.102703,27.712553],[142.102244,27.712117],[142.101827,27.712349],[142.101906,27.712672],[142.102703,27.712553]]],[[[142.102854,27.712656],[142.102634,27.713135],[142.102975,27.712886],[142.102854,27.712656]]],[[[142.100326,27.713184],[142.100243,27.713076],[142.100256,27.713207],[142.100326,27.713184]]],[[[142.101656,27.71317],[142.101867,27.71318],[142.101677,27.713097],[142.101656,27.71317]]],[[[142.103578,27.713787],[142.103321,27.713587],[142.103292,27.713807],[142.103578,27.713787]]],[[[142.103082,27.713883],[142.1029,27.714011],[142.103103,27.714106],[142.103082,27.713883]]],[[[142.103136,27.714431],[142.10283,27.71409],[142.102815,27.714332],[142.103136,27.714431]]],[[[142.100537,27.714447],[142.100716,27.714488],[142.100636,27.714389],[142.100537,27.714447]]],[[[142.101676,27.714602],[142.101725,27.714517],[142.101649,27.714547],[142.101676,27.714602]]],[[[142.10873,27.714693],[142.108573,27.714509],[142.108513,27.714704],[142.10873,27.714693]]],[[[142.102964,27.714851],[142.102583,27.714588],[142.10281,27.71491],[142.102964,27.714851]]],[[[142.101915,27.714634],[142.10214,27.715324],[142.102686,27.715348],[142.102544,27.714677],[142.101915,27.714634]]],[[[142.101487,27.714904],[142.101512,27.715238],[142.101723,27.714963],[142.101487,27.714904]]],[[[142.094198,27.714857],[142.094245,27.715359],[142.094504,27.715259],[142.094198,27.714857]]],[[[142.100804,27.715214],[142.100789,27.715142],[142.100745,27.715192],[142.100804,27.715214]]],[[[142.10102,27.715179],[142.101064,27.715387],[142.101147,27.715181],[142.10102,27.715179]]],[[[142.10914,27.715609],[142.108539,27.715081],[142.10757,27.715638],[142.108597,27.715904],[142.10914,27.715609]]],[[[142.101119,27.715818],[142.101272,27.715363],[142.100899,27.715703],[142.101119,27.715818]]],[[[142.100679,27.715661],[142.100726,27.715536],[142.100675,27.715544],[142.100679,27.715661]]],[[[142.103038,27.715992],[142.10303,27.715908],[142.102994,27.715989],[142.103038,27.715992]]],[[[142.098233,27.716007],[142.098364,27.715931],[142.098242,27.71594],[142.098233,27.716007]]],[[[142.10289,27.716025],[142.102836,27.716077],[142.102875,27.7161],[142.10289,27.716025]]],[[[142.103069,27.716172],[142.102969,27.716141],[142.102963,27.716209],[142.103069,27.716172]]],[[[142.108106,27.716241],[142.107529,27.71583],[142.107012,27.715959],[142.107602,27.716601],[142.108106,27.716241]]],[[[142.103089,27.716343],[142.103053,27.716269],[142.103024,27.716332],[142.103089,27.716343]]],[[[142.098666,27.716279],[142.0987,27.716366],[142.098733,27.716315],[142.098666,27.716279]]],[[[142.103448,27.716532],[142.103405,27.716385],[142.103366,27.716516],[142.103448,27.716532]]],[[[142.10098,27.71651],[142.100621,27.71659],[142.100894,27.716641],[142.10098,27.71651]]],[[[142.106427,27.716567],[142.106411,27.716458],[142.106324,27.716536],[142.106427,27.716567]]],[[[142.095146,27.716587],[142.09516,27.716492],[142.095099,27.716511],[142.095146,27.716587]]],[[[142.099603,27.716582],[142.099534,27.716529],[142.099546,27.716617],[142.099603,27.716582]]],[[[142.098613,27.716651],[142.098543,27.716599],[142.098529,27.716685],[142.098613,27.716651]]],[[[142.106949,27.716812],[142.106724,27.716532],[142.106648,27.716695],[142.106949,27.716812]]],[[[142.099126,27.716878],[142.09887,27.716645],[142.098726,27.716869],[142.099126,27.716878]]],[[[142.094131,27.716793],[142.094344,27.716806],[142.094317,27.716724],[142.094131,27.716793]]],[[[142.100476,27.716904],[142.100492,27.716794],[142.100437,27.716884],[142.100476,27.716904]]],[[[142.099583,27.716881],[142.099517,27.716819],[142.099542,27.716905],[142.099583,27.716881]]],[[[142.093931,27.71692],[142.093973,27.716824],[142.093868,27.716847],[142.093931,27.71692]]],[[[142.100191,27.717019],[142.100226,27.716949],[142.100171,27.716984],[142.100191,27.717019]]],[[[142.1001,27.717015],[142.100061,27.716951],[142.100025,27.717005],[142.1001,27.717015]]],[[[142.099902,27.717068],[142.099953,27.717],[142.09991,27.717003],[142.099902,27.717068]]],[[[142.106414,27.717997],[142.108269,27.717396],[142.109912,27.717995],[142.110589,27.717569],[142.109229,27.717362],[142.10981,27.716879],[142.108559,27.71721],[142.109765,27.716606],[142.10891,27.716107],[142.106306,27.717101],[142.106414,27.717997]]],[[[142.103344,27.717149],[142.103322,27.717046],[142.103244,27.717114],[142.103344,27.717149]]],[[[142.09919,27.717368],[142.099215,27.717281],[142.099143,27.717331],[142.09919,27.717368]]],[[[142.093818,27.717524],[142.093847,27.717442],[142.093776,27.717445],[142.093818,27.717524]]],[[[142.098379,27.717516],[142.098321,27.717475],[142.098295,27.717534],[142.098379,27.717516]]],[[[142.098626,27.717533],[142.098547,27.717483],[142.098568,27.717557],[142.098626,27.717533]]],[[[142.094725,27.717751],[142.094675,27.717671],[142.094677,27.717753],[142.094725,27.717751]]],[[[142.10812,27.717786],[142.108061,27.717659],[142.108001,27.717748],[142.10812,27.717786]]],[[[142.103766,27.717716],[142.103709,27.717782],[142.103784,27.717767],[142.103766,27.717716]]],[[[142.096801,27.717946],[142.096833,27.717844],[142.096765,27.717874],[142.096801,27.717946]]],[[[142.108877,27.718046],[142.108794,27.717935],[142.108754,27.717991],[142.108877,27.718046]]],[[[142.111967,27.718419],[142.112018,27.717749],[142.111564,27.718177],[142.111967,27.718419]]],[[[142.096416,27.720484],[142.099229,27.720258],[142.099416,27.71942],[142.100387,27.719753],[142.101002,27.71832],[142.102077,27.718952],[142.101487,27.717947],[142.102601,27.7173],[142.102861,27.716157],[142.101387,27.715865],[142.100787,27.716932],[142.096467,27.719281],[142.096416,27.720484]]],[[[142.098235,27.718282],[142.0983,27.718192],[142.098204,27.718244],[142.098235,27.718282]]],[[[142.103982,27.718279],[142.103971,27.7182],[142.103924,27.71822],[142.103982,27.718279]]],[[[142.109976,27.718872],[142.110968,27.717897],[142.109635,27.718653],[142.109976,27.718872]]],[[[142.106732,27.718577],[142.106223,27.71841],[142.106268,27.718679],[142.106732,27.718577]]],[[[142.095776,27.718531],[142.095725,27.718458],[142.095731,27.718538],[142.095776,27.718531]]],[[[142.095611,27.718506],[142.095545,27.718493],[142.095583,27.718544],[142.095611,27.718506]]],[[[142.097266,27.718747],[142.097296,27.718625],[142.097236,27.718623],[142.097266,27.718747]]],[[[142.095157,27.718768],[142.095127,27.718693],[142.095112,27.718751],[142.095157,27.718768]]],[[[142.096466,27.718801],[142.096433,27.718708],[142.096427,27.718812],[142.096466,27.718801]]],[[[142.095939,27.718922],[142.095873,27.718832],[142.09585,27.718877],[142.095939,27.718922]]],[[[142.097031,27.718926],[142.096959,27.718912],[142.096973,27.718958],[142.097031,27.718926]]],[[[142.096268,27.718951],[142.096203,27.718919],[142.096255,27.718961],[142.096268,27.718951]]],[[[142.096007,27.719063],[142.095941,27.719027],[142.095939,27.719076],[142.096007,27.719063]]],[[[142.105485,27.719077],[142.105654,27.719296],[142.105689,27.719079],[142.105485,27.719077]]],[[[142.101172,27.719335],[142.101023,27.719256],[142.101107,27.719387],[142.101172,27.719335]]],[[[142.096215,27.71946],[142.096139,27.719467],[142.096169,27.719512],[142.096215,27.71946]]],[[[142.095106,27.719641],[142.09505,27.719555],[142.095051,27.719653],[142.095106,27.719641]]],[[[142.095467,27.71974],[142.095395,27.719695],[142.095434,27.719771],[142.095467,27.71974]]],[[[142.095667,27.719825],[142.095598,27.719741],[142.095607,27.719818],[142.095667,27.719825]]],[[[142.096164,27.719826],[142.096073,27.71978],[142.096105,27.71985],[142.096164,27.719826]]],[[[142.095111,27.719878],[142.095042,27.719766],[142.095034,27.71989],[142.095111,27.719878]]],[[[142.093501,27.719754],[142.093319,27.719977],[142.093622,27.719999],[142.093501,27.719754]]],[[[142.095972,27.720222],[142.09589,27.720179],[142.095896,27.720245],[142.095972,27.720222]]],[[[142.096251,27.720345],[142.096171,27.720393],[142.096253,27.720431],[142.096251,27.720345]]],[[[142.095746,27.720565],[142.095659,27.720541],[142.095713,27.720603],[142.095746,27.720565]]],[[[142.096013,27.720567],[142.095939,27.720534],[142.095951,27.720589],[142.096013,27.720567]]],[[[142.098938,27.720692],[142.098921,27.720574],[142.098856,27.720609],[142.098938,27.720692]]],[[[142.09841,27.720691],[142.098327,27.720619],[142.098322,27.720656],[142.09841,27.720691]]],[[[142.09645,27.720749],[142.096533,27.720633],[142.09642,27.720655],[142.09645,27.720749]]],[[[142.095898,27.720722],[142.0958,27.720716],[142.095847,27.720759],[142.095898,27.720722]]],[[[142.098759,27.720759],[142.098693,27.720716],[142.098699,27.720766],[142.098759,27.720759]]],[[[142.099127,27.720786],[142.099049,27.720749],[142.099102,27.720802],[142.099127,27.720786]]],[[[142.101515,27.720844],[142.10122,27.720917],[142.101429,27.720986],[142.101515,27.720844]]],[[[142.097296,27.721309],[142.097049,27.720822],[142.096245,27.721072],[142.096694,27.721461],[142.097296,27.721309]]],[[[142.098983,27.721286],[142.098882,27.721271],[142.098953,27.721343],[142.098983,27.721286]]],[[[142.097703,27.721446],[142.09778,27.721358],[142.097686,27.721375],[142.097703,27.721446]]],[[[142.099529,27.721205],[142.099214,27.721561],[142.099452,27.72171],[142.099529,27.721205]]],[[[142.095453,27.721484],[142.095362,27.721426],[142.095385,27.721502],[142.095453,27.721484]]],[[[142.099577,27.721483],[142.099744,27.721637],[142.09972,27.721355],[142.099577,27.721483]]],[[[142.095456,27.72201],[142.094772,27.7217],[142.094704,27.72185],[142.095456,27.72201]]],[[[142.096008,27.722582],[142.095923,27.722624],[142.095994,27.722644],[142.096008,27.722582]]],[[[142.096751,27.722662],[142.096202,27.722733],[142.096829,27.723006],[142.096751,27.722662]]],[[[142.095996,27.723159],[142.095799,27.722669],[142.095032,27.723018],[142.095226,27.723318],[142.095996,27.723159]]],[[[142.097922,27.723599],[142.097497,27.723324],[142.09741,27.723514],[142.097922,27.723599]]],[[[142.095226,27.723365],[142.095415,27.723714],[142.095645,27.72357],[142.095226,27.723365]]],[[[142.094645,27.723549],[142.094521,27.723557],[142.094625,27.723601],[142.094645,27.723549]]],[[[142.097379,27.723705],[142.097267,27.723621],[142.097342,27.723736],[142.097379,27.723705]]],[[[142.098455,27.723874],[142.09836,27.723836],[142.09839,27.723896],[142.098455,27.723874]]],[[[142.097193,27.724682],[142.096891,27.724342],[142.096763,27.724553],[142.097193,27.724682]]],[[[142.093776,27.72467],[142.09368,27.724576],[142.093681,27.724686],[142.093776,27.72467]]],[[[142.097364,27.72522],[142.097256,27.724811],[142.096813,27.725035],[142.097364,27.72522]]],[[[142.093819,27.725296],[142.093374,27.724879],[142.093309,27.725194],[142.093819,27.725296]]],[[[142.109878,27.727966],[142.109816,27.728026],[142.109859,27.728057],[142.109878,27.727966]]],[[[142.109399,27.728033],[142.109736,27.728326],[142.10957,27.727965],[142.109399,27.728033]]],[[[142.11294,27.728881],[142.113004,27.728107],[142.112597,27.728447],[142.11294,27.728881]]],[[[142.109612,27.728495],[142.109573,27.728567],[142.109635,27.728545],[142.109612,27.728495]]],[[[142.116804,27.737131],[142.117001,27.737285],[142.116989,27.737065],[142.116804,27.737131]]],[[[142.115371,27.741515],[142.115731,27.741368],[142.115518,27.741314],[142.115371,27.741515]]],[[[142.112437,27.744863],[142.112251,27.744773],[142.112267,27.744897],[142.112437,27.744863]]],[[[142.12368,26.596527],[142.12363,26.596436],[142.123624,26.596527],[142.12368,26.596527]]],[[[142.124016,26.596484],[142.124421,26.596641],[142.123993,26.596178],[142.124016,26.596484]]],[[[142.124307,26.597275],[142.124147,26.597103],[142.124091,26.597123],[142.124307,26.597275]]],[[[142.128069,26.597355],[142.12823,26.597122],[142.128148,26.597056],[142.128069,26.597355]]],[[[142.124083,26.597432],[142.123156,26.597442],[142.124056,26.597829],[142.124083,26.597432]]],[[[142.12821,26.597478],[142.128152,26.597544],[142.128208,26.597552],[142.12821,26.597478]]],[[[142.128305,26.597694],[142.128231,26.597646],[142.128258,26.59772],[142.128305,26.597694]]],[[[142.123701,26.598506],[142.123619,26.598619],[142.123724,26.598551],[142.123701,26.598506]]],[[[142.124458,26.598773],[142.12348,26.598714],[142.123744,26.59929],[142.124458,26.598773]]],[[[142.125786,26.599031],[142.126044,26.598923],[142.125796,26.598889],[142.125786,26.599031]]],[[[142.126036,26.601561],[142.126319,26.601734],[142.126371,26.601484],[142.126036,26.601561]]],[[[142.132061,26.610444],[142.13212,26.609411],[142.132827,26.609969],[142.132554,26.608506],[142.134017,26.608131],[142.133478,26.606634],[142.134793,26.605207],[142.135719,26.600528],[142.133966,26.598561],[142.133534,26.596767],[142.132306,26.59677],[142.132142,26.595753],[142.131136,26.596302],[142.130106,26.594859],[142.128929,26.595007],[142.128786,26.59709],[142.1286,26.597614],[142.127845,26.598222],[142.127217,26.597703],[142.127159,26.595949],[142.125259,26.595594],[142.125686,26.598477],[142.127475,26.599683],[142.127054,26.600512],[142.125434,26.600404],[142.126638,26.601401],[142.126335,26.602357],[142.125044,26.602847],[142.125093,26.603563],[142.122713,26.603727],[142.124172,26.606209],[142.123413,26.607136],[142.126359,26.607745],[142.126531,26.60892],[142.125758,26.609521],[142.126635,26.610194],[142.128322,26.610476],[142.128232,26.609156],[142.12925,26.609283],[142.12975,26.608678],[142.130001,26.610411],[142.132061,26.610444]]],[[[142.125369,26.608982],[142.125697,26.609256],[142.125615,26.60889],[142.125369,26.608982]]],[[[142.125412,26.609954],[142.125197,26.610294],[142.125557,26.610282],[142.125412,26.609954]]],[[[142.125614,26.610431],[142.12588,26.610456],[142.125873,26.610245],[142.125614,26.610431]]],[[[142.125402,26.610473],[142.125289,26.610524],[142.125341,26.610549],[142.125402,26.610473]]],[[[142.128481,26.610556],[142.128429,26.610474],[142.128418,26.610558],[142.128481,26.610556]]],[[[142.127112,26.611062],[142.126606,26.610274],[142.125963,26.610359],[142.126146,26.611342],[142.127112,26.611062]]],[[[142.127041,26.612071],[142.126829,26.611208],[142.126212,26.611893],[142.127041,26.612071]]],[[[142.128871,26.688336],[142.128891,26.688232],[142.128805,26.688286],[142.128871,26.688336]]],[[[142.129046,26.688298],[142.129095,26.688276],[142.129049,26.688272],[142.129046,26.688298]]],[[[142.129023,26.688321],[142.129072,26.688379],[142.12909,26.688358],[142.129023,26.688321]]],[[[142.12879,26.68837],[142.128854,26.68837],[142.128837,26.688335],[142.12879,26.68837]]],[[[142.129498,26.68863],[142.12931,26.688575],[142.129269,26.688632],[142.129498,26.68863]]],[[[142.129671,26.689168],[142.129369,26.689096],[142.129323,26.689226],[142.129671,26.689168]]],[[[142.129694,26.689294],[142.129566,26.689393],[142.129756,26.689319],[142.129694,26.689294]]],[[[142.129389,26.690348],[142.129376,26.690267],[142.129346,26.69029],[142.129389,26.690348]]],[[[142.129441,26.690469],[142.129533,26.690567],[142.129562,26.690535],[142.129441,26.690469]]],[[[142.129628,26.690629],[142.129651,26.690676],[142.12967,26.690638],[142.129628,26.690629]]],[[[142.129045,26.690758],[142.129229,26.690748],[142.12908,26.69062],[142.129045,26.690758]]],[[[142.129734,26.690903],[142.129724,26.690712],[142.129614,26.690867],[142.129734,26.690903]]],[[[142.129487,26.690889],[142.129504,26.690822],[142.12947,26.69082],[142.129487,26.690889]]],[[[142.1293,26.691102],[142.129318,26.691056],[142.129272,26.691071],[142.1293,26.691102]]],[[[142.129362,26.691237],[142.129399,26.691221],[142.129404,26.691198],[142.129362,26.691237]]],[[[142.129748,26.691322],[142.129727,26.691286],[142.129708,26.691321],[142.129748,26.691322]]],[[[142.12953,26.691697],[142.129519,26.691632],[142.129492,26.691684],[142.12953,26.691697]]],[[[142.128834,26.692402],[142.128928,26.692474],[142.128958,26.69244],[142.128834,26.692402]]],[[[142.128281,26.692503],[142.128833,26.692602],[142.128187,26.692389],[142.128281,26.692503]]],[[[142.127946,26.692562],[142.128133,26.692466],[142.127882,26.692471],[142.127946,26.692562]]],[[[142.129544,26.692572],[142.12963,26.692522],[142.129593,26.6925],[142.129544,26.692572]]],[[[142.129688,26.692664],[142.129752,26.692662],[142.129724,26.692633],[142.129688,26.692664]]],[[[142.12879,26.692956],[142.128797,26.692906],[142.128768,26.692918],[142.12879,26.692956]]],[[[142.128855,26.69303],[142.128887,26.693061],[142.128886,26.693033],[142.128855,26.69303]]],[[[142.129439,26.693136],[142.129395,26.693123],[142.129416,26.693154],[142.129439,26.693136]]],[[[142.129511,26.69327],[142.129567,26.693267],[142.129556,26.693249],[142.129511,26.69327]]],[[[142.129255,26.693526],[142.129223,26.693463],[142.129189,26.693477],[142.129255,26.693526]]],[[[142.12877,26.693605],[142.128831,26.693521],[142.128749,26.693566],[142.12877,26.693605]]],[[[142.128599,26.693605],[142.128574,26.693569],[142.128564,26.693603],[142.128599,26.693605]]],[[[142.129285,26.693618],[142.129346,26.693681],[142.129344,26.693619],[142.129285,26.693618]]],[[[142.129543,26.693684],[142.129833,26.693713],[142.129519,26.693632],[142.129543,26.693684]]],[[[142.128657,26.69374],[142.128718,26.693741],[142.128705,26.693706],[142.128657,26.69374]]],[[[142.128913,26.693687],[142.128876,26.693775],[142.128965,26.693794],[142.128913,26.693687]]],[[[142.128807,26.694164],[142.128678,26.694226],[142.12879,26.694291],[142.128807,26.694164]]],[[[142.128872,26.69431],[142.128941,26.694203],[142.12886,26.694195],[142.128872,26.69431]]],[[[142.129391,26.694241],[142.129045,26.694399],[142.129365,26.694423],[142.12941,26.694598],[142.129391,26.694241]]],[[[142.128642,26.694489],[142.128414,26.69447],[142.12857,26.69462],[142.128642,26.694489]]],[[[142.129237,26.694538],[142.129239,26.69448],[142.129203,26.694516],[142.129237,26.694538]]],[[[142.128014,26.694488],[142.127977,26.694702],[142.128093,26.694711],[142.128014,26.694488]]],[[[142.129207,26.694712],[142.12926,26.694718],[142.129257,26.694691],[142.129207,26.694712]]],[[[142.128736,26.694686],[142.128818,26.694911],[142.128883,26.6947],[142.128736,26.694686]]],[[[142.128593,26.695201],[142.128891,26.694949],[142.128568,26.695155],[142.128593,26.695201]]],[[[142.128039,26.695153],[142.127988,26.695064],[142.127924,26.695137],[142.128039,26.695153]]],[[[142.128465,26.695232],[142.128396,26.695165],[142.128389,26.695239],[142.128465,26.695232]]],[[[142.127809,26.69524],[142.127749,26.695211],[142.12774,26.69526],[142.127809,26.69524]]],[[[142.12813,26.695238],[142.128131,26.695325],[142.128173,26.695292],[142.12813,26.695238]]],[[[142.127,26.695362],[142.127074,26.695304],[142.127042,26.695291],[142.127,26.695362]]],[[[142.127832,26.695353],[142.127877,26.695375],[142.127897,26.695336],[142.127832,26.695353]]],[[[142.128474,26.695372],[142.128587,26.695331],[142.128551,26.695314],[142.128474,26.695372]]],[[[142.127142,26.695508],[142.127223,26.695537],[142.12723,26.695474],[142.127142,26.695508]]],[[[142.127957,26.696328],[142.128033,26.696203],[142.127918,26.696224],[142.127957,26.696328]]],[[[142.12855,26.696251],[142.128507,26.696296],[142.128562,26.696276],[142.12855,26.696251]]],[[[142.128128,26.696457],[142.127993,26.696355],[142.127951,26.696399],[142.128128,26.696457]]],[[[142.128213,26.696597],[142.128286,26.696564],[142.128251,26.696542],[142.128213,26.696597]]],[[[142.127159,26.696864],[142.1272,26.696786],[142.12713,26.696823],[142.127159,26.696864]]],[[[142.128297,26.696909],[142.128147,26.696944],[142.128172,26.696991],[142.128297,26.696909]]],[[[142.127284,26.696959],[142.127315,26.696978],[142.127324,26.69696],[142.127284,26.696959]]],[[[142.128304,26.697003],[142.128322,26.696938],[142.128272,26.696985],[142.128304,26.697003]]],[[[142.128421,26.697259],[142.128455,26.697216],[142.128393,26.697238],[142.128421,26.697259]]],[[[142.128348,26.697263],[142.128378,26.697243],[142.128345,26.697249],[142.128348,26.697263]]],[[[142.127207,26.69734],[142.126925,26.697354],[142.127091,26.697447],[142.127207,26.69734]]],[[[142.128155,26.69748],[142.128129,26.697441],[142.128119,26.697452],[142.128155,26.69748]]],[[[142.128498,26.6977],[142.12854,26.697695],[142.128506,26.697682],[142.128498,26.6977]]],[[[142.128212,26.697852],[142.128242,26.697878],[142.128243,26.697834],[142.128212,26.697852]]],[[[142.128294,26.697927],[142.128296,26.697894],[142.12828,26.697886],[142.128294,26.697927]]],[[[142.12835,26.697909],[142.128378,26.697909],[142.128368,26.697897],[142.12835,26.697909]]],[[[142.127891,26.698956],[142.128013,26.698818],[142.127846,26.698898],[142.127891,26.698956]]],[[[142.128119,26.699014],[142.128156,26.699062],[142.128176,26.699],[142.128119,26.699014]]],[[[142.128009,26.699445],[142.128085,26.699477],[142.12803,26.699396],[142.128009,26.699445]]],[[[142.128127,26.699486],[142.128162,26.699508],[142.128155,26.699468],[142.128127,26.699486]]],[[[142.128028,26.699724],[142.128105,26.699734],[142.128058,26.699682],[142.128028,26.699724]]],[[[142.125516,26.700552],[142.125671,26.70065],[142.125603,26.700539],[142.125516,26.700552]]],[[[142.12602,26.700739],[142.125912,26.700748],[142.126024,26.700784],[142.12602,26.700739]]],[[[142.125649,26.700691],[142.125796,26.700777],[142.125748,26.700656],[142.125649,26.700691]]],[[[142.125824,26.700794],[142.125777,26.700836],[142.125839,26.700832],[142.125824,26.700794]]],[[[142.126962,26.700767],[142.126787,26.700913],[142.126965,26.700992],[142.126962,26.700767]]],[[[142.126133,26.700867],[142.126021,26.700891],[142.126135,26.700939],[142.126133,26.700867]]],[[[142.127096,26.700911],[142.127113,26.700889],[142.127094,26.70089],[142.127096,26.700911]]],[[[142.125901,26.700929],[142.125964,26.700919],[142.125939,26.700886],[142.125901,26.700929]]],[[[142.12589,26.700994],[142.12586,26.700932],[142.125828,26.70099],[142.12589,26.700994]]],[[[142.125911,26.700975],[142.125936,26.700977],[142.12593,26.700957],[142.125911,26.700975]]],[[[142.127161,26.700964],[142.127206,26.701022],[142.127222,26.700987],[142.127161,26.700964]]],[[[142.126418,26.70102],[142.126349,26.701031],[142.126399,26.701053],[142.126418,26.70102]]],[[[142.126008,26.701074],[142.126041,26.701094],[142.126034,26.701064],[142.126008,26.701074]]],[[[142.126435,26.701134],[142.126548,26.70113],[142.126519,26.701094],[142.126435,26.701134]]],[[[142.128196,26.701309],[142.128165,26.701321],[142.128175,26.701336],[142.128196,26.701309]]],[[[142.12673,26.701333],[142.126775,26.701331],[142.126776,26.701317],[142.12673,26.701333]]],[[[142.126772,26.701445],[142.126808,26.701396],[142.126772,26.701378],[142.126772,26.701445]]],[[[142.12641,26.701495],[142.126471,26.70147],[142.12644,26.701452],[142.12641,26.701495]]],[[[142.126177,26.701614],[142.126246,26.701556],[142.126191,26.70156],[142.126177,26.701614]]],[[[142.126334,26.701662],[142.126314,26.701733],[142.126363,26.701731],[142.126334,26.701662]]],[[[142.126505,26.70172],[142.126583,26.701719],[142.126563,26.701696],[142.126505,26.70172]]],[[[142.126625,26.701737],[142.126673,26.701737],[142.126625,26.701716],[142.126625,26.701737]]],[[[142.125893,26.701861],[142.125919,26.701811],[142.125858,26.70179],[142.125893,26.701861]]],[[[142.126418,26.701866],[142.126451,26.701853],[142.126422,26.701842],[142.126418,26.701866]]],[[[142.126006,26.701908],[142.126036,26.702008],[142.126083,26.701967],[142.126006,26.701908]]],[[[142.126306,26.701996],[142.126383,26.702022],[142.126359,26.701954],[142.126306,26.701996]]],[[[142.125698,26.702091],[142.125745,26.702086],[142.125705,26.702073],[142.125698,26.702091]]],[[[142.126089,26.702056],[142.126189,26.702117],[142.126127,26.702041],[142.126089,26.702056]]],[[[142.125959,26.702152],[142.125917,26.70212],[142.125919,26.702149],[142.125959,26.702152]]],[[[142.125956,26.702251],[142.126032,26.702284],[142.125972,26.702194],[142.125956,26.702251]]],[[[142.126322,26.702254],[142.126356,26.702255],[142.126351,26.702237],[142.126322,26.702254]]],[[[142.126228,26.702225],[142.126287,26.702295],[142.12629,26.702228],[142.126228,26.702225]]],[[[142.126307,26.702357],[142.126335,26.702361],[142.126318,26.702343],[142.126307,26.702357]]],[[[142.126247,26.702443],[142.126296,26.702459],[142.126295,26.702433],[142.126247,26.702443]]],[[[142.123296,26.70264],[142.12334,26.702603],[142.123286,26.702593],[142.123296,26.70264]]],[[[142.125536,26.702623],[142.125589,26.702715],[142.125624,26.70261],[142.125536,26.702623]]],[[[142.123617,26.703073],[142.123551,26.703173],[142.123677,26.703174],[142.123617,26.703073]]],[[[142.125316,26.703175],[142.125368,26.703253],[142.125342,26.703167],[142.125316,26.703175]]],[[[142.123788,26.703221],[142.12373,26.70319],[142.123734,26.703239],[142.123788,26.703221]]],[[[142.125305,26.70333],[142.125346,26.703345],[142.125333,26.703294],[142.125305,26.70333]]],[[[142.125051,26.703623],[142.125026,26.703571],[142.12501,26.703599],[142.125051,26.703623]]],[[[142.125133,26.70367],[142.125206,26.703668],[142.1252,26.703652],[142.125133,26.70367]]],[[[142.125233,26.703709],[142.125289,26.703736],[142.125275,26.70368],[142.125233,26.703709]]],[[[142.125274,26.704031],[142.125254,26.704023],[142.125249,26.704033],[142.125274,26.704031]]],[[[142.124992,26.704243],[142.125051,26.704184],[142.124995,26.704197],[142.124992,26.704243]]],[[[142.12533,26.704273],[142.125364,26.704284],[142.125362,26.704262],[142.12533,26.704273]]],[[[142.12494,26.704387],[142.125018,26.704337],[142.124976,26.704314],[142.12494,26.704387]]],[[[142.124856,26.704369],[142.124887,26.704388],[142.124893,26.704369],[142.124856,26.704369]]],[[[142.125375,26.704368],[142.125252,26.704397],[142.125303,26.704455],[142.125375,26.704368]]],[[[142.125083,26.704459],[142.125127,26.704441],[142.125086,26.704413],[142.125083,26.704459]]],[[[142.124604,26.704824],[142.124626,26.704766],[142.124561,26.704807],[142.124604,26.704824]]],[[[142.123634,26.704914],[142.123674,26.70487],[142.123642,26.704864],[142.123634,26.704914]]],[[[142.124708,26.704881],[142.124742,26.704906],[142.124757,26.704884],[142.124708,26.704881]]],[[[142.124596,26.70497],[142.124609,26.705011],[142.124631,26.704987],[142.124596,26.70497]]],[[[142.124196,26.705121],[142.124163,26.705087],[142.124149,26.705137],[142.124196,26.705121]]],[[[142.124024,26.705212],[142.124019,26.705155],[142.123986,26.705194],[142.124024,26.705212]]],[[[142.124293,26.705186],[142.124326,26.705178],[142.124309,26.705171],[142.124293,26.705186]]],[[[142.123504,26.705205],[142.123501,26.705168],[142.123467,26.705185],[142.123504,26.705205]]],[[[142.124153,26.705265],[142.124181,26.705275],[142.124179,26.70525],[142.124153,26.705265]]],[[[142.123496,26.705385],[142.12348,26.705339],[142.123441,26.705379],[142.123496,26.705385]]],[[[142.123163,26.705415],[142.123163,26.705348],[142.12312,26.705361],[142.123163,26.705415]]],[[[142.123281,26.705422],[142.123273,26.70534],[142.123243,26.705341],[142.123281,26.705422]]],[[[142.123571,26.70543],[142.123628,26.705438],[142.123586,26.705403],[142.123571,26.70543]]],[[[142.123365,26.705411],[142.123425,26.705503],[142.123443,26.705466],[142.123365,26.705411]]],[[[142.123266,26.705465],[142.123233,26.705609],[142.12329,26.705628],[142.123266,26.705465]]],[[[142.123165,26.705635],[142.122998,26.705558],[142.123014,26.705659],[142.123165,26.705635]]],[[[142.122743,26.705678],[142.12274,26.705615],[142.122713,26.705634],[142.122743,26.705678]]],[[[142.123084,26.70573],[142.123048,26.705691],[142.123038,26.705713],[142.123084,26.70573]]],[[[142.122944,26.705867],[142.122906,26.705795],[142.122887,26.705847],[142.122944,26.705867]]],[[[142.122851,26.706776],[142.122872,26.706809],[142.122882,26.706777],[142.122851,26.706776]]],[[[142.122782,26.706828],[142.122805,26.706914],[142.122849,26.70685],[142.122782,26.706828]]],[[[142.122823,26.706932],[142.122873,26.70693],[142.122859,26.706907],[142.122823,26.706932]]],[[[142.122917,26.706999],[142.122954,26.706989],[142.122923,26.706981],[142.122917,26.706999]]],[[[142.12298,26.707144],[142.123,26.707121],[142.122975,26.707118],[142.12298,26.707144]]],[[[142.123026,26.707285],[142.123065,26.707307],[142.123056,26.70727],[142.123026,26.707285]]],[[[142.123217,26.70762],[142.123169,26.707591],[142.123185,26.70764],[142.123217,26.70762]]],[[[142.123299,26.707614],[142.123328,26.707596],[142.123303,26.707593],[142.123299,26.707614]]],[[[142.123106,26.708143],[142.123161,26.708147],[142.123116,26.708128],[142.123106,26.708143]]],[[[142.123003,26.708391],[142.122983,26.708319],[142.122957,26.708385],[142.123003,26.708391]]],[[[142.123086,26.708409],[142.123111,26.708449],[142.123135,26.708419],[142.123086,26.708409]]],[[[142.123165,26.708698],[142.123089,26.708637],[142.123107,26.708704],[142.123165,26.708698]]],[[[142.122822,26.708886],[142.122709,26.708864],[142.122672,26.708919],[142.122822,26.708886]]],[[[142.123031,26.709198],[142.122927,26.709334],[142.122919,26.709377],[142.12307,26.709297],[142.123031,26.709198]]],[[[142.122888,26.709486],[142.122865,26.709393],[142.122839,26.70948],[142.122888,26.709486]]],[[[142.123005,26.709458],[142.123048,26.709531],[142.123073,26.709456],[142.123005,26.709458]]],[[[142.122898,26.710266],[142.122954,26.710149],[142.122856,26.710238],[142.122898,26.710266]]],[[[142.128539,26.710439],[142.128455,26.710481],[142.128549,26.710452],[142.128539,26.710439]]],[[[142.12274,26.710526],[142.122763,26.710561],[142.122776,26.710519],[142.12274,26.710526]]],[[[142.122763,26.711182],[142.122797,26.711207],[142.122809,26.711177],[142.122763,26.711182]]],[[[142.122787,26.711251],[142.122819,26.711244],[142.122784,26.711236],[142.122787,26.711251]]],[[[142.12282,26.711327],[142.122894,26.71134],[142.122831,26.711309],[142.12282,26.711327]]],[[[142.122907,26.711384],[142.122927,26.711436],[142.122943,26.711354],[142.122907,26.711384]]],[[[142.122757,26.711588],[142.122718,26.711478],[142.122706,26.711592],[142.122757,26.711588]]],[[[142.122901,26.711597],[142.122943,26.711639],[142.122954,26.711622],[142.122901,26.711597]]],[[[142.122908,26.71167],[142.12295,26.711661],[142.12291,26.711649],[142.122908,26.71167]]],[[[142.127177,26.711715],[142.127191,26.711769],[142.127211,26.711722],[142.127177,26.711715]]],[[[142.122916,26.712025],[142.122807,26.711999],[142.122765,26.712065],[142.122916,26.712025]]],[[[142.126865,26.712166],[142.12681,26.71212],[142.126811,26.712171],[142.126865,26.712166]]],[[[142.126848,26.712402],[142.126866,26.71245],[142.126879,26.712407],[142.126848,26.712402]]],[[[142.122963,26.71267],[142.123001,26.712694],[142.122995,26.712657],[142.122963,26.71267]]],[[[142.122934,26.712935],[142.122981,26.712924],[142.122957,26.712901],[142.122934,26.712935]]],[[[142.123046,26.713038],[142.12307,26.713038],[142.123035,26.713001],[142.123046,26.713038]]],[[[142.123118,26.71315],[142.123179,26.713177],[142.123143,26.713131],[142.123118,26.71315]]],[[[142.122976,26.713153],[142.122896,26.713211],[142.122964,26.713221],[142.122976,26.713153]]],[[[142.123329,26.713289],[142.123346,26.713315],[142.123365,26.713286],[142.123329,26.713289]]],[[[142.125781,26.714008],[142.125753,26.713923],[142.125709,26.713993],[142.125781,26.714008]]],[[[142.125996,26.714013],[142.125983,26.714075],[142.126005,26.714022],[142.125996,26.714013]]],[[[142.126063,26.714033],[142.126105,26.714074],[142.126108,26.714014],[142.126063,26.714033]]],[[[142.126175,26.714157],[142.126174,26.714044],[142.12611,26.714146],[142.126175,26.714157]]],[[[142.122707,26.714101],[142.122766,26.714126],[142.122784,26.714101],[142.122707,26.714101]]],[[[142.122945,26.715187],[142.122706,26.715466],[142.122973,26.715396],[142.122945,26.715187]]],[[[142.12302,26.715425],[142.123037,26.715402],[142.123005,26.715395],[142.12302,26.715425]]],[[[142.122844,26.716135],[142.122941,26.716267],[142.123007,26.716267],[142.122844,26.716135]]],[[[142.123635,26.717117],[142.123728,26.717202],[142.123764,26.71716],[142.123635,26.717117]]],[[[142.126474,27.681742],[142.12706,27.679341],[142.125813,27.677599],[142.125656,27.678527],[142.123561,27.679185],[142.125243,27.679927],[142.124824,27.680653],[142.125955,27.681156],[142.126474,27.681742]]],[[[142.124172,27.679958],[142.123786,27.679509],[142.123585,27.679805],[142.124172,27.679958]]],[[[142.126071,27.68168],[142.126064,27.681478],[142.125917,27.681516],[142.126071,27.68168]]],[[[142.125842,27.681859],[142.125945,27.682272],[142.126145,27.681941],[142.125842,27.681859]]],[[[142.12461,27.682401],[142.124573,27.682494],[142.124662,27.682485],[142.12461,27.682401]]],[[[142.124919,27.682791],[142.124543,27.682657],[142.12456,27.682832],[142.124919,27.682791]]],[[[142.1259,27.683174],[142.124824,27.683141],[142.125894,27.683572],[142.1259,27.683174]]],[[[142.125535,27.683839],[142.125526,27.683732],[142.125472,27.683756],[142.125535,27.683839]]],[[[142.125462,27.683974],[142.125404,27.683865],[142.125368,27.683941],[142.125462,27.683974]]],[[[142.125634,27.684102],[142.125664,27.684003],[142.125592,27.684046],[142.125634,27.684102]]],[[[142.124669,27.686217],[142.124868,27.686391],[142.124936,27.686221],[142.124669,27.686217]]],[[[142.127769,27.688653],[142.127796,27.688569],[142.127707,27.688597],[142.127769,27.688653]]],[[[142.123483,27.717473],[142.123838,27.717517],[142.123719,27.717332],[142.123483,27.717473]]],[[[142.125081,27.718066],[142.126418,27.717224],[142.126416,27.716848],[142.12493,27.716868],[142.123943,27.717808],[142.125081,27.718066]]],[[[142.123394,27.718182],[142.122846,27.717037],[142.122518,27.71686],[142.122451,27.718424],[142.123394,27.718182]]],[[[142.138466,26.585783],[142.138801,26.586315],[142.138804,26.585892],[142.138466,26.585783]]],[[[142.138617,26.586816],[142.138837,26.586699],[142.138551,26.586645],[142.138617,26.586816]]],[[[142.14022,26.587402],[142.140185,26.587306],[142.140173,26.587407],[142.14022,26.587402]]],[[[142.131838,26.595553],[142.131746,26.595492],[142.131746,26.595546],[142.131838,26.595553]]],[[[142.131756,26.595691],[142.131643,26.595703],[142.131753,26.595736],[142.131756,26.595691]]],[[[142.131486,26.595969],[142.131422,26.595911],[142.131444,26.595974],[142.131486,26.595969]]],[[[142.131309,26.596026],[142.131264,26.5961],[142.13134,26.596076],[142.131309,26.596026]]],[[[142.13254,26.595867],[142.132534,26.596365],[142.13272,26.595834],[142.13254,26.595867]]],[[[142.133316,26.596365],[142.133197,26.596345],[142.133231,26.596409],[142.133316,26.596365]]],[[[142.137383,26.644932],[142.137184,26.644537],[142.137106,26.644878],[142.137383,26.644932]]],[[[142.140314,26.666858],[142.140551,26.666521],[142.140266,26.666659],[142.140314,26.666858]]],[[[142.140253,26.666957],[142.140313,26.666966],[142.140283,26.666932],[142.140253,26.666957]]],[[[142.140405,26.667073],[142.140319,26.667316],[142.140456,26.667336],[142.140405,26.667073]]],[[[142.140302,26.667336],[142.140312,26.66741],[142.140361,26.667405],[142.140302,26.667336]]],[[[142.138818,26.678139],[142.138872,26.678138],[142.138867,26.678077],[142.138818,26.678139]]],[[[142.14038,26.678081],[142.140435,26.678218],[142.140514,26.678215],[142.14038,26.678081]]],[[[142.140306,26.678222],[142.140372,26.678241],[142.140332,26.67815],[142.140306,26.678222]]],[[[142.140351,26.678411],[142.140394,26.678366],[142.140308,26.678373],[142.140351,26.678411]]],[[[142.140367,26.678518],[142.140329,26.678468],[142.140315,26.678507],[142.140367,26.678518]]],[[[142.139631,26.67858],[142.139675,26.678741],[142.139697,26.678593],[142.139631,26.67858]]],[[[142.139469,26.678859],[142.139414,26.679042],[142.139505,26.67898],[142.139469,26.678859]]],[[[142.139165,26.679035],[142.139226,26.679039],[142.139196,26.679006],[142.139165,26.679035]]],[[[142.138202,26.679107],[142.138248,26.679038],[142.138142,26.679032],[142.138202,26.679107]]],[[[142.138848,26.679088],[142.138796,26.679073],[142.138815,26.679108],[142.138848,26.679088]]],[[[142.13828,26.679116],[142.138346,26.679136],[142.138304,26.679092],[142.13828,26.679116]]],[[[142.138888,26.679142],[142.138926,26.679163],[142.138923,26.679131],[142.138888,26.679142]]],[[[142.139019,26.679177],[142.139076,26.679238],[142.139068,26.679156],[142.139019,26.679177]]],[[[142.138262,26.679504],[142.138213,26.679519],[142.138261,26.679546],[142.138262,26.679504]]],[[[142.138333,26.679612],[142.138365,26.679585],[142.138324,26.679583],[142.138333,26.679612]]],[[[142.13891,26.679542],[142.138935,26.679691],[142.139011,26.679586],[142.13891,26.679542]]],[[[142.139142,26.679677],[142.139186,26.679782],[142.139206,26.679773],[142.139142,26.679677]]],[[[142.138193,26.679751],[142.138146,26.679735],[142.138155,26.679766],[142.138193,26.679751]]],[[[142.139057,26.679767],[142.139041,26.679804],[142.139095,26.679806],[142.139057,26.679767]]],[[[142.139124,26.679797],[142.139175,26.679851],[142.139189,26.679826],[142.139124,26.679797]]],[[[142.138237,26.680154],[142.138382,26.679967],[142.13787,26.68],[142.138237,26.680154]]],[[[142.13763,26.680428],[142.137694,26.68045],[142.137651,26.680407],[142.13763,26.680428]]],[[[142.138022,26.680399],[142.138066,26.680485],[142.138103,26.680407],[142.138022,26.680399]]],[[[142.136739,26.680734],[142.136817,26.680912],[142.136927,26.680746],[142.136739,26.680734]]],[[[142.136998,26.680842],[142.13696,26.680988],[142.137066,26.680879],[142.136998,26.680842]]],[[[142.136673,26.68126],[142.136509,26.681209],[142.136479,26.681241],[142.136673,26.68126]]],[[[142.136149,26.681731],[142.135964,26.681807],[142.136008,26.681877],[142.136149,26.681731]]],[[[142.136537,26.682064],[142.136433,26.681689],[142.136369,26.681617],[142.136372,26.681804],[142.136537,26.682064]]],[[[142.136159,26.681903],[142.136226,26.681788],[142.136085,26.681894],[142.136159,26.681903]]],[[[142.136354,26.682342],[142.136409,26.682396],[142.136407,26.682341],[142.136354,26.682342]]],[[[142.136333,26.682465],[142.13626,26.682584],[142.136522,26.682573],[142.136333,26.682465]]],[[[142.136137,26.682909],[142.136158,26.682774],[142.136088,26.682909],[142.136137,26.682909]]],[[[142.136145,26.68351],[142.136209,26.683517],[142.136158,26.683479],[142.136145,26.68351]]],[[[142.135623,26.684227],[142.135213,26.684064],[142.13515,26.684115],[142.135623,26.684227]]],[[[142.136282,26.684215],[142.135998,26.684135],[142.135899,26.68418],[142.136282,26.684215]]],[[[142.135851,26.684785],[142.13561,26.684352],[142.135338,26.684525],[142.135851,26.684785]]],[[[142.135206,26.684602],[142.135094,26.684647],[142.135228,26.684678],[142.135206,26.684602]]],[[[142.133774,26.684711],[142.133719,26.684612],[142.133712,26.684727],[142.133774,26.684711]]],[[[142.133852,26.684698],[142.133912,26.684742],[142.133908,26.684692],[142.133852,26.684698]]],[[[142.134641,26.684686],[142.134688,26.684797],[142.134775,26.684716],[142.134641,26.684686]]],[[[142.134689,26.684813],[142.134635,26.684942],[142.134671,26.684941],[142.134689,26.684813]]],[[[142.134741,26.684804],[142.134773,26.684955],[142.134839,26.684912],[142.134741,26.684804]]],[[[142.133912,26.685068],[142.133948,26.685002],[142.133899,26.685011],[142.133912,26.685068]]],[[[142.134019,26.685018],[142.134064,26.685083],[142.134096,26.684993],[142.134019,26.685018]]],[[[142.135518,26.685069],[142.135556,26.685113],[142.135558,26.685071],[142.135518,26.685069]]],[[[142.135057,26.685379],[142.135157,26.685377],[142.135154,26.685302],[142.135057,26.685379]]],[[[142.135251,26.685442],[142.13527,26.685409],[142.135241,26.685436],[142.135251,26.685442]]],[[[142.134461,26.685458],[142.134525,26.685417],[142.1345,26.685406],[142.134461,26.685458]]],[[[142.135195,26.685505],[142.135227,26.685485],[142.135199,26.685473],[142.135195,26.685505]]],[[[142.134601,26.685464],[142.134641,26.68553],[142.134664,26.685489],[142.134601,26.685464]]],[[[142.135168,26.685552],[142.135201,26.685537],[142.13516,26.685523],[142.135168,26.685552]]],[[[142.134388,26.685593],[142.134338,26.685534],[142.134294,26.685567],[142.134388,26.685593]]],[[[142.134516,26.68557],[142.134521,26.685658],[142.134557,26.685621],[142.134516,26.68557]]],[[[142.132813,26.685715],[142.132853,26.685799],[142.132877,26.685736],[142.132813,26.685715]]],[[[142.132955,26.685798],[142.133015,26.685812],[142.132979,26.685774],[142.132955,26.685798]]],[[[142.131833,26.685886],[142.131743,26.685867],[142.131794,26.685918],[142.131833,26.685886]]],[[[142.132996,26.685904],[142.133041,26.685886],[142.133005,26.685868],[142.132996,26.685904]]],[[[142.132588,26.685912],[142.132679,26.685905],[142.132593,26.685867],[142.132588,26.685912]]],[[[142.131903,26.685926],[142.13198,26.685967],[142.131922,26.685889],[142.131903,26.685926]]],[[[142.133081,26.685943],[142.133122,26.68594],[142.133105,26.68592],[142.133081,26.685943]]],[[[142.134166,26.686048],[142.134046,26.685867],[142.13387,26.685902],[142.134166,26.686048]]],[[[142.132816,26.686002],[142.132866,26.686018],[142.13286,26.685973],[142.132816,26.686002]]],[[[142.133087,26.686109],[142.132974,26.686124],[142.133086,26.686124],[142.133087,26.686109]]],[[[142.133102,26.686144],[142.133124,26.686187],[142.133145,26.686121],[142.133102,26.686144]]],[[[142.134172,26.686334],[142.133797,26.686084],[142.133757,26.686125],[142.134172,26.686334]]],[[[142.133249,26.686287],[142.133214,26.686208],[142.133206,26.686296],[142.133249,26.686287]]],[[[142.133348,26.68626],[142.133372,26.686328],[142.133399,26.68627],[142.133348,26.68626]]],[[[142.133073,26.686331],[142.133198,26.686355],[142.133074,26.6863],[142.133073,26.686331]]],[[[142.1333,26.686618],[142.133334,26.686533],[142.133256,26.686534],[142.1333,26.686618]]],[[[142.133417,26.686632],[142.133543,26.68666],[142.133403,26.686589],[142.133417,26.686632]]],[[[142.13095,26.686903],[142.130978,26.686938],[142.131002,26.686891],[142.13095,26.686903]]],[[[142.130791,26.687153],[142.130743,26.68701],[142.130647,26.687124],[142.130791,26.687153]]],[[[142.131616,26.687089],[142.131768,26.687064],[142.131714,26.686978],[142.131616,26.687089]]],[[[142.130947,26.687138],[142.130996,26.687136],[142.13098,26.687114],[142.130947,26.687138]]],[[[142.131859,26.687079],[142.131763,26.687184],[142.131833,26.687205],[142.131859,26.687079]]],[[[142.131899,26.687253],[142.131855,26.687294],[142.13187,26.687305],[142.131899,26.687253]]],[[[142.131432,26.687315],[142.131548,26.687381],[142.131513,26.687212],[142.131432,26.687315]]],[[[142.131371,26.687343],[142.131332,26.687322],[142.131355,26.687353],[142.131371,26.687343]]],[[[142.131977,26.687303],[142.132024,26.68736],[142.132012,26.687292],[142.131977,26.687303]]],[[[142.131597,26.687299],[142.131657,26.687442],[142.131715,26.68731],[142.131597,26.687299]]],[[[142.131782,26.687347],[142.13185,26.687452],[142.131881,26.687384],[142.131782,26.687347]]],[[[142.132154,26.687361],[142.13219,26.68744],[142.132199,26.687352],[142.132154,26.687361]]],[[[142.132372,26.687567],[142.132359,26.687688],[142.132425,26.687655],[142.132372,26.687567]]],[[[142.132032,26.687652],[142.131808,26.687765],[142.131876,26.687814],[142.132032,26.687652]]],[[[142.132223,26.687644],[142.132112,26.687675],[142.132123,26.687722],[142.132223,26.687644]]],[[[142.131503,26.688019],[142.131553,26.687948],[142.131511,26.687926],[142.131503,26.688019]]],[[[142.131649,26.687993],[142.131712,26.688061],[142.131698,26.687978],[142.131649,26.687993]]],[[[142.131959,26.688146],[142.132006,26.688136],[142.131976,26.688113],[142.131959,26.688146]]],[[[142.13192,26.688285],[142.131963,26.688292],[142.131962,26.688264],[142.13192,26.688285]]],[[[142.131694,26.688356],[142.131644,26.688322],[142.131662,26.688378],[142.131694,26.688356]]],[[[142.131777,26.688364],[142.131827,26.688349],[142.131777,26.688341],[142.131777,26.688364]]],[[[142.129977,26.688439],[142.129624,26.688464],[142.129609,26.688625],[142.129977,26.688439]]],[[[142.131762,26.688536],[142.131804,26.688529],[142.131768,26.688516],[142.131762,26.688536]]],[[[142.130848,26.688555],[142.130816,26.688526],[142.130816,26.688564],[142.130848,26.688555]]],[[[142.130907,26.688575],[142.130956,26.68856],[142.130934,26.688543],[142.130907,26.688575]]],[[[142.130728,26.68861],[142.130545,26.688631],[142.130686,26.688716],[142.130728,26.68861]]],[[[142.130847,26.68864],[142.130892,26.688651],[142.130875,26.68861],[142.130847,26.68864]]],[[[142.131258,26.68863],[142.131227,26.688478],[142.130928,26.688835],[142.131258,26.68863]]],[[[142.129818,26.688818],[142.129782,26.688709],[142.129772,26.688804],[142.129818,26.688818]]],[[[142.129999,26.688778],[142.129904,26.688793],[142.129967,26.688822],[142.129999,26.688778]]],[[[142.129836,26.688885],[142.129896,26.688858],[142.129834,26.68886],[142.129836,26.688885]]],[[[142.130358,26.688961],[142.130039,26.688936],[142.13004,26.689055],[142.130358,26.688961]]],[[[142.13006,26.689586],[142.130527,26.68902],[142.129965,26.689632],[142.13006,26.689586]]],[[[142.130534,26.689356],[142.130433,26.689384],[142.130424,26.689424],[142.130534,26.689356]]],[[[142.130398,26.690436],[142.130356,26.690564],[142.130456,26.690468],[142.130398,26.690436]]],[[[142.130423,26.690607],[142.13042,26.690675],[142.130453,26.690619],[142.130423,26.690607]]],[[[142.130572,26.690669],[142.130446,26.690682],[142.130468,26.690718],[142.130572,26.690669]]],[[[142.12983,26.690736],[142.129795,26.690699],[142.129807,26.690741],[142.12983,26.690736]]],[[[142.129886,26.690823],[142.129872,26.690777],[142.129853,26.69081],[142.129886,26.690823]]],[[[142.130384,26.690967],[142.130347,26.690927],[142.130335,26.690966],[142.130384,26.690967]]],[[[142.12997,26.690945],[142.130027,26.690945],[142.130015,26.690923],[142.12997,26.690945]]],[[[142.129801,26.690986],[142.129862,26.690955],[142.129841,26.690933],[142.129801,26.690986]]],[[[142.129872,26.691057],[142.129949,26.691037],[142.129931,26.691009],[142.129872,26.691057]]],[[[142.130176,26.691103],[142.1302,26.691122],[142.130226,26.691084],[142.130176,26.691103]]],[[[142.129787,26.691468],[142.129802,26.691513],[142.129824,26.691447],[142.129787,26.691468]]],[[[142.129895,26.691851],[142.12997,26.691895],[142.129917,26.691826],[142.129895,26.691851]]],[[[142.130015,26.691979],[142.130078,26.691958],[142.130035,26.691942],[142.130015,26.691979]]],[[[142.130217,26.692001],[142.130116,26.692017],[142.130249,26.692101],[142.130217,26.692001]]],[[[142.12987,26.692325],[142.129901,26.692186],[142.129825,26.692316],[142.12987,26.692325]]],[[[142.130005,26.692509],[142.129964,26.692491],[142.129993,26.692525],[142.130005,26.692509]]],[[[142.129862,26.692766],[142.129898,26.692645],[142.129824,26.692746],[142.129862,26.692766]]],[[[142.129903,26.69283],[142.130014,26.692893],[142.130048,26.692834],[142.129903,26.69283]]],[[[142.130039,26.693409],[142.13007,26.693281],[142.130006,26.693353],[142.130039,26.693409]]],[[[142.134569,26.699517],[142.134599,26.699445],[142.134551,26.699484],[142.134569,26.699517]]],[[[142.134829,26.699538],[142.134867,26.69952],[142.134848,26.699501],[142.134829,26.699538]]],[[[142.13444,26.699634],[142.134411,26.699658],[142.13444,26.699652],[142.13444,26.699634]]],[[[142.138843,26.69975],[142.138763,26.699732],[142.13876,26.699764],[142.138843,26.69975]]],[[[142.13885,26.699762],[142.138913,26.699785],[142.138878,26.699742],[142.13885,26.699762]]],[[[142.139088,26.699841],[142.139058,26.699775],[142.139025,26.699823],[142.139088,26.699841]]],[[[142.138859,26.699874],[142.138898,26.699867],[142.138874,26.69985],[142.138859,26.699874]]],[[[142.137104,26.699912],[142.137122,26.699955],[142.137149,26.699914],[142.137104,26.699912]]],[[[142.137191,26.700066],[142.13721,26.700039],[142.137184,26.700039],[142.137191,26.700066]]],[[[142.134019,26.70007],[142.134067,26.700054],[142.134019,26.700047],[142.134019,26.70007]]],[[[142.136663,26.700098],[142.136713,26.700099],[142.136703,26.700075],[142.136663,26.700098]]],[[[142.136756,26.700146],[142.136796,26.700128],[142.13676,26.700119],[142.136756,26.700146]]],[[[142.137481,26.700144],[142.137435,26.700182],[142.137465,26.700192],[142.137481,26.700144]]],[[[142.13751,26.700175],[142.137526,26.700157],[142.137493,26.700145],[142.13751,26.700175]]],[[[142.137344,26.700341],[142.137355,26.70014],[142.1372,26.700208],[142.137344,26.700341]]],[[[142.13753,26.700284],[142.137553,26.700265],[142.137525,26.700248],[142.13753,26.700284]]],[[[142.137475,26.700326],[142.137513,26.700299],[142.137481,26.700287],[142.137475,26.700326]]],[[[142.136163,26.70039],[142.136246,26.70037],[142.136243,26.700338],[142.136163,26.70039]]],[[[142.137197,26.700485],[142.137087,26.700364],[142.13707,26.700463],[142.137197,26.700485]]],[[[142.136373,26.700564],[142.136403,26.700565],[142.13639,26.700542],[142.136373,26.700564]]],[[[142.137066,26.700564],[142.137066,26.700689],[142.137165,26.700677],[142.137066,26.700564]]],[[[142.13626,26.700699],[142.136135,26.700676],[142.136214,26.700738],[142.13626,26.700699]]],[[[142.136308,26.700784],[142.136264,26.700742],[142.136307,26.700825],[142.136308,26.700784]]],[[[142.139473,26.700801],[142.139502,26.70078],[142.139471,26.700774],[142.139473,26.700801]]],[[[142.137449,26.700981],[142.137396,26.700934],[142.137387,26.700967],[142.137449,26.700981]]],[[[142.134031,26.701007],[142.134084,26.701008],[142.134047,26.700963],[142.134031,26.701007]]],[[[142.137996,26.701295],[142.137836,26.701025],[142.137614,26.701081],[142.137996,26.701295]]],[[[142.133967,26.701185],[142.133901,26.701206],[142.133961,26.70124],[142.133967,26.701185]]],[[[142.133973,26.701249],[142.134055,26.701252],[142.134018,26.701182],[142.133973,26.701249]]],[[[142.134059,26.701324],[142.134118,26.701412],[142.134128,26.70127],[142.134059,26.701324]]],[[[142.133908,26.701744],[142.134031,26.701691],[142.133937,26.701627],[142.133908,26.701744]]],[[[142.133721,26.702177],[142.133767,26.702099],[142.133694,26.702105],[142.133721,26.702177]]],[[[142.133769,26.702281],[142.133857,26.702264],[142.133765,26.702217],[142.133769,26.702281]]],[[[142.13343,26.702353],[142.133468,26.702354],[142.133439,26.702334],[142.13343,26.702353]]],[[[142.13357,26.702397],[142.133683,26.702381],[142.133597,26.702332],[142.13357,26.702397]]],[[[142.133714,26.702582],[142.13342,26.702685],[142.133682,26.702772],[142.133714,26.702582]]],[[[142.133845,26.702841],[142.133979,26.702694],[142.133787,26.702355],[142.133845,26.702841]]],[[[142.133378,26.702715],[142.133418,26.702748],[142.133384,26.70271],[142.133378,26.702715]]],[[[142.133481,26.702803],[142.133522,26.702801],[142.133464,26.702769],[142.133481,26.702803]]],[[[142.13202,26.702853],[142.132076,26.702833],[142.132021,26.702823],[142.13202,26.702853]]],[[[142.132018,26.703187],[142.132078,26.703169],[142.132029,26.703156],[142.132018,26.703187]]],[[[142.132238,26.703509],[142.132389,26.703556],[142.132249,26.703465],[142.132238,26.703509]]],[[[142.132195,26.703598],[142.132282,26.70362],[142.132192,26.703563],[142.132195,26.703598]]],[[[142.132406,26.7036],[142.132441,26.703607],[142.132421,26.703585],[142.132406,26.7036]]],[[[142.132507,26.703723],[142.132392,26.703751],[142.132504,26.703809],[142.132507,26.703723]]],[[[142.131066,26.703937],[142.131077,26.703966],[142.131111,26.703953],[142.131066,26.703937]]],[[[142.131559,26.70401],[142.131507,26.704013],[142.131557,26.70403],[142.131559,26.70401]]],[[[142.131604,26.704227],[142.131613,26.70429],[142.13168,26.70425],[142.131604,26.704227]]],[[[142.131184,26.704614],[142.13123,26.704621],[142.131199,26.704596],[142.131184,26.704614]]],[[[142.131056,26.704619],[142.131109,26.70467],[142.131105,26.704617],[142.131056,26.704619]]],[[[142.131202,26.704958],[142.131258,26.704969],[142.131261,26.704955],[142.131202,26.704958]]],[[[142.130952,26.704978],[142.131015,26.704975],[142.130952,26.704972],[142.130952,26.704978]]],[[[142.131076,26.70496],[142.131137,26.705023],[142.13116,26.704996],[142.131076,26.70496]]],[[[142.131226,26.705174],[142.131167,26.705279],[142.131219,26.705317],[142.131226,26.705174]]],[[[142.13089,26.7053],[142.130941,26.705406],[142.130967,26.705323],[142.13089,26.7053]]],[[[142.131318,26.705713],[142.131215,26.705647],[142.131331,26.705801],[142.131318,26.705713]]],[[[142.131731,26.706217],[142.131693,26.706256],[142.131747,26.706256],[142.131731,26.706217]]],[[[142.131649,26.706205],[142.131593,26.706281],[142.131663,26.706301],[142.131649,26.706205]]],[[[142.13136,26.706495],[142.131425,26.706555],[142.131471,26.706547],[142.13136,26.706495]]],[[[142.131123,26.706739],[142.131161,26.70676],[142.131166,26.706736],[142.131123,26.706739]]],[[[142.138821,26.707099],[142.138772,26.70715],[142.13881,26.707157],[142.138821,26.707099]]],[[[142.129965,26.707406],[142.130028,26.707406],[142.129987,26.707385],[142.129965,26.707406]]],[[[142.130024,26.707469],[142.130032,26.70754],[142.130062,26.70747],[142.130024,26.707469]]],[[[142.129978,26.707778],[142.130024,26.707813],[142.130022,26.707773],[142.129978,26.707778]]],[[[142.130499,26.707999],[142.130548,26.708084],[142.130566,26.707994],[142.130499,26.707999]]],[[[142.140516,26.708029],[142.14048,26.708063],[142.140505,26.708066],[142.140516,26.708029]]],[[[142.137074,27.671438],[142.137186,27.670906],[142.13669,27.671162],[142.137074,27.671438]]],[[[142.136546,27.671233],[142.136453,27.671233],[142.136467,27.671281],[142.136546,27.671233]]],[[[142.137655,27.671776],[142.137528,27.671267],[142.137257,27.671525],[142.137655,27.671776]]],[[[142.139349,27.671666],[142.139131,27.671856],[142.139427,27.671809],[142.139349,27.671666]]],[[[142.138134,27.672115],[142.138241,27.672765],[142.138697,27.672546],[142.138134,27.672115]]],[[[142.130759,27.678024],[142.130655,27.677681],[142.130528,27.678026],[142.130759,27.678024]]],[[[142.132792,27.678297],[142.132809,27.678203],[142.132746,27.67827],[142.132792,27.678297]]],[[[142.1303,27.678594],[142.130252,27.678654],[142.130294,27.678671],[142.1303,27.678594]]],[[[142.130423,27.67897],[142.130317,27.679025],[142.130401,27.679035],[142.130423,27.67897]]],[[[142.135005,27.678997],[142.134968,27.679415],[142.135161,27.67934],[142.135005,27.678997]]],[[[142.131899,27.688632],[142.132994,27.688885],[142.132205,27.68769],[142.13282,27.685487],[142.136246,27.687363],[142.136626,27.686563],[142.137413,27.686979],[142.138196,27.686557],[142.138719,27.685634],[142.140345,27.686676],[142.14011,27.688588],[142.142483,27.688851],[142.142375,27.687321],[142.143194,27.686366],[142.144764,27.686236],[142.145222,27.685305],[142.146468,27.685079],[142.148127,27.683623],[142.148344,27.6825],[142.147565,27.682001],[142.148641,27.680835],[142.1479,27.679531],[142.148587,27.677176],[142.148274,27.674461],[142.14882,27.673423],[142.146702,27.67107],[142.145616,27.670588],[142.143588,27.671648],[142.140916,27.671502],[142.141611,27.672656],[142.140806,27.672992],[142.139663,27.672075],[142.138608,27.672691],[142.139549,27.673441],[142.137815,27.674404],[142.13901,27.674687],[142.138504,27.675112],[142.139536,27.676129],[142.138072,27.676852],[142.139106,27.677888],[142.138952,27.678778],[142.137484,27.679224],[142.137281,27.68006],[142.135423,27.680086],[142.134987,27.681549],[142.132992,27.680986],[142.133101,27.6789],[142.131654,27.679724],[142.131106,27.678379],[142.129359,27.680078],[142.129031,27.681562],[142.127159,27.681795],[142.126471,27.684026],[142.125619,27.684274],[142.124862,27.683436],[142.123939,27.683487],[142.123592,27.684453],[142.123964,27.685337],[142.125056,27.685533],[142.125281,27.687062],[142.127762,27.687589],[142.128161,27.688185],[142.129469,27.687842],[142.129718,27.68867],[142.130933,27.689246],[142.131899,27.688632]]],[[[142.134875,27.686927],[142.13508,27.686918],[142.13487,27.686849],[142.134875,27.686927]]],[[[142.136486,27.68787],[142.136277,27.687788],[142.136307,27.687915],[142.136486,27.68787]]],[[[142.136576,27.68822],[142.136496,27.688149],[142.136476,27.688226],[142.136576,27.68822]]],[[[142.13779,27.688251],[142.137423,27.688228],[142.137672,27.688419],[142.13779,27.688251]]],[[[142.130361,27.690914],[142.129633,27.690989],[142.130193,27.691322],[142.130361,27.690914]]],[[[142.146085,26.574666],[142.146017,26.574698],[142.146049,26.574743],[142.146085,26.574666]]],[[[142.146011,26.576461],[142.145894,26.576443],[142.145994,26.576487],[142.146011,26.576461]]],[[[142.146137,26.576565],[142.146071,26.576608],[142.146157,26.576648],[142.146137,26.576565]]],[[[142.146199,26.576846],[142.146125,26.576814],[142.14616,26.576869],[142.146199,26.576846]]],[[[142.146457,26.577797],[142.146101,26.57754],[142.14591,26.577746],[142.146457,26.577797]]],[[[142.145666,26.582746],[142.145588,26.58262],[142.145589,26.582724],[142.145666,26.582746]]],[[[142.146612,26.582968],[142.146291,26.582819],[142.146164,26.583061],[142.146612,26.582968]]],[[[142.146513,26.583257],[142.146449,26.583174],[142.146423,26.583234],[142.146513,26.583257]]],[[[142.142822,26.586741],[142.143013,26.586606],[142.142844,26.586609],[142.142822,26.586741]]],[[[142.142757,26.586968],[142.142646,26.586868],[142.142616,26.58693],[142.142757,26.586968]]],[[[142.14257,26.587242],[142.142535,26.587178],[142.142513,26.587204],[142.14257,26.587242]]],[[[142.142201,26.587426],[142.142129,26.587415],[142.142176,26.587456],[142.142201,26.587426]]],[[[142.142396,26.587531],[142.142346,26.587324],[142.142304,26.58751],[142.142396,26.587531]]],[[[142.143632,26.587556],[142.143772,26.587435],[142.143624,26.587455],[142.143632,26.587556]]],[[[142.143798,26.58776],[142.143998,26.587695],[142.14379,26.587694],[142.143798,26.58776]]],[[[142.144921,26.647292],[142.144833,26.647229],[142.144853,26.647302],[142.144921,26.647292]]],[[[142.145021,26.647418],[142.14492,26.647331],[142.144841,26.647407],[142.145021,26.647418]]],[[[142.144832,26.647634],[142.144382,26.647827],[142.144931,26.647752],[142.144832,26.647634]]],[[[142.143647,26.6482],[142.14375,26.647659],[142.142685,26.648323],[142.143647,26.6482]]],[[[142.142328,26.648232],[142.142473,26.64843],[142.142567,26.648204],[142.142328,26.648232]]],[[[142.144661,26.648742],[142.144646,26.648925],[142.145019,26.648574],[142.144661,26.648742]]],[[[142.146446,26.651742],[142.146507,26.651653],[142.146431,26.651649],[142.146446,26.651742]]],[[[142.146565,26.651748],[142.146606,26.651843],[142.146632,26.651777],[142.146565,26.651748]]],[[[142.146254,26.652905],[142.146246,26.652968],[142.146291,26.652931],[142.146254,26.652905]]],[[[142.145698,26.653606],[142.146161,26.652831],[142.146172,26.652474],[142.14444,26.653247],[142.145698,26.653606]]],[[[142.146105,26.653031],[142.146125,26.653072],[142.146134,26.653039],[142.146105,26.653031]]],[[[142.146219,26.653039],[142.146172,26.653093],[142.146234,26.653078],[142.146219,26.653039]]],[[[142.146195,26.653227],[142.146161,26.653132],[142.146131,26.653236],[142.146195,26.653227]]],[[[142.142492,26.655277],[142.142389,26.655206],[142.142355,26.65526],[142.142492,26.655277]]],[[[142.144574,26.655734],[142.144704,26.655847],[142.144684,26.655622],[142.144574,26.655734]]],[[[142.144729,26.655839],[142.144904,26.655818],[142.144915,26.655779],[142.144729,26.655839]]],[[[142.146381,26.656538],[142.146419,26.656554],[142.146434,26.656535],[142.146381,26.656538]]],[[[142.144309,26.657754],[142.144351,26.657741],[142.144302,26.657732],[142.144309,26.657754]]],[[[142.143966,26.657841],[142.144029,26.657835],[142.144045,26.6578],[142.143966,26.657841]]],[[[142.14404,26.657994],[142.14365,26.657946],[142.143585,26.658066],[142.14404,26.657994]]],[[[142.144766,26.658037],[142.144691,26.657971],[142.144731,26.658046],[142.144766,26.658037]]],[[[142.143523,26.658081],[142.143509,26.658137],[142.143572,26.658111],[142.143523,26.658081]]],[[[142.14486,26.658097],[142.144906,26.658122],[142.144915,26.658101],[142.14486,26.658097]]],[[[142.145413,26.658633],[142.145397,26.658516],[142.145354,26.658507],[142.145413,26.658633]]],[[[142.145611,26.658627],[142.145638,26.658681],[142.145649,26.658646],[142.145611,26.658627]]],[[[142.146562,26.66135],[142.146573,26.661098],[142.146315,26.661241],[142.146562,26.66135]]],[[[142.142485,26.664934],[142.142285,26.664455],[142.142008,26.664473],[142.141946,26.664884],[142.142485,26.664934]]],[[[142.143468,26.66485],[142.143492,26.664745],[142.143414,26.664784],[142.143468,26.66485]]],[[[142.143335,26.664793],[142.143315,26.664864],[142.143397,26.664826],[142.143335,26.664793]]],[[[142.142806,26.664835],[142.142945,26.664871],[142.142873,26.664731],[142.142806,26.664835]]],[[[142.141813,26.66479],[142.141474,26.664671],[142.14152,26.665054],[142.141813,26.66479]]],[[[142.141769,26.664899],[142.1418,26.664925],[142.141813,26.664899],[142.141769,26.664899]]],[[[142.141586,26.665651],[142.141559,26.665555],[142.141508,26.665586],[142.141586,26.665651]]],[[[142.143074,26.665687],[142.142735,26.665645],[142.143069,26.665744],[142.143074,26.665687]]],[[[142.141621,26.665673],[142.141675,26.665734],[142.141691,26.665676],[142.141621,26.665673]]],[[[142.141673,26.665921],[142.141721,26.665956],[142.141722,26.665914],[142.141673,26.665921]]],[[[142.142111,26.665987],[142.142168,26.665988],[142.142133,26.665964],[142.142111,26.665987]]],[[[142.142769,26.665998],[142.142735,26.665967],[142.142729,26.666005],[142.142769,26.665998]]],[[[142.141531,26.665983],[142.141589,26.666028],[142.14164,26.666008],[142.141531,26.665983]]],[[[142.143006,26.666068],[142.142957,26.666051],[142.14298,26.666084],[142.143006,26.666068]]],[[[142.141929,26.666062],[142.141752,26.666022],[142.141767,26.666286],[142.141929,26.666062]]],[[[142.143078,26.666171],[142.143044,26.666118],[142.143032,26.666178],[142.143078,26.666171]]],[[[142.141547,26.666264],[142.141517,26.666068],[142.14145,26.666239],[142.141547,26.666264]]],[[[142.141543,26.666952],[142.141432,26.666666],[142.141441,26.667039],[142.141543,26.666952]]],[[[142.141123,26.666761],[142.141144,26.666664],[142.141104,26.666673],[142.141123,26.666761]]],[[[142.14095,26.666583],[142.140724,26.666599],[142.140762,26.666922],[142.14095,26.666583]]],[[[142.145916,26.666875],[142.146023,26.666757],[142.145816,26.666683],[142.145916,26.666875]]],[[[142.141176,26.666779],[142.1412,26.666822],[142.141224,26.666758],[142.141176,26.666779]]],[[[142.141729,26.667271],[142.141817,26.667275],[142.141737,26.66725],[142.141729,26.667271]]],[[[142.140556,26.667316],[142.14058,26.667418],[142.140644,26.667376],[142.140556,26.667316]]],[[[142.141759,26.667411],[142.141795,26.667446],[142.1418,26.667409],[142.141759,26.667411]]],[[[142.143002,26.669028],[142.142926,26.669032],[142.142944,26.669059],[142.143002,26.669028]]],[[[142.143226,26.669162],[142.143238,26.669117],[142.143213,26.669137],[142.143226,26.669162]]],[[[142.143086,26.669177],[142.143143,26.669185],[142.143126,26.669155],[142.143086,26.669177]]],[[[142.14166,26.66997],[142.141703,26.670038],[142.141718,26.67002],[142.14166,26.66997]]],[[[142.141923,26.670144],[142.141944,26.670114],[142.141902,26.67012],[142.141923,26.670144]]],[[[142.144124,26.670134],[142.143344,26.669937],[142.143083,26.670211],[142.14367,26.670422],[142.144124,26.670134]]],[[[142.141334,26.670449],[142.141451,26.670499],[142.141396,26.67043],[142.141334,26.670449]]],[[[142.144089,26.670532],[142.144051,26.670499],[142.144047,26.670541],[142.144089,26.670532]]],[[[142.144124,26.670604],[142.144081,26.670563],[142.144097,26.67061],[142.144124,26.670604]]],[[[142.144092,26.670621],[142.144134,26.67063],[142.144137,26.670617],[142.144092,26.670621]]],[[[142.144162,26.670916],[142.144121,26.670904],[142.144129,26.670934],[142.144162,26.670916]]],[[[142.140843,26.670893],[142.140911,26.670867],[142.140887,26.670862],[142.140843,26.670893]]],[[[142.140937,26.670931],[142.140995,26.670973],[142.140986,26.670915],[142.140937,26.670931]]],[[[142.144193,26.671027],[142.144239,26.671017],[142.144206,26.670999],[142.144193,26.671027]]],[[[142.140901,26.671048],[142.140956,26.671031],[142.140909,26.671022],[142.140901,26.671048]]],[[[142.143999,26.671019],[142.143964,26.67107],[142.143996,26.671074],[142.143999,26.671019]]],[[[142.144088,26.67113],[142.144033,26.671111],[142.144046,26.671139],[142.144088,26.67113]]],[[[142.144191,26.671166],[142.144116,26.671198],[142.144139,26.671221],[142.144191,26.671166]]],[[[142.143709,26.671277],[142.143598,26.671155],[142.143503,26.671261],[142.143709,26.671277]]],[[[142.143875,26.671337],[142.143879,26.671277],[142.143852,26.671331],[142.143875,26.671337]]],[[[142.143288,26.671286],[142.143345,26.671331],[142.143364,26.671312],[142.143288,26.671286]]],[[[142.142864,26.671351],[142.142823,26.671335],[142.142837,26.671361],[142.142864,26.671351]]],[[[142.143779,26.671319],[142.143581,26.671322],[142.143849,26.671398],[142.143779,26.671319]]],[[[142.142719,26.671388],[142.142786,26.671365],[142.142773,26.671331],[142.142719,26.671388]]],[[[142.142305,26.671463],[142.142317,26.671357],[142.14225,26.671381],[142.142305,26.671463]]],[[[142.143914,26.671416],[142.143983,26.671456],[142.143939,26.671394],[142.143914,26.671416]]],[[[142.142856,26.671421],[142.142823,26.671509],[142.142891,26.671431],[142.142856,26.671421]]],[[[142.142347,26.67149],[142.142398,26.67153],[142.142386,26.671461],[142.142347,26.67149]]],[[[142.143575,26.671499],[142.143554,26.671537],[142.143575,26.671531],[142.143575,26.671499]]],[[[142.142885,26.671543],[142.142848,26.671503],[142.142836,26.671539],[142.142885,26.671543]]],[[[142.142691,26.671604],[142.142687,26.671548],[142.14265,26.6716],[142.142691,26.671604]]],[[[142.142751,26.671588],[142.142782,26.671569],[142.142769,26.671555],[142.142751,26.671588]]],[[[142.14324,26.671767],[142.143197,26.671723],[142.143198,26.671772],[142.14324,26.671767]]],[[[142.143241,26.6718],[142.143286,26.671825],[142.143282,26.671768],[142.143241,26.6718]]],[[[142.143313,26.671852],[142.143384,26.671822],[142.143354,26.671772],[142.143313,26.671852]]],[[[142.143012,26.671857],[142.142959,26.67185],[142.142986,26.671875],[142.143012,26.671857]]],[[[142.14356,26.671871],[142.143521,26.671838],[142.14352,26.671875],[142.14356,26.671871]]],[[[142.143425,26.671906],[142.143462,26.671889],[142.143438,26.671875],[142.143425,26.671906]]],[[[142.14321,26.671924],[142.143165,26.671915],[142.143197,26.671947],[142.14321,26.671924]]],[[[142.143546,26.671947],[142.143605,26.671956],[142.143565,26.671896],[142.143546,26.671947]]],[[[142.143052,26.671971],[142.143072,26.671959],[142.143051,26.671935],[142.143052,26.671971]]],[[[142.143544,26.672026],[142.143585,26.672019],[142.143567,26.672002],[142.143544,26.672026]]],[[[142.143068,26.672034],[142.143162,26.671996],[142.143094,26.671963],[142.143068,26.672034]]],[[[142.143599,26.672064],[142.143638,26.672081],[142.143606,26.672037],[142.143599,26.672064]]],[[[142.143201,26.672119],[142.143182,26.672149],[142.143217,26.672157],[142.143201,26.672119]]],[[[142.143419,26.672277],[142.143349,26.672252],[142.143363,26.672299],[142.143419,26.672277]]],[[[142.143497,26.672285],[142.143537,26.672283],[142.143508,26.672263],[142.143497,26.672285]]],[[[142.143457,26.672368],[142.143401,26.672394],[142.143436,26.672415],[142.143457,26.672368]]],[[[142.143466,26.6724],[142.143552,26.672397],[142.143472,26.672363],[142.143466,26.6724]]],[[[142.142973,26.672454],[142.143014,26.67245],[142.142978,26.672433],[142.142973,26.672454]]],[[[142.14337,26.672627],[142.143326,26.672531],[142.143313,26.672625],[142.14337,26.672627]]],[[[142.143437,26.672541],[142.143505,26.672662],[142.143458,26.672526],[142.143437,26.672541]]],[[[142.143999,26.673145],[142.144031,26.673128],[142.144002,26.673115],[142.143999,26.673145]]],[[[142.144284,26.673424],[142.144351,26.673418],[142.144303,26.673381],[142.144284,26.673424]]],[[[142.142219,26.673765],[142.142345,26.673395],[142.142098,26.67352],[142.142219,26.673765]]],[[[142.144669,26.673989],[142.144678,26.673941],[142.144663,26.67393],[142.144669,26.673989]]],[[[142.143177,26.674097],[142.143268,26.674021],[142.143207,26.673962],[142.143177,26.674097]]],[[[142.14414,26.674078],[142.144166,26.674059],[142.144145,26.674052],[142.14414,26.674078]]],[[[142.142945,26.674081],[142.142983,26.67407],[142.142961,26.674053],[142.142945,26.674081]]],[[[142.14469,26.674091],[142.144713,26.67408],[142.144699,26.674065],[142.14469,26.674091]]],[[[142.143279,26.67412],[142.143308,26.674162],[142.143352,26.674093],[142.143279,26.67412]]],[[[142.144178,26.674171],[142.144178,26.674148],[142.14417,26.674155],[142.144178,26.674171]]],[[[142.144892,26.674366],[142.144915,26.67435],[142.144893,26.674315],[142.144892,26.674366]]],[[[142.142326,26.67478],[142.142374,26.674697],[142.142301,26.674723],[142.142326,26.67478]]],[[[142.144522,26.675139],[142.144562,26.67516],[142.144567,26.675134],[142.144522,26.675139]]],[[[142.144048,26.675226],[142.144125,26.675155],[142.144068,26.675132],[142.144048,26.675226]]],[[[142.144446,26.675237],[142.144471,26.675277],[142.144482,26.675231],[142.144446,26.675237]]],[[[142.144085,26.675297],[142.144124,26.675328],[142.144137,26.675284],[142.144085,26.675297]]],[[[142.144592,26.675536],[142.144645,26.675572],[142.144623,26.675533],[142.144592,26.675536]]],[[[142.143882,26.675712],[142.143953,26.675737],[142.143866,26.675652],[142.143882,26.675712]]],[[[142.144164,26.675611],[142.144363,26.675902],[142.144408,26.675907],[142.144164,26.675611]]],[[[142.144022,26.675829],[142.144059,26.675821],[142.144045,26.675806],[142.144022,26.675829]]],[[[142.144651,26.675833],[142.144555,26.675852],[142.144647,26.675872],[142.144651,26.675833]]],[[[142.144471,26.675951],[142.144504,26.675949],[142.144484,26.675936],[142.144471,26.675951]]],[[[142.144141,26.675978],[142.144179,26.675982],[142.144165,26.675962],[142.144141,26.675978]]],[[[142.144688,26.675979],[142.144642,26.676042],[142.144685,26.676052],[142.144688,26.675979]]],[[[142.144347,26.676048],[142.144246,26.676009],[142.144316,26.676085],[142.144347,26.676048]]],[[[142.144753,26.676032],[142.144783,26.676095],[142.144809,26.676083],[142.144753,26.676032]]],[[[142.144365,26.676094],[142.144403,26.676098],[142.144368,26.676064],[142.144365,26.676094]]],[[[142.144634,26.676359],[142.144683,26.676363],[142.144658,26.676329],[142.144634,26.676359]]],[[[142.142894,26.676474],[142.142796,26.676792],[142.142866,26.67683],[142.142894,26.676474]]],[[[142.141992,26.676965],[142.142121,26.676625],[142.141621,26.676902],[142.141992,26.676965]]],[[[142.143999,26.676856],[142.144046,26.67685],[142.144007,26.676829],[142.143999,26.676856]]],[[[142.14409,26.676844],[142.144121,26.676878],[142.144126,26.67684],[142.14409,26.676844]]],[[[142.142337,26.676878],[142.142332,26.676987],[142.142377,26.67689],[142.142337,26.676878]]],[[[142.142405,26.676923],[142.142469,26.677104],[142.142497,26.6769],[142.142405,26.676923]]],[[[142.142627,26.677133],[142.142697,26.677043],[142.142663,26.677029],[142.142627,26.677133]]],[[[142.142475,26.677167],[142.142529,26.677093],[142.14251,26.677082],[142.142475,26.677167]]],[[[142.142117,26.677543],[142.142141,26.677543],[142.142123,26.677538],[142.142117,26.677543]]],[[[142.141808,26.67781],[142.141727,26.677738],[142.141736,26.677813],[142.141808,26.67781]]],[[[142.141941,26.677862],[142.141888,26.677824],[142.141866,26.677858],[142.141941,26.677862]]],[[[142.141186,26.677941],[142.141215,26.677843],[142.141138,26.677863],[142.141186,26.677941]]],[[[142.141281,26.678],[142.141321,26.677962],[142.141288,26.677889],[142.141281,26.678]]],[[[142.140677,26.678153],[142.140712,26.678064],[142.140677,26.678066],[142.140677,26.678153]]],[[[142.141455,26.67816],[142.141426,26.678155],[142.14143,26.678163],[142.141455,26.67816]]],[[[142.140864,26.678207],[142.140785,26.678173],[142.140806,26.678221],[142.140864,26.678207]]],[[[142.14096,26.67819],[142.141062,26.678217],[142.141004,26.67814],[142.14096,26.67819]]],[[[142.141141,26.678236],[142.141151,26.678178],[142.141109,26.678228],[142.141141,26.678236]]],[[[142.140535,26.678418],[142.140564,26.678372],[142.140551,26.678363],[142.140535,26.678418]]],[[[142.140597,26.678557],[142.140668,26.678562],[142.140667,26.678502],[142.140597,26.678557]]],[[[142.146628,26.685636],[142.146654,26.685614],[142.146637,26.685606],[142.146628,26.685636]]],[[[142.145787,26.691281],[142.145777,26.691214],[142.145756,26.691281],[142.145787,26.691281]]],[[[142.145871,26.691632],[142.145929,26.691678],[142.145909,26.691582],[142.145871,26.691632]]],[[[142.141199,26.699116],[142.141224,26.699101],[142.141202,26.699097],[142.141199,26.699116]]],[[[142.141333,26.702025],[142.141467,26.702205],[142.141544,26.702159],[142.141333,26.702025]]],[[[142.141189,26.702227],[142.141201,26.702297],[142.141224,26.702294],[142.141189,26.702227]]],[[[142.141938,26.70233],[142.141995,26.702371],[142.141996,26.702303],[142.141938,26.70233]]],[[[142.14129,26.702366],[142.141332,26.702416],[142.141379,26.702368],[142.14129,26.702366]]],[[[142.141779,26.702373],[142.141817,26.702457],[142.141839,26.702356],[142.141779,26.702373]]],[[[142.141757,26.702505],[142.141787,26.702605],[142.141828,26.702494],[142.141757,26.702505]]],[[[142.141883,26.702856],[142.141961,26.702853],[142.14194,26.702804],[142.141883,26.702856]]],[[[142.141618,26.703791],[142.141541,26.703815],[142.141617,26.703827],[142.141618,26.703791]]],[[[142.141145,26.704561],[142.141175,26.704477],[142.141107,26.704549],[142.141145,26.704561]]],[[[142.141106,26.704664],[142.141042,26.704581],[142.141015,26.704655],[142.141106,26.704664]]],[[[142.140919,26.705216],[142.140875,26.70521],[142.140893,26.705238],[142.140919,26.705216]]],[[[142.140706,26.7063],[142.140714,26.706231],[142.14066,26.706286],[142.140706,26.7063]]],[[[142.145907,26.706964],[142.14574,26.706513],[142.145618,26.706814],[142.145907,26.706964]]],[[[142.140691,26.707436],[142.140627,26.707394],[142.140643,26.707447],[142.140691,26.707436]]],[[[142.140747,26.707534],[142.140778,26.707426],[142.140701,26.707483],[142.140747,26.707534]]],[[[142.140681,26.707628],[142.140637,26.707661],[142.140671,26.707668],[142.140681,26.707628]]],[[[142.143523,26.707809],[142.143506,26.707648],[142.143292,26.707823],[142.143523,26.707809]]],[[[142.142903,26.708253],[142.142925,26.70829],[142.142949,26.708249],[142.142903,26.708253]]],[[[142.142812,26.708304],[142.142848,26.708351],[142.142867,26.708327],[142.142812,26.708304]]],[[[142.142574,26.708337],[142.142573,26.708442],[142.142606,26.708324],[142.142574,26.708337]]],[[[142.142712,26.708448],[142.142645,26.708408],[142.142632,26.708452],[142.142712,26.708448]]],[[[142.140694,26.708456],[142.140688,26.708397],[142.140621,26.708413],[142.140694,26.708456]]],[[[142.142572,26.708553],[142.14264,26.708585],[142.142679,26.708548],[142.142572,26.708553]]],[[[142.141911,26.709098],[142.141869,26.709],[142.141851,26.709117],[142.141911,26.709098]]],[[[142.142397,26.709217],[142.142166,26.709202],[142.142252,26.709305],[142.142397,26.709217]]],[[[142.141966,26.709246],[142.142056,26.709257],[142.142017,26.709187],[142.141966,26.709246]]],[[[142.141966,26.709147],[142.141788,26.70927],[142.141768,26.709316],[142.141888,26.709335],[142.141966,26.709147]]],[[[142.142122,26.709361],[142.142117,26.709452],[142.14219,26.709364],[142.142122,26.709361]]],[[[142.141796,26.709526],[142.141934,26.709462],[142.141847,26.709408],[142.141796,26.709526]]],[[[142.141759,26.709776],[142.142237,26.709607],[142.142021,26.709437],[142.141759,26.709776]]],[[[142.141656,26.709769],[142.141586,26.709733],[142.141627,26.709798],[142.141656,26.709769]]],[[[142.142309,26.709865],[142.142325,26.709793],[142.142289,26.709813],[142.142309,26.709865]]],[[[142.141676,26.710154],[142.141671,26.71006],[142.141629,26.710071],[142.141676,26.710154]]],[[[142.144569,27.670729],[142.144494,27.670692],[142.144467,27.670732],[142.144569,27.670729]]],[[[142.141837,27.671042],[142.141609,27.670987],[142.141627,27.671088],[142.141837,27.671042]]],[[[142.141283,27.671163],[142.14124,27.671097],[142.141215,27.671155],[142.141283,27.671163]]],[[[142.140846,27.671188],[142.141048,27.671139],[142.140841,27.671108],[142.140846,27.671188]]],[[[142.141117,27.672419],[142.141035,27.67246],[142.141103,27.672464],[142.141117,27.672419]]],[[[142.141019,27.672513],[142.14097,27.672559],[142.141039,27.67256],[142.141019,27.672513]]],[[[142.140911,27.672549],[142.140869,27.672601],[142.140919,27.672606],[142.140911,27.672549]]],[[[142.140721,27.672587],[142.140661,27.672609],[142.140695,27.672637],[142.140721,27.672587]]],[[[142.141456,27.672617],[142.141385,27.672599],[142.141405,27.67265],[142.141456,27.672617]]],[[[142.141342,27.672621],[142.141273,27.67265],[142.141331,27.672669],[142.141342,27.672621]]],[[[142.141186,27.672663],[142.141131,27.672704],[142.141191,27.672689],[142.141186,27.672663]]],[[[142.141115,27.672776],[142.141033,27.672752],[142.141041,27.672786],[142.141115,27.672776]]],[[[142.140933,27.672842],[142.140873,27.672785],[142.140856,27.672807],[142.140933,27.672842]]],[[[142.145172,27.686932],[142.145136,27.686785],[142.145077,27.68691],[142.145172,27.686932]]],[[[142.143685,27.687871],[142.143824,27.688324],[142.144015,27.688111],[142.143685,27.687871]]],[[[142.144111,27.688048],[142.144338,27.688294],[142.144316,27.688079],[142.144111,27.688048]]],[[[142.152184,26.539848],[142.151683,26.540299],[142.152269,26.540894],[142.152184,26.539848]]],[[[142.151457,26.540589],[142.151949,26.540849],[142.151381,26.540259],[142.151457,26.540589]]],[[[142.151985,26.543679],[142.151764,26.543498],[142.151755,26.543783],[142.151985,26.543679]]],[[[142.151212,26.545454],[142.151347,26.545544],[142.151275,26.545409],[142.151212,26.545454]]],[[[142.151403,26.545673],[142.151427,26.545781],[142.151479,26.545749],[142.151403,26.545673]]],[[[142.149872,26.546189],[142.149894,26.546102],[142.14986,26.546106],[142.149872,26.546189]]],[[[142.148902,26.54622],[142.148812,26.546179],[142.148878,26.546254],[142.148902,26.54622]]],[[[142.149103,26.546334],[142.149023,26.54633],[142.149072,26.546391],[142.149103,26.546334]]],[[[142.152683,26.546454],[142.1526,26.546373],[142.152614,26.546469],[142.152683,26.546454]]],[[[142.149517,26.546216],[142.14923,26.546631],[142.149523,26.546856],[142.149517,26.546216]]],[[[142.150017,26.546705],[142.149963,26.546609],[142.149964,26.546716],[142.150017,26.546705]]],[[[142.151091,26.546579],[142.150354,26.546324],[142.15012,26.547395],[142.150756,26.547406],[142.151091,26.546579]]],[[[142.149643,26.547077],[142.149659,26.546952],[142.149614,26.54694],[142.149643,26.547077]]],[[[142.148918,26.546458],[142.14913,26.547572],[142.149631,26.547785],[142.148918,26.546458]]],[[[142.149913,26.547424],[142.149988,26.547343],[142.149954,26.547336],[142.149913,26.547424]]],[[[142.150075,26.547591],[142.150268,26.548017],[142.150495,26.54773],[142.150075,26.547591]]],[[[142.152551,26.556246],[142.15253,26.556184],[142.152506,26.55622],[142.152551,26.556246]]],[[[142.15225,26.556818],[142.152194,26.556711],[142.152191,26.556818],[142.15225,26.556818]]],[[[142.151314,26.558554],[142.151881,26.558736],[142.151395,26.55843],[142.151314,26.558554]]],[[[142.151014,26.559484],[142.151285,26.559334],[142.151121,26.55923],[142.151014,26.559484]]],[[[142.152737,26.560363],[142.152364,26.560608],[142.152531,26.56095],[142.152737,26.560363]]],[[[142.147,26.575435],[142.147076,26.575347],[142.146967,26.575365],[142.147,26.575435]]],[[[142.14974,26.580856],[142.149661,26.580806],[142.149706,26.580901],[142.14974,26.580856]]],[[[142.146676,26.580934],[142.146606,26.580854],[142.146646,26.580962],[142.146676,26.580934]]],[[[142.14715,26.580942],[142.147067,26.580857],[142.147071,26.580995],[142.14715,26.580942]]],[[[142.147438,26.581121],[142.147315,26.581074],[142.147427,26.581132],[142.147438,26.581121]]],[[[142.147082,26.581334],[142.147005,26.581456],[142.147086,26.581474],[142.147082,26.581334]]],[[[142.152038,26.581539],[142.151954,26.581461],[142.15193,26.581511],[142.152038,26.581539]]],[[[142.146729,26.581745],[142.146877,26.582189],[142.147054,26.581725],[142.146729,26.581745]]],[[[142.147146,26.582255],[142.147067,26.582315],[142.147136,26.582315],[142.147146,26.582255]]],[[[142.151979,26.582809],[142.15191,26.582886],[142.151991,26.58289],[142.151979,26.582809]]],[[[142.148055,26.584483],[142.148293,26.584735],[142.148404,26.584561],[142.148055,26.584483]]],[[[142.147338,26.585518],[142.147254,26.585515],[142.147284,26.585573],[142.147338,26.585518]]],[[[142.14747,26.585599],[142.147396,26.585554],[142.147441,26.585619],[142.14747,26.585599]]],[[[142.152386,26.586736],[142.152524,26.586549],[142.15242,26.586536],[142.152386,26.586736]]],[[[142.151968,26.586991],[142.152512,26.587324],[142.152195,26.58677],[142.151968,26.586991]]],[[[142.150838,26.636101],[142.150761,26.635955],[142.150774,26.636113],[142.150838,26.636101]]],[[[142.152413,26.637372],[142.15239,26.637251],[142.15236,26.637374],[142.152413,26.637372]]],[[[142.150866,26.6374],[142.151032,26.637432],[142.150977,26.637337],[142.150866,26.6374]]],[[[142.152382,26.637506],[142.152448,26.637525],[142.152448,26.6375],[142.152382,26.637506]]],[[[142.150966,26.63749],[142.150998,26.637597],[142.151021,26.637486],[142.150966,26.63749]]],[[[142.152634,26.637487],[142.15251,26.637797],[142.152565,26.637839],[142.152634,26.637487]]],[[[142.152731,26.637819],[142.152765,26.637783],[142.152731,26.637781],[142.152731,26.637819]]],[[[142.152745,26.637974],[142.152822,26.637965],[142.152743,26.637958],[142.152745,26.637974]]],[[[142.151293,26.637936],[142.151288,26.63805],[142.151385,26.637985],[142.151293,26.637936]]],[[[142.150819,26.63979],[142.150851,26.63969],[142.150775,26.639719],[142.150819,26.63979]]],[[[142.152124,26.639896],[142.152044,26.63997],[142.152178,26.639986],[142.152124,26.639896]]],[[[142.152662,26.641164],[142.152599,26.641124],[142.152602,26.641193],[142.152662,26.641164]]],[[[142.152676,26.641322],[142.152717,26.641274],[142.152688,26.641259],[142.152676,26.641322]]],[[[142.152858,26.641628],[142.152819,26.641571],[142.152824,26.641631],[142.152858,26.641628]]],[[[142.152839,26.642676],[142.15289,26.642703],[142.152892,26.642672],[142.152839,26.642676]]],[[[142.152563,26.642854],[142.1526,26.642838],[142.152591,26.642831],[142.152563,26.642854]]],[[[142.152282,26.642983],[142.152354,26.642989],[142.152285,26.642958],[142.152282,26.642983]]],[[[142.152322,26.643062],[142.152378,26.643059],[142.152347,26.643038],[142.152322,26.643062]]],[[[142.152253,26.643239],[142.152294,26.643223],[142.152264,26.643209],[142.152253,26.643239]]],[[[142.152215,26.643365],[142.152269,26.643378],[142.152222,26.643334],[142.152215,26.643365]]],[[[142.152142,26.64341],[142.152192,26.643463],[142.152173,26.643397],[142.152142,26.64341]]],[[[142.152017,26.643711],[142.152125,26.643464],[142.151958,26.643637],[142.152017,26.643711]]],[[[142.150877,26.647244],[142.150559,26.647296],[142.150806,26.64745],[142.150877,26.647244]]],[[[142.152184,26.647517],[142.152173,26.647569],[142.152205,26.647521],[142.152184,26.647517]]],[[[142.150749,26.647617],[142.15069,26.647534],[142.150694,26.64764],[142.150749,26.647617]]],[[[142.150773,26.647737],[142.150877,26.647676],[142.150851,26.647654],[142.150773,26.647737]]],[[[142.150965,26.647759],[142.150961,26.647709],[142.150939,26.647747],[142.150965,26.647759]]],[[[142.14958,26.647764],[142.14961,26.647702],[142.149558,26.647742],[142.14958,26.647764]]],[[[142.150701,26.647727],[142.150665,26.647737],[142.150675,26.647762],[142.150701,26.647727]]],[[[142.150522,26.647764],[142.150493,26.647716],[142.150461,26.647729],[142.150522,26.647764]]],[[[142.150592,26.647769],[142.150635,26.647843],[142.15066,26.647818],[142.150592,26.647769]]],[[[142.149691,26.64783],[142.149744,26.647825],[142.149692,26.647809],[142.149691,26.64783]]],[[[142.150424,26.647832],[142.150413,26.647864],[142.150433,26.647859],[142.150424,26.647832]]],[[[142.150666,26.647869],[142.150636,26.647883],[142.150665,26.647884],[142.150666,26.647869]]],[[[142.150422,26.647904],[142.150386,26.647916],[142.150409,26.647925],[142.150422,26.647904]]],[[[142.149029,26.648111],[142.149154,26.648146],[142.14904,26.648084],[142.149029,26.648111]]],[[[142.149815,26.648179],[142.14985,26.648152],[142.149837,26.648141],[142.149815,26.648179]]],[[[142.149979,26.648251],[142.150033,26.648183],[142.149918,26.648188],[142.149979,26.648251]]],[[[142.148956,26.648851],[142.148942,26.648764],[142.1489,26.648794],[142.148956,26.648851]]],[[[142.149211,26.648924],[142.149246,26.648962],[142.149257,26.648924],[142.149211,26.648924]]],[[[142.1483,26.648853],[142.148336,26.649123],[142.14842,26.648863],[142.1483,26.648853]]],[[[142.149136,26.649167],[142.149204,26.649173],[142.149138,26.649111],[142.149136,26.649167]]],[[[142.148024,26.649366],[142.147635,26.649717],[142.147339,26.650174],[142.148024,26.649366]]],[[[142.148143,26.649874],[142.148208,26.649927],[142.14822,26.64987],[142.148143,26.649874]]],[[[142.147298,26.650211],[142.147232,26.650168],[142.147219,26.650214],[142.147298,26.650211]]],[[[142.148651,26.650974],[142.148722,26.65097],[142.148665,26.650931],[142.148651,26.650974]]],[[[142.148519,26.651521],[142.148566,26.651481],[142.148532,26.651472],[142.148519,26.651521]]],[[[142.148397,26.651603],[142.148338,26.651567],[142.148339,26.651605],[142.148397,26.651603]]],[[[142.148484,26.651598],[142.148523,26.651589],[142.148479,26.651571],[142.148484,26.651598]]],[[[142.146719,26.651814],[142.146782,26.651699],[142.146646,26.651732],[142.146719,26.651814]]],[[[142.146774,26.651875],[142.146755,26.651846],[142.146745,26.651874],[142.146774,26.651875]]],[[[142.148734,26.654027],[142.148765,26.654117],[142.148797,26.654057],[142.148734,26.654027]]],[[[142.148535,26.654268],[142.148498,26.654256],[142.148523,26.654278],[142.148535,26.654268]]],[[[142.147071,26.65599],[142.147108,26.655982],[142.147081,26.655968],[142.147071,26.65599]]],[[[142.146662,26.656509],[142.146694,26.656533],[142.146707,26.656497],[142.146662,26.656509]]],[[[142.147496,26.66045],[142.147541,26.660455],[142.147512,26.660429],[142.147496,26.66045]]],[[[142.14795,26.661468],[142.147966,26.661503],[142.147991,26.661444],[142.14795,26.661468]]],[[[142.147287,26.661553],[142.147335,26.661548],[142.147322,26.661535],[142.147287,26.661553]]],[[[142.147435,26.661522],[142.147592,26.661634],[142.147601,26.661542],[142.147435,26.661522]]],[[[142.147798,26.662459],[142.147742,26.66239],[142.147721,26.662422],[142.147798,26.662459]]],[[[142.149045,26.662696],[142.149161,26.662746],[142.149167,26.662689],[142.149045,26.662696]]],[[[142.149158,26.662773],[142.149213,26.662842],[142.149256,26.6628],[142.149158,26.662773]]],[[[142.149038,26.662933],[142.14906,26.662857],[142.148994,26.662895],[142.149038,26.662933]]],[[[142.149122,26.662939],[142.14916,26.662972],[142.149176,26.66291],[142.149122,26.662939]]],[[[142.148997,26.663082],[142.148951,26.663059],[142.148973,26.663088],[142.148997,26.663082]]],[[[142.149003,26.663147],[142.149054,26.663134],[142.148997,26.663115],[142.149003,26.663147]]],[[[142.149018,26.663251],[142.149008,26.663186],[142.148973,26.663243],[142.149018,26.663251]]],[[[142.149068,26.663319],[142.149109,26.663344],[142.149116,26.663313],[142.149068,26.663319]]],[[[142.149165,26.663418],[142.149209,26.663387],[142.14916,26.663366],[142.149165,26.663418]]],[[[142.149477,26.663728],[142.149523,26.663783],[142.149516,26.663716],[142.149477,26.663728]]],[[[142.149395,26.663979],[142.149488,26.664016],[142.149496,26.663955],[142.149395,26.663979]]],[[[142.151054,26.683695],[142.151055,26.683665],[142.151041,26.68369],[142.151054,26.683695]]],[[[142.151951,26.683769],[142.151994,26.683746],[142.151947,26.683739],[142.151951,26.683769]]],[[[142.150825,26.68382],[142.150786,26.683763],[142.15078,26.683804],[142.150825,26.68382]]],[[[142.150802,26.683867],[142.150817,26.683847],[142.1508,26.683849],[142.150802,26.683867]]],[[[142.152785,26.683987],[142.152792,26.683963],[142.152778,26.683981],[142.152785,26.683987]]],[[[142.150572,26.683963],[142.15063,26.684014],[142.150626,26.683945],[142.150572,26.683963]]],[[[142.148521,26.684485],[142.148559,26.684484],[142.148538,26.684467],[142.148521,26.684485]]],[[[142.149912,26.684473],[142.150074,26.684549],[142.149933,26.68443],[142.149912,26.684473]]],[[[142.147625,26.684972],[142.147663,26.684965],[142.147642,26.684948],[142.147625,26.684972]]],[[[142.147368,26.685018],[142.147412,26.684998],[142.147407,26.684986],[142.147368,26.685018]]],[[[142.14705,26.685209],[142.147095,26.685208],[142.147067,26.685187],[142.14705,26.685209]]],[[[142.148764,26.685244],[142.148809,26.685234],[142.148771,26.685223],[142.148764,26.685244]]],[[[142.148867,26.685265],[142.148925,26.685253],[142.148856,26.685242],[142.148867,26.685265]]],[[[142.146653,26.685569],[142.146641,26.685541],[142.14664,26.685569],[142.146653,26.685569]]],[[[142.146834,26.686203],[142.146875,26.686185],[142.146843,26.68617],[142.146834,26.686203]]],[[[142.146644,26.686222],[142.146671,26.686194],[142.146643,26.686195],[142.146644,26.686222]]],[[[142.146748,26.686305],[142.146782,26.686283],[142.146748,26.68628],[142.146748,26.686305]]],[[[142.146756,26.686392],[142.146787,26.686379],[142.146751,26.686369],[142.146756,26.686392]]],[[[142.147079,26.686984],[142.147083,26.686955],[142.147065,26.686961],[142.147079,26.686984]]],[[[142.147121,26.687025],[142.147182,26.687001],[142.147121,26.686993],[142.147121,26.687025]]],[[[142.147396,26.687224],[142.147413,26.68737],[142.147434,26.687236],[142.147396,26.687224]]],[[[142.147573,26.687448],[142.147489,26.687315],[142.147454,26.687413],[142.147573,26.687448]]],[[[142.147065,26.687483],[142.147095,26.687472],[142.147071,26.687452],[142.147065,26.687483]]],[[[142.146831,26.687822],[142.146866,26.687811],[142.146841,26.687796],[142.146831,26.687822]]],[[[142.146732,26.688249],[142.146775,26.688295],[142.146808,26.68825],[142.146732,26.688249]]],[[[142.147178,26.688757],[142.147219,26.68875],[142.147208,26.688732],[142.147178,26.688757]]],[[[142.14701,26.688916],[142.147032,26.688905],[142.147021,26.688898],[142.14701,26.688916]]],[[[142.146946,26.688961],[142.146956,26.688933],[142.146935,26.688947],[142.146946,26.688961]]],[[[142.147478,26.689046],[142.147005,26.689088],[142.147317,26.689233],[142.147478,26.689046]]],[[[142.146881,26.689152],[142.146917,26.689135],[142.146914,26.689123],[142.146881,26.689152]]],[[[142.147189,26.689764],[142.147137,26.689735],[142.147057,26.689765],[142.147189,26.689764]]],[[[142.147003,26.689821],[142.146891,26.689785],[142.146874,26.68981],[142.147003,26.689821]]],[[[142.147392,26.689787],[142.147435,26.689889],[142.147425,26.689763],[142.147392,26.689787]]],[[[142.14732,26.689837],[142.14717,26.689863],[142.147276,26.689941],[142.14732,26.689837]]],[[[142.146759,26.689975],[142.146787,26.689959],[142.146762,26.689955],[142.146759,26.689975]]],[[[142.146861,26.689981],[142.146909,26.689986],[142.146908,26.689962],[142.146861,26.689981]]],[[[142.147195,26.689999],[142.147151,26.689974],[142.147153,26.690009],[142.147195,26.689999]]],[[[142.147556,26.690023],[142.147479,26.689975],[142.147512,26.690045],[142.147556,26.690023]]],[[[142.146909,26.690016],[142.146947,26.690009],[142.146923,26.689992],[142.146909,26.690016]]],[[[142.147104,26.689981],[142.14697,26.689985],[142.147091,26.690079],[142.147104,26.689981]]],[[[142.147241,26.690084],[142.147276,26.690118],[142.147295,26.690092],[142.147241,26.690084]]],[[[142.14682,26.690113],[142.146887,26.690159],[142.146902,26.690128],[142.14682,26.690113]]],[[[142.147555,26.690132],[142.147598,26.69019],[142.147608,26.690147],[142.147555,26.690132]]],[[[142.147242,26.690334],[142.147224,26.690272],[142.147201,26.69032],[142.147242,26.690334]]],[[[142.147291,26.691967],[142.147252,26.691914],[142.147269,26.691976],[142.147291,26.691967]]],[[[142.147003,26.69198],[142.147166,26.692057],[142.147181,26.691911],[142.147003,26.69198]]],[[[142.150562,26.693897],[142.150634,26.693994],[142.150656,26.693932],[142.150562,26.693897]]],[[[142.150189,26.694017],[142.150232,26.693969],[142.150172,26.693986],[142.150189,26.694017]]],[[[142.150241,26.694053],[142.150271,26.694134],[142.150316,26.694052],[142.150241,26.694053]]],[[[142.150897,26.694089],[142.150973,26.694124],[142.150916,26.694073],[142.150897,26.694089]]],[[[142.149337,26.6942],[142.149298,26.694133],[142.149304,26.694209],[142.149337,26.6942]]],[[[142.149621,26.694232],[142.149579,26.694204],[142.149596,26.694233],[142.149621,26.694232]]],[[[142.149372,26.694225],[142.149385,26.694326],[142.149438,26.694283],[142.149372,26.694225]]],[[[142.149633,26.694314],[142.149706,26.694325],[142.149664,26.694292],[142.149633,26.694314]]],[[[142.151306,26.695031],[142.151389,26.695117],[142.151336,26.695017],[142.151306,26.695031]]],[[[142.151456,26.69609],[142.151526,26.696121],[142.151484,26.696024],[142.151456,26.69609]]],[[[142.151471,26.696236],[142.151396,26.696188],[142.151405,26.696284],[142.151471,26.696236]]],[[[142.152079,26.696253],[142.152007,26.696198],[142.152007,26.696274],[142.152079,26.696253]]],[[[142.15156,26.696186],[142.151547,26.69639],[142.151584,26.696411],[142.15156,26.696186]]],[[[142.150984,26.696371],[142.151026,26.696471],[142.15104,26.696457],[142.150984,26.696371]]],[[[142.151847,26.696429],[142.151878,26.696462],[142.151911,26.696427],[142.151847,26.696429]]],[[[142.151125,26.696726],[142.151078,26.696733],[142.151106,26.696767],[142.151125,26.696726]]],[[[142.151666,26.696909],[142.151642,26.696829],[142.151613,26.696906],[142.151666,26.696909]]],[[[142.151117,26.696851],[142.151205,26.696935],[142.15115,26.696831],[142.151117,26.696851]]],[[[142.151795,26.69701],[142.151741,26.697021],[142.151774,26.697042],[142.151795,26.69701]]],[[[142.152833,26.697123],[142.152752,26.697155],[142.152809,26.697187],[142.152833,26.697123]]],[[[142.152847,26.697233],[142.152896,26.697285],[142.15294,26.697243],[142.152847,26.697233]]],[[[142.15251,26.697505],[142.152557,26.697438],[142.152459,26.697497],[142.15251,26.697505]]],[[[142.152574,26.697579],[142.152588,26.697632],[142.152595,26.697636],[142.152612,26.697589],[142.152574,26.697579]]],[[[142.152285,26.706355],[142.152271,26.706309],[142.152232,26.706344],[142.152285,26.706355]]],[[[142.152183,26.706507],[142.152203,26.706482],[142.152185,26.706478],[142.152183,26.706507]]],[[[142.152748,26.706652],[142.152777,26.706629],[142.152747,26.706618],[142.152748,26.706652]]],[[[142.152747,26.706675],[142.152771,26.706711],[142.152777,26.706676],[142.152747,26.706675]]],[[[142.151415,26.706782],[142.151326,26.706793],[142.151418,26.706796],[142.151415,26.706782]]],[[[142.150184,26.706959],[142.15022,26.706838],[142.150094,26.706891],[142.150184,26.706959]]],[[[142.150199,26.70699],[142.150261,26.707049],[142.150265,26.707],[142.150199,26.70699]]],[[[142.150381,26.707071],[142.15034,26.707007],[142.150329,26.707052],[142.150381,26.707071]]],[[[142.15258,26.707303],[142.15254,26.707113],[142.152409,26.707181],[142.15258,26.707303]]],[[[142.152248,26.707269],[142.152261,26.707193],[142.152213,26.707236],[142.152248,26.707269]]],[[[142.152275,26.707384],[142.152216,26.707312],[142.152205,26.707398],[142.152275,26.707384]]],[[[142.15257,26.707547],[142.152589,26.707528],[142.152559,26.707538],[142.15257,26.707547]]],[[[142.152561,26.707596],[142.152591,26.70761],[142.152583,26.707568],[142.152561,26.707596]]],[[[142.151848,26.707704],[142.151953,26.707636],[142.152047,26.707541],[142.151848,26.707704]]],[[[142.148256,26.707707],[142.148189,26.707719],[142.148243,26.707754],[142.148256,26.707707]]],[[[142.147667,26.70778],[142.147601,26.707701],[142.147584,26.707759],[142.147667,26.70778]]],[[[142.152446,26.707759],[142.152399,26.707873],[142.152515,26.707743],[142.152446,26.707759]]],[[[142.152438,26.707871],[142.152474,26.707932],[142.152495,26.707897],[142.152438,26.707871]]],[[[142.152461,26.708116],[142.152496,26.708201],[142.152506,26.708095],[142.152461,26.708116]]],[[[142.152577,26.708589],[142.152391,26.708294],[142.152256,26.708554],[142.152577,26.708589]]],[[[142.149734,26.708697],[142.149702,26.708679],[142.149706,26.708725],[142.149734,26.708697]]],[[[142.150265,26.708966],[142.150058,26.708602],[142.149844,26.708736],[142.150265,26.708966]]],[[[142.14964,26.708829],[142.149668,26.708777],[142.149631,26.708777],[142.14964,26.708829]]],[[[142.14999,26.709039],[142.150024,26.709116],[142.150073,26.709098],[142.14999,26.709039]]],[[[142.14988,26.709236],[142.149932,26.709349],[142.149918,26.709214],[142.14988,26.709236]]],[[[142.148584,26.709324],[142.148599,26.709279],[142.148573,26.709284],[142.148584,26.709324]]],[[[142.149687,26.709622],[142.149755,26.709674],[142.149787,26.709607],[142.149687,26.709622]]],[[[142.150112,27.670287],[142.150114,27.670197],[142.15007,27.670229],[142.150112,27.670287]]],[[[142.149723,27.670237],[142.149665,27.670265],[142.149703,27.670286],[142.149723,27.670237]]],[[[142.148957,27.671604],[142.149195,27.671779],[142.149152,27.671523],[142.148957,27.671604]]],[[[142.150103,27.673238],[142.149736,27.673691],[142.150254,27.673508],[142.150103,27.673238]]],[[[142.150159,27.674044],[142.150091,27.673949],[142.150064,27.673982],[142.150159,27.674044]]],[[[142.149937,27.674095],[142.149941,27.674008],[142.149886,27.674068],[142.149937,27.674095]]],[[[142.150312,27.674392],[142.150112,27.674123],[142.150024,27.674328],[142.150312,27.674392]]],[[[142.148547,27.674611],[142.148444,27.674619],[142.1485,27.674675],[142.148547,27.674611]]],[[[142.148946,27.675014],[142.149213,27.675026],[142.149004,27.674854],[142.148946,27.675014]]],[[[142.148704,27.676594],[142.148624,27.67658],[142.148668,27.676614],[142.148704,27.676594]]],[[[142.148711,27.677051],[142.148611,27.677048],[142.148631,27.677087],[142.148711,27.677051]]],[[[142.149022,27.679341],[142.148401,27.679098],[142.148177,27.679411],[142.148633,27.679619],[142.149022,27.679341]]],[[[142.151757,27.683927],[142.15157,27.683591],[142.151448,27.683737],[142.151757,27.683927]]],[[[142.151415,27.683981],[142.150947,27.684133],[142.151351,27.684166],[142.151415,27.683981]]],[[[142.147827,27.684512],[142.147547,27.684234],[142.147554,27.684501],[142.147827,27.684512]]],[[[142.148538,27.684914],[142.148704,27.685095],[142.14879,27.684955],[142.148538,27.684914]]],[[[142.154534,26.539887],[142.154559,26.541216],[142.155246,26.541927],[142.155839,26.540471],[142.155487,26.53978],[142.154534,26.539887]]],[[[142.154647,26.542299],[142.154729,26.542052],[142.154549,26.541955],[142.154647,26.542299]]],[[[142.155121,26.542474],[142.155221,26.542144],[142.155069,26.542158],[142.155121,26.542474]]],[[[142.153521,26.542745],[142.153608,26.542703],[142.153587,26.542669],[142.153521,26.542745]]],[[[142.157009,26.543067],[142.156849,26.542776],[142.156705,26.542884],[142.157009,26.543067]]],[[[142.153828,26.543464],[142.15374,26.543586],[142.153762,26.543606],[142.153828,26.543464]]],[[[142.160306,26.546283],[142.160268,26.546126],[142.160241,26.546274],[142.160306,26.546283]]],[[[142.159809,26.546887],[142.159701,26.546805],[142.159686,26.546839],[142.159809,26.546887]]],[[[142.161045,26.552908],[142.160981,26.552861],[142.160973,26.552949],[142.161045,26.552908]]],[[[142.161074,26.553855],[142.161036,26.553778],[142.161024,26.553861],[142.161074,26.553855]]],[[[142.154575,26.564984],[142.156065,26.562376],[142.160693,26.561384],[142.161349,26.559525],[142.160521,26.558156],[142.15953,26.557839],[142.158961,26.554921],[142.159075,26.554376],[142.160215,26.554703],[142.160574,26.554222],[142.159935,26.553403],[142.161152,26.551587],[142.160411,26.551354],[142.161061,26.550407],[142.160983,26.548298],[142.16002,26.547109],[142.157853,26.546874],[142.158088,26.544255],[142.156786,26.543171],[142.156419,26.54386],[142.156291,26.543338],[142.155193,26.544094],[142.154496,26.543693],[142.154201,26.544997],[142.15326,26.545504],[142.153383,26.546714],[142.151327,26.546586],[142.150831,26.54792],[142.152123,26.548536],[142.152639,26.547339],[142.152723,26.548289],[142.153316,26.547757],[142.153371,26.548949],[142.154365,26.549333],[142.154637,26.548899],[142.155176,26.550274],[142.154782,26.551686],[142.154007,26.551439],[142.15333,26.554061],[142.154006,26.554519],[142.155077,26.554091],[142.155121,26.554901],[142.154491,26.555021],[142.15473,26.555702],[142.153257,26.555649],[142.153391,26.556713],[142.152385,26.557061],[142.153032,26.558305],[142.152093,26.558698],[142.153624,26.559733],[142.152857,26.560291],[142.152758,26.562048],[142.151559,26.562255],[142.152846,26.564252],[142.154575,26.564984]]],[[[142.154823,26.554403],[142.154753,26.554368],[142.154769,26.554432],[142.154823,26.554403]]],[[[142.154629,26.554532],[142.154577,26.554481],[142.154574,26.554556],[142.154629,26.554532]]],[[[142.160482,26.554672],[142.160417,26.554601],[142.160404,26.554654],[142.160482,26.554672]]],[[[142.161234,26.557919],[142.161105,26.558242],[142.161321,26.558176],[142.161234,26.557919]]],[[[142.162685,26.559403],[142.162203,26.55961],[142.162652,26.559765],[142.162685,26.559403]]],[[[142.160428,26.562943],[142.160337,26.562941],[142.160403,26.562992],[142.160428,26.562943]]],[[[142.160093,26.563248],[142.160005,26.563194],[142.160019,26.563256],[142.160093,26.563248]]],[[[142.160331,26.563654],[142.16038,26.563568],[142.160312,26.563597],[142.160331,26.563654]]],[[[142.161955,26.563599],[142.161831,26.56365],[142.161912,26.563675],[142.161955,26.563599]]],[[[142.161531,26.564492],[142.161538,26.563679],[142.161824,26.563083],[142.161496,26.562969],[142.161531,26.564492]]],[[[142.162196,26.56404],[142.162325,26.563864],[142.162188,26.563844],[142.162196,26.56404]]],[[[142.15998,26.563403],[142.159289,26.564119],[142.160407,26.564834],[142.15998,26.563403]]],[[[142.162341,26.564398],[142.162645,26.564607],[142.162667,26.564332],[142.162341,26.564398]]],[[[142.158863,26.565601],[142.158588,26.566129],[142.158961,26.566377],[142.158863,26.565601]]],[[[142.161259,26.582243],[142.161739,26.582586],[142.161584,26.581957],[142.161259,26.582243]]],[[[142.161181,26.582729],[142.161426,26.582537],[142.161014,26.582496],[142.161181,26.582729]]],[[[142.159173,26.582632],[142.158098,26.58229],[142.157851,26.582753],[142.158515,26.583153],[142.159173,26.582632]]],[[[142.161699,26.58283],[142.161565,26.583061],[142.161838,26.582912],[142.161699,26.58283]]],[[[142.153248,26.583381],[142.153124,26.583317],[142.153207,26.583407],[142.153248,26.583381]]],[[[142.156059,26.583923],[142.156003,26.583848],[142.155965,26.583879],[142.156059,26.583923]]],[[[142.161979,26.588107],[142.162156,26.585604],[142.160322,26.586413],[142.159638,26.585583],[142.160288,26.584431],[142.159074,26.584389],[142.158526,26.583388],[142.154495,26.584367],[142.152527,26.5836],[142.1517,26.582941],[142.151268,26.581929],[142.150137,26.581865],[142.149209,26.582644],[142.147609,26.582009],[142.147124,26.582382],[142.148713,26.583943],[142.149442,26.585968],[142.151339,26.585222],[142.154645,26.587759],[142.155976,26.587167],[142.157032,26.588014],[142.159224,26.587491],[142.161319,26.588487],[142.161979,26.588107]]],[[[142.161759,26.585308],[142.161673,26.585366],[142.161745,26.585393],[142.161759,26.585308]]],[[[142.161621,26.585599],[142.161555,26.585647],[142.161609,26.585672],[142.161621,26.585599]]],[[[142.162932,26.589308],[142.162851,26.589296],[142.162891,26.589357],[142.162932,26.589308]]],[[[142.163139,26.589486],[142.163049,26.589484],[142.16306,26.589537],[142.163139,26.589486]]],[[[142.16249,26.589884],[142.162861,26.589798],[142.16265,26.589689],[142.16249,26.589884]]],[[[142.162432,26.590348],[142.162702,26.590124],[142.162402,26.590032],[142.162432,26.590348]]],[[[142.163118,26.592932],[142.163033,26.592972],[142.163075,26.593014],[142.163118,26.592932]]],[[[142.162883,26.629876],[142.162929,26.629815],[142.162887,26.629801],[142.162883,26.629876]]],[[[142.156218,26.629923],[142.156229,26.630017],[142.156277,26.629934],[142.156218,26.629923]]],[[[142.156619,26.63008],[142.156644,26.630136],[142.156661,26.630087],[142.156619,26.63008]]],[[[142.156457,26.630176],[142.156507,26.630226],[142.156524,26.630207],[142.156457,26.630176]]],[[[142.156691,26.630272],[142.15662,26.630223],[142.156602,26.630276],[142.156691,26.630272]]],[[[142.156826,26.630291],[142.156772,26.630229],[142.156768,26.630288],[142.156826,26.630291]]],[[[142.16121,26.633364],[142.161243,26.633458],[142.161279,26.633432],[142.16121,26.633364]]],[[[142.160972,26.634036],[142.160984,26.634006],[142.160959,26.63403],[142.160972,26.634036]]],[[[142.160138,26.63467],[142.16075,26.634949],[142.160854,26.634652],[142.160138,26.63467]]],[[[142.154579,26.635435],[142.154645,26.635516],[142.154638,26.635435],[142.154579,26.635435]]],[[[142.156316,26.635572],[142.156337,26.63555],[142.156314,26.635545],[142.156316,26.635572]]],[[[142.156158,26.635575],[142.156203,26.635568],[142.156186,26.635553],[142.156158,26.635575]]],[[[142.153914,26.635559],[142.153921,26.635707],[142.154001,26.635604],[142.153914,26.635559]]],[[[142.153945,26.636083],[142.154013,26.636051],[142.153997,26.636001],[142.153945,26.636083]]],[[[142.152944,26.637807],[142.152883,26.637716],[142.152869,26.637749],[142.152944,26.637807]]],[[[142.153032,26.637877],[142.152878,26.637923],[142.153022,26.638016],[142.153032,26.637877]]],[[[142.153209,26.639279],[142.153146,26.639469],[142.153238,26.639287],[142.153209,26.639279]]],[[[142.153008,26.641535],[142.152947,26.641511],[142.152969,26.641555],[142.153008,26.641535]]],[[[142.153169,26.641665],[142.15302,26.64162],[142.153005,26.641658],[142.153169,26.641665]]],[[[142.152878,26.6417],[142.152922,26.641712],[142.152919,26.64168],[142.152878,26.6417]]],[[[142.153056,26.642384],[142.153066,26.642367],[142.153049,26.642358],[142.153056,26.642384]]],[[[142.126107,26.714179],[142.125511,26.714013],[142.12532,26.713558],[142.126714,26.712636],[142.126676,26.712035],[142.127356,26.711431],[142.127172,26.711085],[142.128631,26.711021],[142.127367,26.709582],[142.128585,26.709846],[142.130597,26.70883],[142.128976,26.708031],[142.130274,26.708142],[142.129696,26.707729],[142.129933,26.707347],[142.130979,26.707413],[142.130565,26.706999],[142.131496,26.706242],[142.130716,26.70562],[142.130829,26.704047],[142.131274,26.703531],[142.131922,26.704001],[142.131645,26.703507],[142.132126,26.703977],[142.132393,26.703979],[142.131611,26.70297],[142.132042,26.703147],[142.132087,26.702944],[142.131978,26.702802],[142.132015,26.702713],[142.132894,26.702524],[142.13294,26.701612],[142.133609,26.702226],[142.133196,26.701083],[142.133827,26.701272],[142.133912,26.69991],[142.134578,26.699353],[142.13531,26.699297],[142.135309,26.699919],[142.136327,26.700226],[142.136258,26.700519],[142.13659,26.700473],[142.136572,26.700088],[142.137054,26.699817],[142.13907,26.699684],[142.139536,26.700751],[142.140334,26.70032],[142.140748,26.699321],[142.142059,26.698251],[142.142942,26.698219],[142.143127,26.698848],[142.141473,26.700613],[142.141976,26.700506],[142.141284,26.701656],[142.141865,26.701825],[142.141698,26.702271],[142.142117,26.702293],[142.142303,26.703437],[142.141348,26.704303],[142.141882,26.704674],[142.141074,26.705385],[142.141293,26.707275],[142.140639,26.708002],[142.141967,26.708743],[142.143181,26.707791],[142.143501,26.70764],[142.143619,26.707606],[142.143881,26.707615],[142.143517,26.70626],[142.145326,26.706156],[142.147947,26.70773],[142.149708,26.707263],[142.150389,26.705611],[142.151207,26.706796],[142.152442,26.706004],[142.152833,26.706193],[142.152799,26.708275],[142.154074,26.709102],[142.153928,26.708493],[142.154485,26.708587],[142.154723,26.70886],[142.154903,26.70884],[142.155936,26.707206],[142.156182,26.708121],[142.15653,26.706699],[142.15798,26.706176],[142.158632,26.703643],[142.161203,26.703133],[142.161843,26.703849],[142.161446,26.704616],[142.162387,26.703975],[142.161886,26.703247],[142.162066,26.70295],[142.163189,26.703274],[142.165031,26.70257],[142.164297,26.701245],[142.165193,26.7014],[142.163582,26.700203],[142.161695,26.700522],[142.161674,26.700691],[142.161591,26.700726],[142.161486,26.700712],[142.161181,26.701341],[142.160296,26.70171],[142.159187,26.70106],[142.158901,26.700745],[142.159006,26.700473],[142.158421,26.700632],[142.158554,26.699903],[142.157197,26.700051],[142.156866,26.69922],[142.156485,26.699389],[142.156351,26.699029],[142.155479,26.698931],[142.155232,26.698544],[142.154442,26.698997],[142.153061,26.698557],[142.150904,26.696748],[142.150918,26.694224],[142.148809,26.694636],[142.147818,26.694451],[142.148314,26.693626],[142.147728,26.692139],[142.147782,26.694066],[142.146154,26.693779],[142.145487,26.691247],[142.146327,26.690909],[142.146955,26.689474],[142.146482,26.688442],[142.146742,26.687596],[142.147238,26.687133],[142.146934,26.686914],[142.146606,26.686266],[142.146615,26.685191],[142.149111,26.683812],[142.149826,26.683675],[142.151858,26.683626],[142.152322,26.683688],[142.153866,26.684077],[142.155503,26.684788],[142.156584,26.685361],[142.157158,26.685891],[142.158329,26.685885],[142.158851,26.686162],[142.159271,26.686871],[142.162802,26.686649],[142.164168,26.687188],[142.16464,26.686903],[142.164665,26.686959],[142.164924,26.686845],[142.165303,26.686897],[142.166284,26.68799],[142.166161,26.689298],[142.166901,26.688978],[142.168615,26.689884],[142.168773,26.689351],[142.168069,26.689263],[142.168707,26.688653],[142.167227,26.687918],[142.167395,26.68765],[142.167989,26.687568],[142.168316,26.687205],[142.167655,26.686933],[142.167788,26.68578],[142.165934,26.684453],[142.166165,26.682753],[142.167095,26.680719],[142.166241,26.680472],[142.16627,26.679929],[142.166127,26.679967],[142.166047,26.680156],[142.165926,26.680184],[142.165891,26.680094],[142.16557,26.680035],[142.16543,26.679969],[142.165293,26.679853],[142.164882,26.678853],[142.165377,26.678132],[142.16436,26.678036],[142.163903,26.677663],[142.163775,26.677293],[142.163663,26.67614],[142.161662,26.673319],[142.161663,26.672823],[142.162586,26.6702],[142.162847,26.669752],[142.161893,26.666841],[142.163095,26.665631],[142.162897,26.66491],[142.163916,26.664233],[142.163507,26.662604],[142.16453,26.660894],[142.164055,26.660428],[142.164275,26.660192],[142.165745,26.660007],[142.166793,26.659034],[142.166765,26.658076],[142.167607,26.657918],[142.169769,26.658379],[142.172774,26.656153],[142.173097,26.656063],[142.17326,26.65631],[142.173351,26.655971],[142.175013,26.655763],[142.175758,26.65678],[142.176492,26.655588],[142.17868,26.655378],[142.179211,26.655461],[142.18055,26.656268],[142.180675,26.656987],[142.182277,26.656782],[142.182284,26.659631],[142.182924,26.658984],[142.18306,26.659602],[142.184089,26.659793],[142.184691,26.658457],[142.185716,26.658792],[142.186259,26.659674],[142.186971,26.659161],[142.187267,26.659588],[142.189156,26.659303],[142.187367,26.657211],[142.188257,26.657053],[142.188375,26.656492],[142.188619,26.65652],[142.188185,26.655178],[142.184673,26.656147],[142.185587,26.654235],[142.184962,26.653362],[142.183857,26.654878],[142.180265,26.653114],[142.178319,26.654755],[142.175929,26.655066],[142.174392,26.654435],[142.173768,26.652087],[142.174049,26.650452],[142.174423,26.649753],[142.17472,26.64963],[142.174044,26.648896],[142.17476,26.647888],[142.173397,26.64723],[142.173437,26.645522],[142.172881,26.645419],[142.173511,26.644684],[142.172681,26.644669],[142.171214,26.643389],[142.171194,26.643183],[142.171696,26.64264],[142.171458,26.642498],[142.171775,26.641731],[142.172635,26.640686],[142.1717,26.64047],[142.173255,26.639357],[142.17292,26.637981],[142.173033,26.637046],[142.172577,26.636443],[142.172678,26.636139],[142.175098,26.634795],[142.177236,26.634106],[142.177389,26.632963],[142.180486,26.631051],[142.180093,26.629619],[142.180334,26.629212],[142.1811,26.628483],[142.180392,26.627192],[142.180248,26.62422],[142.180779,26.623767],[142.181371,26.624047],[142.181884,26.622528],[142.182155,26.622528],[142.18132,26.620986],[142.182008,26.620115],[142.18166,26.619882],[142.181744,26.619696],[142.181586,26.619726],[142.18187,26.619258],[142.180836,26.618297],[142.181133,26.618059],[142.181049,26.617219],[142.181443,26.616672],[142.18089,26.616419],[142.180979,26.615161],[142.181546,26.614286],[142.180705,26.614275],[142.181975,26.613683],[142.182218,26.611958],[142.183384,26.611692],[142.182626,26.610857],[142.181445,26.610868],[142.181344,26.610425],[142.181621,26.610026],[142.180787,26.609831],[142.180379,26.608844],[142.180357,26.609213],[142.179119,26.609205],[142.178475,26.607566],[142.177466,26.607905],[142.177309,26.609071],[142.176345,26.609641],[142.174885,26.609566],[142.174706,26.609415],[142.174607,26.608395],[142.173424,26.608197],[142.173871,26.608785],[142.17356,26.609813],[142.174527,26.610424],[142.174438,26.611643],[142.175258,26.61174],[142.175164,26.61271],[142.175863,26.612541],[142.178323,26.615356],[142.176288,26.616155],[142.176582,26.616471],[142.176376,26.616813],[142.176487,26.616835],[142.176615,26.617004],[142.176454,26.617405],[142.177266,26.617396],[142.176821,26.618027],[142.177417,26.619665],[142.177176,26.620206],[142.175845,26.620112],[142.176695,26.62104],[142.174188,26.622187],[142.174726,26.623013],[142.17612,26.62296],[142.175568,26.62375],[142.176428,26.624223],[142.174609,26.624392],[142.173964,26.624792],[142.174088,26.625749],[142.173247,26.625682],[142.173097,26.628224],[142.171962,26.628349],[142.171165,26.630995],[142.169336,26.632338],[142.168277,26.632113],[142.167395,26.631103],[142.16507,26.631364],[142.163671,26.629802],[142.161834,26.630326],[142.160831,26.632551],[142.161419,26.633072],[142.160706,26.635804],[142.161461,26.639073],[142.16074,26.63992],[142.160413,26.639436],[142.159982,26.639893],[142.160097,26.638923],[142.15861,26.637513],[142.159223,26.638357],[142.158499,26.638928],[142.157567,26.637963],[142.157346,26.637555],[142.158419,26.637167],[142.157297,26.6375],[142.158431,26.637108],[142.158543,26.637152],[142.158513,26.636393],[142.158305,26.636966],[142.157527,26.637247],[142.157948,26.636912],[142.15685,26.635967],[142.158389,26.635809],[142.156699,26.635795],[142.158808,26.634671],[142.156445,26.635677],[142.154078,26.635958],[142.152845,26.641035],[142.153239,26.64168],[142.153205,26.642531],[142.15157,26.645105],[142.152857,26.646778],[142.152304,26.647519],[142.151949,26.647736],[142.151114,26.647753],[142.150136,26.648245],[142.149794,26.648268],[142.149679,26.648189],[142.149316,26.648263],[142.149455,26.649028],[142.14902,26.649348],[142.148572,26.64916],[142.148776,26.651331],[142.148595,26.651561],[142.148234,26.651735],[142.147458,26.651399],[142.147566,26.652242],[142.146337,26.653068],[142.146749,26.653772],[142.148242,26.652992],[142.14868,26.653399],[142.14885,26.65425],[142.146914,26.655353],[142.14748,26.656263],[142.147199,26.656725],[142.146259,26.656885],[142.145229,26.656234],[142.144967,26.656883],[142.145229,26.658299],[142.146355,26.658187],[142.146783,26.659691],[142.149253,26.662078],[142.149596,26.663812],[142.149309,26.665877],[142.146776,26.667981],[142.145673,26.667622],[142.146055,26.666963],[142.144554,26.666392],[142.144259,26.666811],[142.143885,26.666072],[142.142868,26.666338],[142.142336,26.665853],[142.141515,26.667124],[142.141974,26.667251],[142.142159,26.668875],[142.143724,26.668195],[142.143112,26.668929],[142.143533,26.669113],[142.142961,26.669451],[142.144125,26.66984],[142.144326,26.670282],[142.144389,26.67093],[142.143559,26.672702],[142.144367,26.673235],[142.14507,26.674595],[142.145077,26.675362],[142.144711,26.676442],[142.144395,26.676835],[142.143947,26.677005],[142.143222,26.676774],[142.142439,26.677834],[142.140395,26.678796],[142.139773,26.678597],[142.140052,26.679123],[142.13818,26.680969],[142.136483,26.681475],[142.136639,26.682452],[142.136186,26.683198],[142.136706,26.683773],[142.135903,26.685251],[142.135078,26.686126],[142.133662,26.686498],[142.133431,26.687164],[142.132787,26.687606],[142.132281,26.687725],[142.131942,26.688552],[142.130688,26.689142],[142.130958,26.690365],[142.12983,26.691656],[142.130067,26.691731],[142.130396,26.692243],[142.130122,26.694179],[142.128355,26.695583],[142.12874,26.695645],[142.128548,26.697374],[142.128219,26.697366],[142.128591,26.697562],[142.128903,26.6986],[142.128081,26.699628],[142.128558,26.700765],[142.128153,26.701395],[142.12702,26.701202],[142.126395,26.702442],[142.125406,26.702893],[142.125504,26.704194],[142.125312,26.704537],[142.122719,26.706536],[142.123336,26.707435],[142.123435,26.707844],[142.123187,26.710385],[142.122577,26.710873],[142.12299,26.711307],[142.122879,26.711575],[142.123121,26.711671],[142.123027,26.712983],[142.123507,26.713371],[142.123616,26.713746],[142.123088,26.714098],[142.126107,26.714179]]],[[[142.16292,26.665993],[142.162962,26.666026],[142.162963,26.666016],[142.16292,26.665993]]],[[[142.16266,26.666343],[142.162616,26.66636],[142.162636,26.666396],[142.16266,26.666343]]],[[[142.162249,26.666674],[142.162268,26.666631],[142.162227,26.666647],[142.162249,26.666674]]],[[[142.162297,26.667251],[142.162351,26.667179],[142.162243,26.667161],[142.162297,26.667251]]],[[[142.163044,26.667274],[142.163045,26.667303],[142.163059,26.6673],[142.163044,26.667274]]],[[[142.162265,26.667383],[142.162296,26.667429],[142.162308,26.667412],[142.162265,26.667383]]],[[[142.162349,26.667622],[142.162298,26.667632],[142.162351,26.66764],[142.162349,26.667622]]],[[[142.162348,26.667896],[142.162295,26.667908],[142.162302,26.667914],[142.162348,26.667896]]],[[[142.162542,26.668375],[142.162541,26.668286],[142.162512,26.668294],[142.162542,26.668375]]],[[[142.162836,26.668662],[142.162788,26.668621],[142.162781,26.668656],[142.162836,26.668662]]],[[[142.162911,26.668725],[142.162881,26.668743],[142.16293,26.668788],[142.162911,26.668725]]],[[[142.162881,26.668815],[142.162856,26.668796],[142.162827,26.668829],[142.162881,26.668815]]],[[[142.162861,26.669203],[142.162821,26.669219],[142.162865,26.669221],[142.162861,26.669203]]],[[[142.162822,26.670242],[142.162878,26.670219],[142.162823,26.670206],[142.162822,26.670242]]],[[[142.162644,26.670589],[142.162596,26.670563],[142.162619,26.670606],[142.162644,26.670589]]],[[[142.162602,26.670622],[142.162559,26.67064],[142.162594,26.670668],[142.162602,26.670622]]],[[[142.162786,26.670637],[142.162744,26.670626],[142.162714,26.670664],[142.162786,26.670637]]],[[[142.162689,26.670656],[142.162649,26.670629],[142.162648,26.670669],[142.162689,26.670656]]],[[[142.162587,26.670731],[142.162549,26.670742],[142.162572,26.670749],[142.162587,26.670731]]],[[[142.162531,26.670791],[142.162479,26.67077],[142.162512,26.670804],[142.162531,26.670791]]],[[[142.162594,26.67078],[142.162553,26.670776],[142.162563,26.670796],[142.162594,26.67078]]],[[[142.162597,26.670782],[142.162695,26.670794],[142.16268,26.67072],[142.162597,26.670782]]],[[[142.162468,26.670952],[142.162612,26.670983],[142.162645,26.67093],[142.162468,26.670952]]],[[[142.162582,26.671032],[142.162532,26.67102],[142.162539,26.671053],[142.162582,26.671032]]],[[[142.16242,26.671088],[142.162356,26.671111],[142.162385,26.671126],[142.16242,26.671088]]],[[[142.162547,26.6711],[142.16251,26.671086],[142.162515,26.671123],[142.162547,26.6711]]],[[[142.162602,26.671243],[142.162568,26.671148],[142.162507,26.671169],[142.162602,26.671243]]],[[[142.162341,26.671231],[142.162368,26.671308],[142.162416,26.671281],[142.162341,26.671231]]],[[[142.162217,26.671423],[142.162218,26.671381],[142.162209,26.671387],[142.162217,26.671423]]],[[[142.162778,26.674428],[142.16276,26.674385],[142.162723,26.674423],[142.162778,26.674428]]],[[[142.162891,26.6745],[142.162917,26.674594],[142.162957,26.674585],[142.162891,26.6745]]],[[[142.163107,26.67525],[142.163067,26.675213],[142.16308,26.675255],[142.163107,26.67525]]],[[[142.153412,26.684186],[142.153443,26.684171],[142.153422,26.684169],[142.153412,26.684186]]],[[[142.153956,26.684259],[142.153962,26.684229],[142.153946,26.684247],[142.153956,26.684259]]],[[[142.154777,26.684723],[142.154819,26.684706],[142.154804,26.684694],[142.154777,26.684723]]],[[[142.154981,26.684742],[142.155023,26.684747],[142.15502,26.684727],[142.154981,26.684742]]],[[[142.155161,26.684845],[142.155225,26.684886],[142.155255,26.684849],[142.155161,26.684845]]],[[[142.156247,26.685396],[142.156244,26.685301],[142.1562,26.685326],[142.156247,26.685396]]],[[[142.156498,26.685512],[142.156499,26.68542],[142.156454,26.68546],[142.156498,26.685512]]],[[[142.156804,26.685634],[142.156822,26.685681],[142.156828,26.685645],[142.156804,26.685634]]],[[[142.157743,26.686317],[142.157808,26.68633],[142.157773,26.686278],[142.157743,26.686317]]],[[[142.158844,26.686589],[142.158916,26.686586],[142.158872,26.686557],[142.158844,26.686589]]],[[[142.159067,26.686591],[142.159032,26.686595],[142.159051,26.686611],[142.159067,26.686591]]],[[[142.159595,26.686902],[142.159611,26.686877],[142.159579,26.686881],[142.159595,26.686902]]],[[[142.159436,26.686973],[142.159506,26.68694],[142.159431,26.68696],[142.159436,26.686973]]],[[[142.160272,26.687065],[142.1602,26.687132],[142.160248,26.687145],[142.160272,26.687065]]],[[[142.161996,26.687198],[142.162076,26.687201],[142.162042,26.687151],[142.161996,26.687198]]],[[[142.15964,26.687297],[142.159685,26.687286],[142.159676,26.687264],[142.15964,26.687297]]],[[[142.159929,26.687329],[142.159937,26.687411],[142.159957,26.687323],[142.159929,26.687329]]],[[[142.161814,26.687489],[142.162058,26.687638],[142.162074,26.687462],[142.161814,26.687489]]],[[[142.160086,26.687867],[142.160202,26.687357],[142.15942,26.687695],[142.160086,26.687867]]],[[[142.16186,26.687863],[142.16189,26.688076],[142.161955,26.687838],[142.16186,26.687863]]],[[[142.16182,26.68813],[142.161893,26.688327],[142.161991,26.688233],[142.16182,26.68813]]],[[[142.162133,26.688223],[142.162036,26.688229],[142.162107,26.688272],[142.162133,26.688223]]],[[[142.162224,26.688275],[142.162141,26.688221],[142.162166,26.688281],[142.162224,26.688275]]],[[[142.162049,26.688425],[142.162033,26.688334],[142.161977,26.688395],[142.162049,26.688425]]],[[[142.161977,26.688518],[142.161982,26.688439],[142.161931,26.688484],[142.161977,26.688518]]],[[[142.15323,26.69779],[142.153383,26.697758],[142.153244,26.697687],[142.15323,26.69779]]],[[[142.153405,26.697781],[142.153453,26.697772],[142.153451,26.697765],[142.153405,26.697781]]],[[[142.153666,26.697962],[142.153606,26.697909],[142.153643,26.697973],[142.153666,26.697962]]],[[[142.153799,26.698097],[142.153703,26.698149],[142.15379,26.698164],[142.153799,26.698097]]],[[[142.153493,26.698145],[142.153539,26.698194],[142.153553,26.69814],[142.153493,26.698145]]],[[[142.153593,26.698193],[142.153671,26.698201],[142.153605,26.698161],[142.153593,26.698193]]],[[[142.153274,26.698433],[142.153315,26.698449],[142.15331,26.698427],[142.153274,26.698433]]],[[[142.15406,26.698458],[142.153988,26.69848],[142.154051,26.698487],[142.15406,26.698458]]],[[[142.155556,26.698723],[142.15551,26.698766],[142.155571,26.698766],[142.155556,26.698723]]],[[[142.155788,26.698805],[142.155734,26.698836],[142.155783,26.698846],[142.155788,26.698805]]],[[[142.156039,26.69884],[142.156077,26.698863],[142.156087,26.698773],[142.156039,26.69884]]],[[[142.156293,26.698837],[142.156349,26.698915],[142.156348,26.698846],[142.156293,26.698837]]],[[[142.156157,26.698927],[142.156084,26.698897],[142.156079,26.69894],[142.156157,26.698927]]],[[[142.15704,26.699653],[142.157078,26.699632],[142.157055,26.699609],[142.15704,26.699653]]],[[[142.158674,26.699954],[142.15872,26.700002],[142.158739,26.699954],[142.158674,26.699954]]],[[[142.161863,26.700378],[142.162031,26.700235],[142.161915,26.700204],[142.161863,26.700378]]],[[[142.162201,26.700391],[142.162158,26.700424],[142.162207,26.7004],[142.162201,26.700391]]],[[[142.162088,26.700441],[142.162114,26.700426],[142.162094,26.700412],[142.162088,26.700441]]],[[[142.161808,26.700412],[142.16177,26.700492],[142.16185,26.700405],[142.161808,26.700412]]],[[[142.161559,26.700604],[142.161614,26.700685],[142.1616,26.700569],[142.161559,26.700604]]],[[[142.159175,26.700777],[142.159093,26.700786],[142.159167,26.700818],[142.159175,26.700777]]],[[[142.158985,26.700771],[142.159036,26.70078],[142.15904,26.700764],[142.158985,26.700771]]],[[[142.161049,26.701358],[142.161107,26.701336],[142.161075,26.701314],[142.161049,26.701358]]],[[[142.160011,26.701426],[142.16005,26.7014],[142.160005,26.701375],[142.160011,26.701426]]],[[[142.160227,26.701528],[142.160271,26.701531],[142.16026,26.701519],[142.160227,26.701528]]],[[[142.162174,26.70335],[142.161984,26.703251],[142.162252,26.703526],[142.162174,26.70335]]],[[[142.161461,26.704016],[142.161398,26.703976],[142.161404,26.70402],[142.161461,26.704016]]],[[[142.156452,26.707347],[142.156473,26.707322],[142.15644,26.707336],[142.156452,26.707347]]],[[[142.15633,26.707905],[142.156392,26.70793],[142.156348,26.707877],[142.15633,26.707905]]],[[[142.156081,26.708202],[142.15629,26.708178],[142.156296,26.708078],[142.156081,26.708202]]],[[[142.153015,26.708497],[142.153046,26.708558],[142.153068,26.708528],[142.153015,26.708497]]],[[[142.154914,26.708907],[142.154935,26.708875],[142.154899,26.708885],[142.154914,26.708907]]],[[[142.154828,26.708922],[142.15486,26.708895],[142.154816,26.708906],[142.154828,26.708922]]],[[[142.160375,27.105632],[142.160307,27.105566],[142.160301,27.105649],[142.160375,27.105632]]],[[[142.160824,27.1057],[142.160928,27.105617],[142.160862,27.105596],[142.160824,27.1057]]],[[[142.160484,27.105737],[142.160603,27.105636],[142.160476,27.105623],[142.160484,27.105737]]],[[[142.161523,27.106167],[142.161088,27.106006],[142.160873,27.106378],[142.161523,27.106167]]],[[[142.160593,27.106321],[142.160675,27.10617],[142.160606,27.106137],[142.160593,27.106321]]],[[[142.160174,27.106783],[142.160815,27.106414],[142.159973,27.106451],[142.160174,27.106783]]],[[[142.161557,27.113004],[142.161443,27.113051],[142.161523,27.113079],[142.161557,27.113004]]],[[[142.161292,27.113956],[142.161187,27.113879],[142.161274,27.114011],[142.161292,27.113956]]],[[[142.161851,27.115269],[142.1619,27.115311],[142.16187,27.115267],[142.161851,27.115269]]],[[[142.162124,27.115329],[142.161989,27.115357],[142.162094,27.115395],[142.162124,27.115329]]],[[[142.162893,27.120108],[142.162623,27.120059],[142.162612,27.120146],[142.162893,27.120108]]],[[[142.162472,27.120366],[142.161676,27.12036],[142.162044,27.120642],[142.162472,27.120366]]],[[[142.161662,27.120592],[142.161704,27.120532],[142.161634,27.120534],[142.161662,27.120592]]],[[[142.162823,27.645438],[142.163071,27.64578],[142.162924,27.645398],[142.162823,27.645438]]],[[[142.163102,27.64603],[142.162931,27.64607],[142.163064,27.646145],[142.163102,27.64603]]],[[[142.160085,27.655638],[142.160003,27.655539],[142.16002,27.655657],[142.160085,27.655638]]],[[[142.160613,27.655671],[142.160556,27.655754],[142.160658,27.655757],[142.160613,27.655671]]],[[[142.156885,27.656096],[142.156977,27.656019],[142.156872,27.656016],[142.156885,27.656096]]],[[[142.158718,27.656491],[142.158652,27.656412],[142.158635,27.656465],[142.158718,27.656491]]],[[[142.159607,27.656886],[142.159559,27.656986],[142.15964,27.656954],[142.159607,27.656886]]],[[[142.159581,27.657195],[142.159507,27.657263],[142.159583,27.657261],[142.159581,27.657195]]],[[[142.158685,27.657301],[142.158723,27.657207],[142.158631,27.657235],[142.158685,27.657301]]],[[[142.158553,27.657287],[142.158471,27.657226],[142.158482,27.657317],[142.158553,27.657287]]],[[[142.158308,27.657387],[142.158374,27.657304],[142.158294,27.657312],[142.158308,27.657387]]],[[[142.158126,27.657368],[142.158045,27.657334],[142.158085,27.657395],[142.158126,27.657368]]],[[[142.159605,27.657369],[142.159486,27.65745],[142.15959,27.657444],[142.159605,27.657369]]],[[[142.155823,27.657521],[142.1559,27.657445],[142.155771,27.657464],[142.155823,27.657521]]],[[[142.158044,27.657568],[142.157951,27.657547],[142.157991,27.657592],[142.158044,27.657568]]],[[[142.15653,27.65821],[142.157886,27.657722],[142.157317,27.657344],[142.156971,27.65747],[142.157079,27.657799],[142.15653,27.65821]]],[[[142.156724,27.658028],[142.156676,27.657925],[142.156642,27.657982],[142.156724,27.658028]]],[[[142.158342,27.659255],[142.158274,27.659141],[142.158301,27.659262],[142.158342,27.659255]]],[[[142.156034,27.659348],[142.15604,27.659222],[142.155989,27.659246],[142.156034,27.659348]]],[[[142.156106,27.659584],[142.156028,27.659533],[142.156055,27.659605],[142.156106,27.659584]]],[[[142.156971,27.66444],[142.159115,27.662366],[142.158014,27.65974],[142.158146,27.659119],[142.159213,27.658208],[142.159467,27.656163],[142.158312,27.654769],[142.158917,27.657256],[142.156226,27.658975],[142.156402,27.659593],[142.157814,27.659906],[142.15782,27.662369],[142.156795,27.66375],[142.156971,27.66444]]],[[[142.15599,27.659545],[142.155397,27.659326],[142.15512,27.659805],[142.155706,27.659971],[142.15599,27.659545]]],[[[142.15975,27.659825],[142.159409,27.659675],[142.159499,27.659874],[142.15975,27.659825]]],[[[142.160528,27.659859],[142.160541,27.659763],[142.160421,27.659801],[142.160528,27.659859]]],[[[142.157254,27.659882],[142.157214,27.659797],[142.157194,27.659851],[142.157254,27.659882]]],[[[142.158237,27.659902],[142.158193,27.659821],[142.158151,27.65988],[142.158237,27.659902]]],[[[142.157364,27.659987],[142.157344,27.659912],[142.15731,27.659952],[142.157364,27.659987]]],[[[142.15635,27.660031],[142.156413,27.659972],[142.156352,27.659952],[142.15635,27.660031]]],[[[142.156573,27.660076],[142.156633,27.659979],[142.156579,27.659963],[142.156573,27.660076]]],[[[142.157289,27.660087],[142.157279,27.660022],[142.157229,27.660044],[142.157289,27.660087]]],[[[142.157434,27.660199],[142.157384,27.66011],[142.157394,27.660201],[142.157434,27.660199]]],[[[142.157309,27.660224],[142.157265,27.66016],[142.157207,27.660176],[142.157309,27.660224]]],[[[142.159287,27.660471],[142.159374,27.660376],[142.159232,27.660425],[142.159287,27.660471]]],[[[142.157635,27.660617],[142.157577,27.660556],[142.157567,27.660606],[142.157635,27.660617]]],[[[142.157664,27.660721],[142.157592,27.660754],[142.157634,27.660784],[142.157664,27.660721]]],[[[142.157616,27.661396],[142.157547,27.661349],[142.157565,27.661426],[142.157616,27.661396]]],[[[142.157123,27.661254],[142.15724,27.661623],[142.157334,27.661349],[142.157123,27.661254]]],[[[142.156428,27.661693],[142.156477,27.661578],[142.15642,27.661558],[142.156428,27.661693]]],[[[142.157605,27.661667],[142.157516,27.661654],[142.157528,27.661691],[142.157605,27.661667]]],[[[142.160484,27.662227],[142.160216,27.66214],[142.160258,27.662253],[142.160484,27.662227]]],[[[142.159591,27.662446],[142.159365,27.662332],[142.159309,27.662506],[142.159591,27.662446]]],[[[142.157689,27.662413],[142.157632,27.662351],[142.157629,27.662411],[142.157689,27.662413]]],[[[142.157558,27.662432],[142.157489,27.662356],[142.157503,27.662453],[142.157558,27.662432]]],[[[142.157539,27.662633],[142.157479,27.662545],[142.157457,27.662627],[142.157539,27.662633]]],[[[142.159452,27.662916],[142.159183,27.662903],[142.159223,27.662986],[142.159452,27.662916]]],[[[142.158588,27.664105],[142.158496,27.664017],[142.15853,27.664127],[142.158588,27.664105]]],[[[142.156254,27.665],[142.156114,27.66445],[142.155917,27.664932],[142.156254,27.665]]],[[[142.155661,27.664799],[142.155706,27.664713],[142.155609,27.664766],[142.155661,27.664799]]],[[[142.156863,27.664871],[142.156999,27.664948],[142.157016,27.664811],[142.156863,27.664871]]],[[[142.156806,27.665945],[142.156832,27.666285],[142.156974,27.665944],[142.156806,27.665945]]],[[[142.152884,27.671269],[142.152873,27.671188],[142.152841,27.671272],[142.152884,27.671269]]],[[[142.153806,27.671095],[142.153505,27.671342],[142.153655,27.671444],[142.153806,27.671095]]],[[[142.153004,27.6824],[142.152889,27.681885],[142.152803,27.682405],[142.153004,27.6824]]],[[[142.153941,27.682917],[142.153498,27.682579],[142.153261,27.682781],[142.153941,27.682917]]],[[[142.157004,27.692911],[142.158124,27.691772],[142.158037,27.691351],[142.157004,27.692911]]],[[[142.164012,26.588888],[142.164007,26.588259],[142.163771,26.587912],[142.163004,26.589208],[142.164012,26.588888]]],[[[142.163856,26.589708],[142.163769,26.589679],[142.163756,26.589743],[142.163856,26.589708]]],[[[142.16444,26.592732],[142.165532,26.591752],[142.165325,26.590803],[142.166341,26.590983],[142.165151,26.588712],[142.164348,26.589871],[142.164507,26.591187],[142.163423,26.591631],[142.163239,26.592413],[142.16444,26.592732]]],[[[142.16601,26.592463],[142.165823,26.591969],[142.165603,26.592387],[142.16601,26.592463]]],[[[142.166529,26.592642],[142.166539,26.592525],[142.166466,26.592632],[142.166529,26.592642]]],[[[142.166269,26.592672],[142.166345,26.59258],[142.166183,26.592596],[142.166269,26.592672]]],[[[142.166623,26.592766],[142.166538,26.592778],[142.166546,26.592807],[142.166623,26.592766]]],[[[142.16645,26.592781],[142.166349,26.592804],[142.166437,26.592837],[142.16645,26.592781]]],[[[142.163203,26.593141],[142.163128,26.593124],[142.163138,26.593173],[142.163203,26.593141]]],[[[142.166197,26.593355],[142.166128,26.593293],[142.166144,26.59336],[142.166197,26.593355]]],[[[142.167058,26.594266],[142.166683,26.59383],[142.166551,26.594188],[142.167058,26.594266]]],[[[142.168957,26.595306],[142.169029,26.593665],[142.167749,26.593213],[142.16737,26.594019],[142.167958,26.595492],[142.168957,26.595306]]],[[[142.171631,26.59514],[142.171553,26.595049],[142.171542,26.595146],[142.171631,26.59514]]],[[[142.163727,26.629772],[142.163709,26.629733],[142.163695,26.629759],[142.163727,26.629772]]],[[[142.163925,26.629814],[142.163907,26.62977],[142.163894,26.62983],[142.163925,26.629814]]],[[[142.164416,26.630253],[142.164352,26.630235],[142.164386,26.630284],[142.164416,26.630253]]],[[[142.164634,26.63041],[142.164573,26.630409],[142.16459,26.630435],[142.164634,26.63041]]],[[[142.164656,26.63049],[142.164667,26.630441],[142.164633,26.630475],[142.164656,26.63049]]],[[[142.164742,26.630546],[142.164749,26.630609],[142.164778,26.630591],[142.164742,26.630546]]],[[[142.164971,26.63059],[142.164903,26.630601],[142.164976,26.630607],[142.164971,26.63059]]],[[[142.164802,26.630589],[142.164893,26.630746],[142.16483,26.630559],[142.164802,26.630589]]],[[[142.165087,26.630737],[142.165051,26.630852],[142.165107,26.630745],[142.165087,26.630737]]],[[[142.164864,26.630798],[142.164964,26.630801],[142.164864,26.630757],[142.164864,26.630798]]],[[[142.17089,26.630908],[142.170882,26.630934],[142.170902,26.630924],[142.17089,26.630908]]],[[[142.167544,26.631234],[142.167499,26.631199],[142.167517,26.63124],[142.167544,26.631234]]],[[[142.168034,26.631711],[142.167977,26.631726],[142.16808,26.631759],[142.168034,26.631711]]],[[[142.17155,26.642415],[142.17159,26.642398],[142.171563,26.642381],[142.17155,26.642415]]],[[[142.171355,26.643048],[142.171362,26.643088],[142.171384,26.643073],[142.171355,26.643048]]],[[[142.17153,26.64309],[142.171417,26.643065],[142.171404,26.64312],[142.17153,26.64309]]],[[[142.171465,26.643325],[142.171497,26.6433],[142.171479,26.643289],[142.171465,26.643325]]],[[[142.17159,26.6435],[142.171593,26.643459],[142.171566,26.643466],[142.17159,26.6435]]],[[[142.171472,26.657501],[142.171539,26.657532],[142.171475,26.657465],[142.171472,26.657501]]],[[[142.171138,26.657519],[142.171157,26.657594],[142.171206,26.657507],[142.171138,26.657519]]],[[[142.171027,26.6578],[142.171078,26.657845],[142.171084,26.657805],[142.171027,26.6578]]],[[[142.170969,26.657882],[142.171024,26.657882],[142.171006,26.657861],[142.170969,26.657882]]],[[[142.170613,26.657891],[142.170639,26.657941],[142.170668,26.657858],[142.170613,26.657891]]],[[[142.171032,26.657908],[142.171102,26.657923],[142.17107,26.657879],[142.171032,26.657908]]],[[[142.170426,26.657924],[142.170477,26.657949],[142.170466,26.657915],[142.170426,26.657924]]],[[[142.170501,26.657914],[142.170553,26.657946],[142.170514,26.657909],[142.170501,26.657914]]],[[[142.170312,26.658014],[142.170356,26.658027],[142.170347,26.65801],[142.170312,26.658014]]],[[[142.167614,26.658003],[142.167703,26.658076],[142.167717,26.658038],[142.167614,26.658003]]],[[[142.16742,26.658064],[142.16746,26.658107],[142.167467,26.658063],[142.16742,26.658064]]],[[[142.167767,26.658094],[142.167802,26.658128],[142.167809,26.658105],[142.167767,26.658094]]],[[[142.168588,26.658133],[142.16864,26.658213],[142.168678,26.658201],[142.168588,26.658133]]],[[[142.168811,26.658239],[142.168866,26.658241],[142.168842,26.658223],[142.168811,26.658239]]],[[[142.168294,26.658246],[142.168327,26.658235],[142.168297,26.658228],[142.168294,26.658246]]],[[[142.170378,26.658263],[142.170441,26.658323],[142.170395,26.658224],[142.170378,26.658263]]],[[[142.167449,26.658308],[142.167517,26.658322],[142.167459,26.658292],[142.167449,26.658308]]],[[[142.169115,26.658316],[142.169136,26.658374],[142.169154,26.65836],[142.169115,26.658316]]],[[[142.167948,26.658331],[142.168003,26.658414],[142.168041,26.658398],[142.167948,26.658331]]],[[[142.167394,26.65836],[142.16745,26.658373],[142.16742,26.658336],[142.167394,26.65836]]],[[[142.169912,26.658418],[142.169947,26.65837],[142.169909,26.658375],[142.169912,26.658418]]],[[[142.167228,26.65836],[142.167323,26.65844],[142.16732,26.658359],[142.167228,26.65836]]],[[[142.167478,26.658427],[142.167512,26.658452],[142.167523,26.658412],[142.167478,26.658427]]],[[[142.170972,26.65826],[142.170894,26.658694],[142.171092,26.658638],[142.170972,26.65826]]],[[[142.167583,26.658593],[142.167621,26.658638],[142.167625,26.658583],[142.167583,26.658593]]],[[[142.166793,26.659114],[142.166815,26.659168],[142.166869,26.659112],[142.166793,26.659114]]],[[[142.165896,26.659978],[142.16594,26.660031],[142.165918,26.659955],[142.165896,26.659978]]],[[[142.16631,26.660342],[142.16675,26.660248],[142.166925,26.659603],[142.16631,26.660342]]],[[[142.165688,26.66014],[142.165729,26.660146],[142.165734,26.66013],[142.165688,26.66014]]],[[[142.165153,26.660225],[142.165189,26.660265],[142.165199,26.660219],[142.165153,26.660225]]],[[[142.164496,26.660244],[142.164566,26.660295],[142.164582,26.660263],[142.164496,26.660244]]],[[[142.165341,26.66021],[142.165392,26.660338],[142.165421,26.660176],[142.165341,26.66021]]],[[[142.164401,26.660308],[142.164492,26.660308],[142.164401,26.660257],[142.164401,26.660308]]],[[[142.164709,26.660308],[142.164647,26.660292],[142.164641,26.660321],[142.164709,26.660308]]],[[[142.164979,26.660277],[142.165004,26.660327],[142.165006,26.660272],[142.164979,26.660277]]],[[[142.165035,26.660403],[142.164961,26.660363],[142.164924,26.660359],[142.164959,26.660419],[142.165035,26.660403]]],[[[142.164693,26.660413],[142.164736,26.660397],[142.164693,26.660386],[142.164693,26.660413]]],[[[142.163989,26.663391],[142.163917,26.663533],[142.164007,26.663546],[142.163989,26.663391]]],[[[142.16321,26.665127],[142.163255,26.665065],[142.163211,26.665066],[142.16321,26.665127]]],[[[142.163651,26.665302],[142.163955,26.665176],[142.163787,26.665174],[142.163651,26.665302]]],[[[142.163613,26.665253],[142.163372,26.665413],[142.163517,26.665519],[142.163613,26.665253]]],[[[142.1633,26.665608],[142.163254,26.665458],[142.163192,26.665497],[142.1633,26.665608]]],[[[142.163281,26.66563],[142.163219,26.665629],[142.163269,26.665673],[142.163281,26.66563]]],[[[142.163243,26.665741],[142.163227,26.665698],[142.163182,26.665734],[142.163243,26.665741]]],[[[142.163781,26.666031],[142.163727,26.665952],[142.163703,26.666005],[142.163781,26.666031]]],[[[142.163065,26.674743],[142.163163,26.674751],[142.163062,26.674719],[142.163065,26.674743]]],[[[142.163231,26.675289],[142.163184,26.675276],[142.163202,26.675307],[142.163231,26.675289]]],[[[142.163276,26.675351],[142.16322,26.675324],[142.163234,26.675375],[142.163276,26.675351]]],[[[142.163306,26.675553],[142.163387,26.675545],[142.163283,26.675522],[142.163306,26.675553]]],[[[142.163744,26.675896],[142.163779,26.675893],[142.16377,26.675873],[142.163744,26.675896]]],[[[142.163789,26.676134],[142.163719,26.676267],[142.163737,26.676288],[142.163789,26.676134]]],[[[142.163708,26.676438],[142.163744,26.676428],[142.163723,26.676398],[142.163708,26.676438]]],[[[142.163739,26.67654],[142.163737,26.676575],[142.163751,26.676569],[142.163739,26.67654]]],[[[142.163878,26.67658],[142.16383,26.676584],[142.163856,26.676613],[142.163878,26.67658]]],[[[142.16393,26.676795],[142.163892,26.676766],[142.163891,26.676803],[142.16393,26.676795]]],[[[142.163798,26.676797],[142.163841,26.676779],[142.163812,26.676768],[142.163798,26.676797]]],[[[142.163909,26.677053],[142.163883,26.677086],[142.163927,26.677078],[142.163909,26.677053]]],[[[142.164041,26.677483],[142.164061,26.67739],[142.163981,26.677445],[142.164041,26.677483]]],[[[142.164013,26.67763],[142.164066,26.677662],[142.16404,26.677623],[142.164013,26.67763]]],[[[142.164057,26.677772],[142.164104,26.677755],[142.164059,26.677739],[142.164057,26.677772]]],[[[142.165149,26.677874],[142.165033,26.677868],[142.165062,26.677921],[142.165149,26.677874]]],[[[142.16503,26.679003],[142.165106,26.679003],[142.165053,26.67897],[142.16503,26.679003]]],[[[142.165145,26.679063],[142.165069,26.679078],[142.165118,26.679101],[142.165145,26.679063]]],[[[142.165203,26.679214],[142.165262,26.679257],[142.165262,26.679198],[142.165203,26.679214]]],[[[142.165288,26.67949],[142.165251,26.679539],[142.165274,26.679542],[142.165288,26.67949]]],[[[142.165308,26.679541],[142.165289,26.679606],[142.165338,26.679575],[142.165308,26.679541]]],[[[142.165378,26.679741],[142.165404,26.679741],[142.165384,26.679723],[142.165378,26.679741]]],[[[142.165368,26.679786],[142.165293,26.679778],[142.165336,26.679823],[142.165368,26.679786]]],[[[142.165421,26.679861],[142.165385,26.679917],[142.165433,26.67991],[142.165421,26.679861]]],[[[142.165765,26.679945],[142.16571,26.679946],[142.165724,26.679966],[142.165765,26.679945]]],[[[142.166363,26.679943],[142.16632,26.68001],[142.166359,26.680004],[142.166363,26.679943]]],[[[142.16574,26.680031],[142.165739,26.679989],[142.165726,26.68001],[142.16574,26.680031]]],[[[142.166059,26.679995],[142.165996,26.680035],[142.166044,26.680047],[142.166059,26.679995]]],[[[142.165876,26.680061],[142.165902,26.680019],[142.165862,26.68004],[142.165876,26.680061]]],[[[142.166034,26.680123],[142.165984,26.680062],[142.165972,26.68011],[142.166034,26.680123]]],[[[142.166569,26.680384],[142.1666,26.680433],[142.166606,26.680387],[142.166569,26.680384]]],[[[142.167129,26.680551],[142.167053,26.680366],[142.166899,26.680607],[142.167129,26.680551]]],[[[142.167058,26.681002],[142.167035,26.681014],[142.167057,26.681028],[142.167058,26.681002]]],[[[142.166924,26.68125],[142.166894,26.681259],[142.166909,26.681264],[142.166924,26.68125]]],[[[142.167024,26.681799],[142.167065,26.681794],[142.167063,26.681781],[142.167024,26.681799]]],[[[142.166519,26.682021],[142.166517,26.682137],[142.166633,26.681981],[142.166519,26.682021]]],[[[142.166701,26.682098],[142.166724,26.682024],[142.166665,26.682025],[142.166701,26.682098]]],[[[142.166714,26.682364],[142.16678,26.682319],[142.166769,26.682313],[142.166714,26.682364]]],[[[142.166722,26.682646],[142.167056,26.682455],[142.166885,26.68205],[142.166722,26.682646]]],[[[142.166213,26.682859],[142.16627,26.682876],[142.166304,26.682757],[142.166213,26.682859]]],[[[142.166287,26.682919],[142.166327,26.682906],[142.166302,26.682891],[142.166287,26.682919]]],[[[142.16626,26.683218],[142.166226,26.683174],[142.166224,26.683225],[142.16626,26.683218]]],[[[142.166369,26.683154],[142.166368,26.683251],[142.166391,26.683161],[142.166369,26.683154]]],[[[142.166713,26.683372],[142.166766,26.683418],[142.166749,26.683342],[142.166713,26.683372]]],[[[142.166122,26.683609],[142.166111,26.683576],[142.166105,26.683602],[142.166122,26.683609]]],[[[142.166205,26.683683],[142.166245,26.683662],[142.166206,26.683642],[142.166205,26.683683]]],[[[142.166156,26.683929],[142.166168,26.683905],[142.166144,26.683918],[142.166156,26.683929]]],[[[142.166504,26.684516],[142.166529,26.684551],[142.166541,26.684525],[142.166504,26.684516]]],[[[142.166709,26.684613],[142.166752,26.684688],[142.166779,26.684663],[142.166709,26.684613]]],[[[142.167004,26.684773],[142.167056,26.684662],[142.166972,26.6847],[142.167004,26.684773]]],[[[142.167099,26.685005],[142.167266,26.685062],[142.167329,26.684924],[142.167099,26.685005]]],[[[142.168145,26.685055],[142.168434,26.685056],[142.168388,26.684973],[142.168145,26.685055]]],[[[142.167382,26.685186],[142.167431,26.685177],[142.167383,26.685139],[142.167382,26.685186]]],[[[142.168797,26.685456],[142.168782,26.685339],[142.168735,26.685454],[142.168797,26.685456]]],[[[142.168898,26.685549],[142.169048,26.685545],[142.168914,26.685496],[142.168898,26.685549]]],[[[142.168469,26.685882],[142.168423,26.685948],[142.168484,26.68594],[142.168469,26.685882]]],[[[142.168266,26.686001],[142.168426,26.686166],[142.168466,26.686051],[142.168266,26.686001]]],[[[142.168829,26.686503],[142.168502,26.686404],[142.168604,26.686577],[142.168829,26.686503]]],[[[142.168291,26.686405],[142.168155,26.68654],[142.168299,26.686496],[142.168291,26.686405]]],[[[142.165062,26.686915],[142.165018,26.686898],[142.165013,26.686919],[142.165062,26.686915]]],[[[142.165243,26.687029],[142.16522,26.686995],[142.165207,26.687026],[142.165243,26.687029]]],[[[142.164591,26.687084],[142.164543,26.687096],[142.164567,26.687119],[142.164591,26.687084]]],[[[142.164368,26.687191],[142.164346,26.687235],[142.164371,26.687235],[142.164368,26.687191]]],[[[142.164228,26.687242],[142.164238,26.687205],[142.164201,26.687235],[142.164228,26.687242]]],[[[142.164314,26.687267],[142.164387,26.687286],[142.164334,26.687242],[142.164314,26.687267]]],[[[142.163823,26.68732],[142.163725,26.687262],[142.163798,26.687345],[142.163823,26.68732]]],[[[142.163746,26.687428],[142.163704,26.6874],[142.163713,26.687433],[142.163746,26.687428]]],[[[142.163971,26.687501],[142.164005,26.687426],[142.163943,26.68741],[142.163971,26.687501]]],[[[142.168342,26.690237],[142.168368,26.690141],[142.168261,26.690121],[142.168342,26.690237]]],[[[142.168401,26.690287],[142.168549,26.690284],[142.168453,26.690215],[142.168401,26.690287]]],[[[142.168131,26.690238],[142.168267,26.690354],[142.168272,26.690262],[142.168131,26.690238]]],[[[142.168527,26.690394],[142.168726,26.690407],[142.168624,26.690317],[142.168527,26.690394]]],[[[142.167985,26.690504],[142.168039,26.690407],[142.167864,26.690384],[142.167985,26.690504]]],[[[142.168832,26.690757],[142.168915,26.69072],[142.168793,26.690701],[142.168832,26.690757]]],[[[142.164514,26.699973],[142.163968,26.699943],[142.164397,26.700258],[142.164514,26.699973]]],[[[142.163884,26.700308],[142.164034,26.700076],[142.163592,26.700125],[142.163884,26.700308]]],[[[142.165728,26.701268],[142.165059,26.70049],[142.164663,26.700425],[142.165728,26.701268]]],[[[142.165495,26.701279],[142.16564,26.701281],[142.165453,26.701199],[142.165495,26.701279]]],[[[142.163344,26.703537],[142.163269,26.703417],[142.163267,26.703534],[142.163344,26.703537]]],[[[142.17154,27.029978],[142.17153,27.029786],[142.171439,27.029843],[142.17154,27.029978]]],[[[142.170982,27.030294],[142.170961,27.030228],[142.170919,27.030274],[142.170982,27.030294]]],[[[142.171,27.033646],[142.17119,27.033697],[142.171202,27.033586],[142.171,27.033646]]],[[[142.171136,27.034579],[142.171189,27.033778],[142.170981,27.034562],[142.171136,27.034579]]],[[[142.171426,27.035211],[142.171117,27.035279],[142.171403,27.035429],[142.171426,27.035211]]],[[[142.168681,27.036486],[142.168751,27.036229],[142.168674,27.036193],[142.168681,27.036486]]],[[[142.170509,27.037384],[142.17032,27.036868],[142.170216,27.037296],[142.170509,27.037384]]],[[[142.168184,27.037759],[142.167821,27.037554],[142.167639,27.03771],[142.168184,27.037759]]],[[[142.167795,27.038137],[142.167681,27.037858],[142.167548,27.03814],[142.167795,27.038137]]],[[[142.169621,27.038077],[142.169437,27.038253],[142.169623,27.038253],[142.169621,27.038077]]],[[[142.168646,27.038402],[142.168649,27.038509],[142.1687,27.038428],[142.168646,27.038402]]],[[[142.168417,27.038831],[142.16828,27.038291],[142.168255,27.038901],[142.168417,27.038831]]],[[[142.168622,27.038531],[142.168564,27.038654],[142.168664,27.038686],[142.168622,27.038531]]],[[[142.169046,27.039817],[142.169208,27.039802],[142.169197,27.039751],[142.169046,27.039817]]],[[[142.171932,27.042472],[142.171409,27.042227],[142.171202,27.042368],[142.171932,27.042472]]],[[[142.171051,27.042417],[142.171012,27.042466],[142.171057,27.042459],[142.171051,27.042417]]],[[[142.169325,27.042564],[142.169386,27.042441],[142.169332,27.042437],[142.169325,27.042564]]],[[[142.169829,27.042775],[142.169786,27.042652],[142.169777,27.042752],[142.169829,27.042775]]],[[[142.168875,27.042883],[142.168914,27.043058],[142.169008,27.042956],[142.168875,27.042883]]],[[[142.16598,27.043674],[142.166036,27.043518],[142.165935,27.043529],[142.16598,27.043674]]],[[[142.17119,27.043609],[142.170953,27.043665],[142.17118,27.043714],[142.17119,27.043609]]],[[[142.169159,27.043972],[142.169104,27.043924],[142.169112,27.043976],[142.169159,27.043972]]],[[[142.17144,27.044886],[142.171354,27.044829],[142.171402,27.044909],[142.17144,27.044886]]],[[[142.171224,27.045276],[142.171954,27.04479],[142.171928,27.044419],[142.171224,27.045276]]],[[[142.171202,27.045031],[142.17115,27.04505],[142.171185,27.045071],[142.171202,27.045031]]],[[[142.170939,27.04505],[142.170916,27.045112],[142.170963,27.0451],[142.170939,27.04505]]],[[[142.171025,27.045282],[142.170986,27.045203],[142.17096,27.045294],[142.171025,27.045282]]],[[[142.171425,27.045476],[142.171319,27.045451],[142.17134,27.045499],[142.171425,27.045476]]],[[[142.170469,27.045808],[142.170384,27.045802],[142.170427,27.04584],[142.170469,27.045808]]],[[[142.171028,27.050994],[142.171175,27.051108],[142.171227,27.050986],[142.171028,27.050994]]],[[[142.169524,27.051506],[142.169722,27.051366],[142.169688,27.051302],[142.169524,27.051506]]],[[[142.170579,27.052756],[142.170961,27.052799],[142.170732,27.052589],[142.170579,27.052756]]],[[[142.171059,27.053247],[142.171359,27.053301],[142.171128,27.053135],[142.171059,27.053247]]],[[[142.164283,27.112595],[142.1642,27.112456],[142.164142,27.112495],[142.164283,27.112595]]],[[[142.164225,27.112687],[142.164269,27.11277],[142.164278,27.112704],[142.164225,27.112687]]],[[[142.167076,27.114815],[142.167027,27.114765],[142.167014,27.114822],[142.167076,27.114815]]],[[[142.163633,27.115415],[142.163473,27.115398],[142.163624,27.115454],[142.163633,27.115415]]],[[[142.163931,27.115512],[142.163779,27.115535],[142.163922,27.115552],[142.163931,27.115512]]],[[[142.164219,27.115582],[142.164186,27.115643],[142.164223,27.115644],[142.164219,27.115582]]],[[[142.164602,27.11579],[142.164513,27.115662],[142.164517,27.115785],[142.164602,27.11579]]],[[[142.168329,27.121601],[142.170862,27.117279],[142.172207,27.116718],[142.172157,27.116108],[142.171332,27.11635],[142.170439,27.114945],[142.169965,27.115686],[142.168947,27.114623],[142.166995,27.115031],[142.165644,27.112901],[142.16164,27.113106],[142.161864,27.115067],[142.165307,27.115532],[142.165776,27.116969],[142.164778,27.117677],[142.16563,27.117752],[142.164826,27.119431],[142.163832,27.12008],[142.163241,27.12147],[142.165162,27.121364],[142.166466,27.120276],[142.168329,27.121601]]],[[[142.164993,27.118656],[142.164946,27.118625],[142.164959,27.118662],[142.164993,27.118656]]],[[[142.165001,27.118761],[142.16495,27.118748],[142.164969,27.118793],[142.165001,27.118761]]],[[[142.17026,27.119474],[142.17059,27.119426],[142.170296,27.119377],[142.17026,27.119474]]],[[[142.169971,27.119546],[142.170073,27.119508],[142.170013,27.119462],[142.169971,27.119546]]],[[[142.170322,27.119711],[142.170292,27.119605],[142.170197,27.119614],[142.170322,27.119711]]],[[[142.171599,27.119651],[142.171551,27.119702],[142.171606,27.119701],[142.171599,27.119651]]],[[[142.171491,27.119659],[142.171201,27.11995],[142.171335,27.120017],[142.171491,27.119659]]],[[[142.166528,27.120576],[142.166077,27.120615],[142.165912,27.120937],[142.166528,27.120576]]],[[[142.168152,27.122034],[142.168445,27.122096],[142.168355,27.121959],[142.168152,27.122034]]],[[[142.170775,27.62243],[142.170685,27.62236],[142.170691,27.622426],[142.170775,27.62243]]],[[[142.170491,27.622853],[142.170489,27.622711],[142.170399,27.622809],[142.170491,27.622853]]],[[[142.171624,27.625635],[142.172494,27.624161],[142.17118,27.623272],[142.170847,27.625511],[142.171624,27.625635]]],[[[142.169493,27.630086],[142.169715,27.630546],[142.16984,27.630152],[142.169493,27.630086]]],[[[142.169371,27.63067],[142.169223,27.630999],[142.169443,27.630873],[142.169371,27.63067]]],[[[142.171134,27.63196],[142.170627,27.631624],[142.170764,27.632046],[142.171134,27.63196]]],[[[142.169043,27.632891],[142.168993,27.6328],[142.168974,27.632889],[142.169043,27.632891]]],[[[142.170276,27.635784],[142.169987,27.635222],[142.169846,27.635659],[142.170276,27.635784]]],[[[142.169431,27.636552],[142.168979,27.635678],[142.16864,27.635752],[142.169431,27.636552]]],[[[142.168806,27.636582],[142.168617,27.636709],[142.168862,27.636816],[142.168806,27.636582]]],[[[142.167979,27.637116],[142.167836,27.637056],[142.167885,27.637156],[142.167979,27.637116]]],[[[142.16791,27.637406],[142.167795,27.637306],[142.167811,27.637422],[142.16791,27.637406]]],[[[142.168806,27.638231],[142.169104,27.637119],[142.16798,27.636629],[142.168245,27.637626],[142.167763,27.638255],[142.168806,27.638231]]],[[[142.164939,27.642685],[142.165049,27.64256],[142.16494,27.642584],[142.164939,27.642685]]],[[[142.174624,26.594072],[142.174476,26.594397],[142.174688,26.594384],[142.174624,26.594072]]],[[[142.171891,26.594736],[142.171797,26.594704],[142.17187,26.594757],[142.171891,26.594736]]],[[[142.171658,26.594956],[142.171669,26.594831],[142.171593,26.59485],[142.171658,26.594956]]],[[[142.175535,26.597801],[142.175533,26.597455],[142.175365,26.597711],[142.175535,26.597801]]],[[[142.174778,26.597777],[142.174854,26.597752],[142.174793,26.597729],[142.174778,26.597777]]],[[[142.173258,26.597778],[142.173358,26.597821],[142.173327,26.597752],[142.173258,26.597778]]],[[[142.173386,26.597833],[142.173467,26.597773],[142.173436,26.597745],[142.173386,26.597833]]],[[[142.174954,26.597837],[142.174911,26.597822],[142.174926,26.597853],[142.174954,26.597837]]],[[[142.173768,26.597857],[142.173764,26.597944],[142.173852,26.597818],[142.173768,26.597857]]],[[[142.174747,26.597962],[142.174742,26.59786],[142.174707,26.597942],[142.174747,26.597962]]],[[[142.1735,26.597909],[142.173417,26.597958],[142.173428,26.597979],[142.1735,26.597909]]],[[[142.173378,26.598022],[142.173221,26.597891],[142.173223,26.598079],[142.173378,26.598022]]],[[[142.174888,26.59811],[142.174974,26.598149],[142.174954,26.598055],[142.174888,26.59811]]],[[[142.173463,26.598168],[142.173428,26.598129],[142.173412,26.598137],[142.173463,26.598168]]],[[[142.17505,26.598213],[142.175029,26.598136],[142.175002,26.598162],[142.17505,26.598213]]],[[[142.17491,26.598213],[142.174875,26.598184],[142.174863,26.59821],[142.17491,26.598213]]],[[[142.173074,26.598213],[142.173203,26.598218],[142.173113,26.598155],[142.173074,26.598213]]],[[[142.174125,26.598268],[142.174165,26.598182],[142.174096,26.598209],[142.174125,26.598268]]],[[[142.174334,26.598475],[142.174366,26.598047],[142.174276,26.598442],[142.174334,26.598475]]],[[[142.174114,26.598328],[142.174127,26.598281],[142.174094,26.598295],[142.174114,26.598328]]],[[[142.174785,26.598395],[142.174766,26.598331],[142.174739,26.598342],[142.174785,26.598395]]],[[[142.176419,26.598617],[142.176367,26.598669],[142.176432,26.598672],[142.176419,26.598617]]],[[[142.176232,26.598654],[142.1762,26.598713],[142.176261,26.598713],[142.176232,26.598654]]],[[[142.176553,26.598862],[142.176441,26.598866],[142.176548,26.59892],[142.176553,26.598862]]],[[[142.176178,26.598756],[142.176019,26.598858],[142.175993,26.599029],[142.176178,26.598756]]],[[[142.175202,26.599169],[142.174713,26.599162],[142.174796,26.599549],[142.175202,26.599169]]],[[[142.174718,26.599439],[142.174701,26.599478],[142.174724,26.599481],[142.174718,26.599439]]],[[[142.175554,26.600402],[142.175961,26.599367],[142.175386,26.599748],[142.175913,26.598758],[142.174589,26.600158],[142.175554,26.600402]]],[[[142.174594,26.600126],[142.174576,26.600076],[142.174555,26.600131],[142.174594,26.600126]]],[[[142.176007,26.600789],[142.176417,26.600523],[142.176483,26.600212],[142.176007,26.600789]]],[[[142.176664,26.600767],[142.176605,26.600727],[142.176604,26.600801],[142.176664,26.600767]]],[[[142.176518,26.600827],[142.176592,26.600811],[142.176577,26.600777],[142.176518,26.600827]]],[[[142.176502,26.600914],[142.176482,26.600958],[142.176528,26.600937],[142.176502,26.600914]]],[[[142.173612,26.60146],[142.173872,26.600734],[142.17337,26.600356],[142.17318,26.601164],[142.173612,26.60146]]],[[[142.175833,26.601218],[142.175801,26.601132],[142.175738,26.601199],[142.175833,26.601218]]],[[[142.176745,26.601778],[142.17672,26.601744],[142.176698,26.601781],[142.176745,26.601778]]],[[[142.175496,26.602138],[142.175448,26.602169],[142.175554,26.602152],[142.175496,26.602138]]],[[[142.176093,26.605391],[142.175833,26.604882],[142.175697,26.604868],[142.176093,26.605391]]],[[[142.176872,26.605743],[142.176239,26.605602],[142.17652,26.606055],[142.176872,26.605743]]],[[[142.176775,26.605969],[142.176726,26.605934],[142.176721,26.605974],[142.176775,26.605969]]],[[[142.173405,26.607883],[142.173434,26.607845],[142.173389,26.607871],[142.173405,26.607883]]],[[[142.173377,26.607933],[142.173383,26.607899],[142.173363,26.607907],[142.173377,26.607933]]],[[[142.173524,26.60795],[142.173525,26.607917],[142.173506,26.607927],[142.173524,26.60795]]],[[[142.173707,26.607974],[142.173736,26.607952],[142.173704,26.607954],[142.173707,26.607974]]],[[[142.173535,26.607989],[142.173545,26.608044],[142.173568,26.608005],[142.173535,26.607989]]],[[[142.174265,26.608172],[142.174142,26.608108],[142.174129,26.608136],[142.174265,26.608172]]],[[[142.174569,26.608309],[142.174559,26.608258],[142.174532,26.608294],[142.174569,26.608309]]],[[[142.176323,26.608475],[142.17598,26.608311],[142.17604,26.608609],[142.176323,26.608475]]],[[[142.173288,26.608539],[142.173319,26.608509],[142.173284,26.608476],[142.173288,26.608539]]],[[[142.173412,26.608712],[142.173517,26.608695],[142.17349,26.608676],[142.173412,26.608712]]],[[[142.175146,26.609228],[142.175183,26.609213],[142.175142,26.609207],[142.175146,26.609228]]],[[[142.176586,26.609301],[142.176645,26.609285],[142.176591,26.60927],[142.176586,26.609301]]],[[[142.174829,26.609417],[142.174813,26.609389],[142.174798,26.609399],[142.174829,26.609417]]],[[[142.175609,26.612803],[142.17565,26.612843],[142.175673,26.612805],[142.175609,26.612803]]],[[[142.174735,26.616029],[142.174742,26.6161],[142.174782,26.61599],[142.174735,26.616029]]],[[[142.174264,26.616297],[142.174248,26.616238],[142.174222,26.616249],[142.174264,26.616297]]],[[[142.175208,26.616995],[142.175637,26.616579],[142.17526,26.615703],[142.174738,26.616318],[142.175183,26.616819],[142.175181,26.616956],[142.174865,26.616969],[142.175208,26.616995]]],[[[142.176169,26.616884],[142.176103,26.616703],[142.175977,26.616883],[142.176169,26.616884]]],[[[142.176453,26.616866],[142.176489,26.61686],[142.176461,26.616843],[142.176453,26.616866]]],[[[142.175099,26.616879],[142.175072,26.616877],[142.175091,26.61689],[142.175099,26.616879]]],[[[142.175145,26.616891],[142.175123,26.616901],[142.175144,26.616903],[142.175145,26.616891]]],[[[142.176194,26.616909],[142.176261,26.61694],[142.176265,26.616847],[142.176194,26.616909]]],[[[142.176479,26.617081],[142.17652,26.617124],[142.176507,26.617071],[142.176479,26.617081]]],[[[142.174254,26.62026],[142.174071,26.620039],[142.173879,26.620109],[142.174254,26.62026]]],[[[142.175758,26.620122],[142.175785,26.620195],[142.175789,26.620111],[142.175758,26.620122]]],[[[142.175354,26.620261],[142.175211,26.620224],[142.175328,26.620317],[142.175354,26.620261]]],[[[142.175072,26.620297],[142.175159,26.620326],[142.175098,26.620264],[142.175072,26.620297]]],[[[142.174003,26.622152],[142.173769,26.621595],[142.173682,26.621684],[142.174003,26.622152]]],[[[142.173741,26.622387],[142.173625,26.622437],[142.173646,26.622545],[142.173741,26.622387]]],[[[142.172693,26.627262],[142.172723,26.627121],[142.172643,26.627264],[142.172693,26.627262]]],[[[142.172761,26.62763],[142.172689,26.627576],[142.172717,26.627667],[142.172761,26.62763]]],[[[142.172718,26.627967],[142.172822,26.627944],[142.172786,26.627869],[142.172718,26.627967]]],[[[142.17196,26.628258],[142.171949,26.628205],[142.171915,26.628232],[142.17196,26.628258]]],[[[142.174256,26.635412],[142.174294,26.635318],[142.174235,26.635327],[142.174256,26.635412]]],[[[142.17422,26.635771],[142.174229,26.635829],[142.174238,26.635832],[142.17422,26.635771]]],[[[142.172804,26.636259],[142.172733,26.636205],[142.172707,26.63627],[142.172804,26.636259]]],[[[142.172833,26.636385],[142.172882,26.636367],[142.172849,26.636342],[142.172833,26.636385]]],[[[142.172723,26.636438],[142.172781,26.636469],[142.172753,26.636411],[142.172723,26.636438]]],[[[142.172865,26.636455],[142.172846,26.636487],[142.172881,26.636479],[142.172865,26.636455]]],[[[142.172642,26.636501],[142.172671,26.636474],[142.17263,26.636475],[142.172642,26.636501]]],[[[142.172774,26.636557],[142.172713,26.636577],[142.17275,26.636599],[142.172774,26.636557]]],[[[142.172864,26.636654],[142.172866,26.636708],[142.172897,26.636699],[142.172864,26.636654]]],[[[142.172983,26.636728],[142.172946,26.63677],[142.172995,26.636757],[142.172983,26.636728]]],[[[142.173002,26.636911],[142.17303,26.636927],[142.17303,26.636903],[142.173002,26.636911]]],[[[142.173089,26.637315],[142.173115,26.637391],[142.173097,26.637298],[142.173089,26.637315]]],[[[142.173059,26.637469],[142.173083,26.637504],[142.173091,26.637474],[142.173059,26.637469]]],[[[142.173122,26.637476],[142.173122,26.637523],[142.173151,26.637503],[142.173122,26.637476]]],[[[142.17303,26.637586],[142.173075,26.637574],[142.173042,26.637558],[142.17303,26.637586]]],[[[142.173109,26.637635],[142.173152,26.637618],[142.173125,26.637603],[142.173109,26.637635]]],[[[142.173164,26.637713],[142.173197,26.637685],[142.173156,26.637678],[142.173164,26.637713]]],[[[142.17373,26.637868],[142.173784,26.637915],[142.173782,26.637853],[142.17373,26.637868]]],[[[142.173609,26.637892],[142.173665,26.63789],[142.173632,26.637865],[142.173609,26.637892]]],[[[142.173754,26.637975],[142.173809,26.637973],[142.173777,26.637948],[142.173754,26.637975]]],[[[142.173282,26.638002],[142.173396,26.637993],[142.173285,26.637972],[142.173282,26.638002]]],[[[142.17367,26.638057],[142.173582,26.637955],[142.173658,26.638103],[142.17367,26.638057]]],[[[142.173448,26.637977],[142.173582,26.638115],[142.173486,26.63793],[142.173448,26.637977]]],[[[142.17318,26.639717],[142.173235,26.639746],[142.173215,26.639701],[142.17318,26.639717]]],[[[142.172427,26.641207],[142.172485,26.641189],[142.17247,26.641158],[142.172427,26.641207]]],[[[142.172392,26.641393],[142.172459,26.641401],[142.172445,26.641364],[142.172392,26.641393]]],[[[142.172388,26.641447],[142.172462,26.641505],[142.172482,26.641478],[142.172388,26.641447]]],[[[142.172421,26.64154],[142.172435,26.641586],[142.172477,26.641537],[142.172421,26.64154]]],[[[142.17235,26.641602],[142.172404,26.64162],[142.172375,26.641582],[142.17235,26.641602]]],[[[142.171868,26.641993],[142.171971,26.641895],[142.171835,26.641873],[142.171868,26.641993]]],[[[142.172068,26.642037],[142.171957,26.642004],[142.171987,26.642072],[142.172068,26.642037]]],[[[142.17173,26.642169],[142.171711,26.642228],[142.171748,26.642222],[142.17173,26.642169]]],[[[142.171652,26.642273],[142.171661,26.64232],[142.171693,26.642306],[142.171652,26.642273]]],[[[142.171768,26.642691],[142.171815,26.64268],[142.171786,26.642665],[142.171768,26.642691]]],[[[142.171728,26.642968],[142.171795,26.642973],[142.171744,26.642937],[142.171728,26.642968]]],[[[142.171768,26.643459],[142.171791,26.643421],[142.171767,26.643417],[142.171768,26.643459]]],[[[142.17253,26.643519],[142.172537,26.643458],[142.172458,26.643507],[142.17253,26.643519]]],[[[142.172329,26.643573],[142.172383,26.643628],[142.172391,26.643543],[142.172329,26.643573]]],[[[142.171892,26.64359],[142.171852,26.643606],[142.171888,26.643614],[142.171892,26.64359]]],[[[142.171939,26.643642],[142.171952,26.643602],[142.171929,26.643613],[142.171939,26.643642]]],[[[142.172192,26.643633],[142.172226,26.643676],[142.172232,26.643637],[142.172192,26.643633]]],[[[142.172064,26.643654],[142.172071,26.643686],[142.172076,26.64366],[142.172064,26.643654]]],[[[142.172093,26.643695],[142.172146,26.643731],[142.172118,26.643685],[142.172093,26.643695]]],[[[142.172788,26.643728],[142.172794,26.643778],[142.172826,26.643727],[142.172788,26.643728]]],[[[142.172199,26.643834],[142.172222,26.643787],[142.172192,26.643785],[142.172199,26.643834]]],[[[142.172481,26.644125],[142.172407,26.64402],[142.172405,26.644138],[142.172481,26.644125]]],[[[142.172471,26.644191],[142.172526,26.644181],[142.172498,26.644151],[142.172471,26.644191]]],[[[142.172662,26.644435],[142.172711,26.6444],[142.172686,26.644375],[142.172662,26.644435]]],[[[142.172722,26.64459],[142.172709,26.644552],[142.172713,26.644597],[142.172722,26.64459]]],[[[142.173725,26.644593],[142.173861,26.644602],[142.173732,26.644544],[142.173725,26.644593]]],[[[142.173391,26.644613],[142.173444,26.644608],[142.173409,26.644586],[142.173391,26.644613]]],[[[142.173632,26.64463],[142.173683,26.644611],[142.173633,26.644603],[142.173632,26.64463]]],[[[142.173565,26.644991],[142.173524,26.644931],[142.173531,26.644999],[142.173565,26.644991]]],[[[142.173673,26.645066],[142.17359,26.645025],[142.173624,26.645077],[142.173673,26.645066]]],[[[142.173746,26.646238],[142.173731,26.646334],[142.173771,26.646255],[142.173746,26.646238]]],[[[142.17401,26.646651],[142.174019,26.646711],[142.174033,26.646661],[142.17401,26.646651]]],[[[142.173694,26.646801],[142.173763,26.646857],[142.173712,26.64677],[142.173694,26.646801]]],[[[142.173966,26.64696],[142.174027,26.647018],[142.17402,26.646945],[142.173966,26.64696]]],[[[142.174851,26.647884],[142.17481,26.647658],[142.174686,26.647704],[142.174851,26.647884]]],[[[142.17497,26.64782],[142.17498,26.647877],[142.175014,26.647828],[142.17497,26.64782]]],[[[142.174525,26.648907],[142.174591,26.648922],[142.174552,26.648871],[142.174525,26.648907]]],[[[142.174279,26.648972],[142.174312,26.648992],[142.174322,26.648968],[142.174279,26.648972]]],[[[142.174544,26.649095],[142.174609,26.649105],[142.17458,26.649071],[142.174544,26.649095]]],[[[142.174706,26.649206],[142.174789,26.649268],[142.174736,26.649176],[142.174706,26.649206]]],[[[142.174677,26.649336],[142.174738,26.649354],[142.174692,26.649314],[142.174677,26.649336]]],[[[142.174584,26.649798],[142.174623,26.649774],[142.174589,26.649764],[142.174584,26.649798]]],[[[142.174576,26.64994],[142.174606,26.649971],[142.174603,26.649937],[142.174576,26.64994]]],[[[142.174331,26.650165],[142.174396,26.650151],[142.174354,26.650128],[142.174331,26.650165]]],[[[142.174418,26.650153],[142.174464,26.650233],[142.174522,26.650178],[142.174418,26.650153]]],[[[142.174267,26.650406],[142.174304,26.650425],[142.174305,26.650402],[142.174267,26.650406]]],[[[142.174147,26.650549],[142.174091,26.650527],[142.17412,26.650568],[142.174147,26.650549]]],[[[142.174133,26.650615],[142.17415,26.650689],[142.174194,26.650648],[142.174133,26.650615]]],[[[142.17474,26.650877],[142.17472,26.650926],[142.174759,26.650917],[142.17474,26.650877]]],[[[142.174634,26.650959],[142.174688,26.650942],[142.174651,26.650932],[142.174634,26.650959]]],[[[142.174627,26.651041],[142.174625,26.651098],[142.174673,26.65108],[142.174627,26.651041]]],[[[142.174157,26.651476],[142.174204,26.651494],[142.174178,26.65145],[142.174157,26.651476]]],[[[142.174156,26.651501],[142.174109,26.651495],[142.174124,26.651527],[142.174156,26.651501]]],[[[142.173865,26.652095],[142.173908,26.652081],[142.173862,26.652072],[142.173865,26.652095]]],[[[142.174038,26.652244],[142.17408,26.652282],[142.174058,26.652232],[142.174038,26.652244]]],[[[142.173937,26.652472],[142.173988,26.65247],[142.173936,26.652454],[142.173937,26.652472]]],[[[142.174283,26.65307],[142.174301,26.653116],[142.174324,26.653089],[142.174283,26.65307]]],[[[142.174545,26.653264],[142.174583,26.653241],[142.174548,26.653225],[142.174545,26.653264]]],[[[142.174354,26.653367],[142.17441,26.653424],[142.174422,26.653365],[142.174354,26.653367]]],[[[142.174449,26.653396],[142.174483,26.653437],[142.174465,26.653374],[142.174449,26.653396]]],[[[142.174387,26.653539],[142.174421,26.653489],[142.174386,26.653475],[142.174387,26.653539]]],[[[142.174379,26.653612],[142.17444,26.653642],[142.174425,26.653588],[142.174379,26.653612]]],[[[142.176619,26.654583],[142.176584,26.654544],[142.176597,26.654589],[142.176619,26.654583]]],[[[142.175534,26.6547],[142.17548,26.654728],[142.175544,26.654719],[142.175534,26.6547]]],[[[142.176591,26.654694],[142.176641,26.654692],[142.176639,26.654684],[142.176591,26.654694]]],[[[142.175363,26.654748],[142.175409,26.654711],[142.17538,26.654688],[142.175363,26.654748]]],[[[142.175664,26.654807],[142.175718,26.654795],[142.175662,26.654782],[142.175664,26.654807]]],[[[142.175771,26.654855],[142.175806,26.654847],[142.175778,26.654833],[142.175771,26.654855]]],[[[142.175683,26.654868],[142.17572,26.654856],[142.17569,26.654846],[142.175683,26.654868]]],[[[142.173405,26.656067],[142.173353,26.656043],[142.173353,26.656098],[142.173405,26.656067]]],[[[142.173021,26.656131],[142.173006,26.656104],[142.172993,26.656122],[142.173021,26.656131]]],[[[142.172808,26.656349],[142.172841,26.656325],[142.172809,26.656319],[142.172808,26.656349]]],[[[142.172556,26.656413],[142.172613,26.656427],[142.172615,26.656383],[142.172556,26.656413]]],[[[142.17261,26.656605],[142.172586,26.656674],[142.172682,26.656635],[142.17261,26.656605]]],[[[142.172267,26.656864],[142.17229,26.656842],[142.172262,26.656838],[142.172267,26.656864]]],[[[142.172085,26.656876],[142.172133,26.656927],[142.172113,26.656849],[142.172085,26.656876]]],[[[142.171902,26.657092],[142.171956,26.65707],[142.171915,26.657063],[142.171902,26.657092]]],[[[142.171893,26.657468],[142.171923,26.657494],[142.171909,26.657458],[142.171893,26.657468]]],[[[142.172667,27.029603],[142.172707,27.029641],[142.172737,27.029611],[142.172667,27.029603]]],[[[142.174577,27.030271],[142.17454,27.029718],[142.174231,27.029882],[142.174577,27.030271]]],[[[142.172579,27.030148],[142.172582,27.030072],[142.172528,27.030106],[142.172579,27.030148]]],[[[142.173437,27.030948],[142.174231,27.030615],[142.1743,27.030367],[142.173437,27.030948]]],[[[142.173001,27.031902],[142.172656,27.031467],[142.17238,27.032099],[142.173001,27.031902]]],[[[142.174505,27.034223],[142.174484,27.0343],[142.174558,27.034252],[142.174505,27.034223]]],[[[142.174414,27.034504],[142.174457,27.034449],[142.174456,27.03443],[142.174414,27.034504]]],[[[142.176365,27.034811],[142.176532,27.034701],[142.17623,27.034715],[142.176365,27.034811]]],[[[142.172582,27.035036],[142.172754,27.035117],[142.172771,27.035022],[142.172582,27.035036]]],[[[142.173412,27.045194],[142.177973,27.035355],[142.176961,27.034642],[142.176459,27.03681],[142.175275,27.03669],[142.175206,27.035293],[142.176869,27.032847],[142.176904,27.031877],[142.175647,27.031609],[142.173993,27.035917],[142.174533,27.037922],[142.173627,27.038795],[142.173148,27.040847],[142.174482,27.041346],[142.172622,27.042295],[142.173405,27.042717],[142.173203,27.043381],[142.171585,27.043483],[142.173139,27.044315],[142.172681,27.045239],[142.173412,27.045194]]],[[[142.172223,27.042525],[142.172137,27.042557],[142.172225,27.042574],[142.172223,27.042525]]],[[[142.172062,27.042642],[142.171993,27.042661],[142.172045,27.042678],[142.172062,27.042642]]],[[[142.172256,27.042881],[142.172427,27.042825],[142.17225,27.042787],[142.172256,27.042881]]],[[[142.172327,27.046306],[142.172417,27.046425],[142.172517,27.046302],[142.172327,27.046306]]],[[[142.172037,27.049727],[142.171959,27.049609],[142.171933,27.049702],[142.172037,27.049727]]],[[[142.176683,27.053792],[142.176755,27.053666],[142.176694,27.053643],[142.176683,27.053792]]],[[[142.175027,27.055161],[142.17509,27.055075],[142.175003,27.055086],[142.175027,27.055161]]],[[[142.175338,27.055341],[142.175235,27.055142],[142.175091,27.055374],[142.175338,27.055341]]],[[[142.171836,27.114626],[142.172144,27.114639],[142.17183,27.11446],[142.171836,27.114626]]],[[[142.172408,27.115597],[142.171599,27.115058],[142.172235,27.115717],[142.172408,27.115597]]],[[[142.172647,27.115818],[142.172773,27.115753],[142.172728,27.11563],[142.172647,27.115818]]],[[[142.172527,27.115851],[142.172589,27.115887],[142.17257,27.115835],[142.172527,27.115851]]],[[[142.172496,27.116231],[142.172473,27.116053],[142.172413,27.116041],[142.172496,27.116231]]],[[[142.172726,27.11629],[142.172666,27.116226],[142.172686,27.1163],[142.172726,27.11629]]],[[[142.172398,27.116244],[142.172371,27.116297],[142.172413,27.1163],[142.172398,27.116244]]],[[[142.172737,27.116417],[142.172669,27.116383],[142.172717,27.116428],[142.172737,27.116417]]],[[[142.173548,27.116277],[142.17372,27.116451],[142.173715,27.116236],[142.173548,27.116277]]],[[[142.172499,27.116401],[142.172458,27.116448],[142.172487,27.116456],[142.172499,27.116401]]],[[[142.173871,27.116409],[142.173822,27.116437],[142.173858,27.11646],[142.173871,27.116409]]],[[[142.172705,27.116499],[142.172647,27.116486],[142.172678,27.116536],[142.172705,27.116499]]],[[[142.173772,27.116539],[142.173724,27.116526],[142.173731,27.116549],[142.173772,27.116539]]],[[[142.17274,27.116619],[142.172691,27.116621],[142.172728,27.116665],[142.17274,27.116619]]],[[[142.171976,27.117021],[142.172084,27.116964],[142.171939,27.116872],[142.171976,27.117021]]],[[[142.171686,27.117463],[142.171877,27.117712],[142.171785,27.117299],[142.171686,27.117463]]],[[[142.175616,27.619639],[142.175459,27.619614],[142.175466,27.619669],[142.175616,27.619639]]],[[[142.177213,27.621212],[142.176718,27.620728],[142.176055,27.620641],[142.176681,27.621893],[142.177213,27.621212]]],[[[142.1765,27.622222],[142.176575,27.622126],[142.17653,27.622129],[142.1765,27.622222]]],[[[142.176696,27.622367],[142.176709,27.622242],[142.176646,27.622319],[142.176696,27.622367]]],[[[142.174892,27.622883],[142.174832,27.622784],[142.17481,27.622859],[142.174892,27.622883]]],[[[142.174897,27.623117],[142.174998,27.622982],[142.174931,27.622964],[142.174897,27.623117]]],[[[142.172439,27.623193],[142.172465,27.623026],[142.172398,27.623174],[142.172439,27.623193]]],[[[142.174911,27.623361],[142.174766,27.623403],[142.174936,27.623443],[142.174911,27.623361]]],[[[142.172686,27.624979],[142.172778,27.624911],[142.172733,27.624884],[142.172686,27.624979]]],[[[142.176552,27.63425],[142.176426,27.634081],[142.176386,27.634129],[142.176552,27.63425]]],[[[142.177859,26.59996],[142.17791,26.599885],[142.177813,26.59992],[142.177859,26.59996]]],[[[142.177734,26.600051],[142.177662,26.599974],[142.177687,26.600061],[142.177734,26.600051]]],[[[142.177798,26.599994],[142.177799,26.600058],[142.177822,26.599997],[142.177798,26.599994]]],[[[142.177266,26.600123],[142.177216,26.60003],[142.177219,26.600111],[142.177266,26.600123]]],[[[142.177881,26.600128],[142.177877,26.600042],[142.177816,26.600058],[142.177881,26.600128]]],[[[142.177121,26.600077],[142.177164,26.600111],[142.177194,26.600076],[142.177121,26.600077]]],[[[142.17691,26.602193],[142.176937,26.602105],[142.176851,26.602201],[142.17691,26.602193]]],[[[142.177453,26.602348],[142.177604,26.602357],[142.177592,26.602282],[142.177453,26.602348]]],[[[142.176913,26.602379],[142.176898,26.602353],[142.176888,26.602373],[142.176913,26.602379]]],[[[142.177212,26.602568],[142.177212,26.60253],[142.177189,26.60256],[142.177212,26.602568]]],[[[142.17755,26.602669],[142.177544,26.602615],[142.177516,26.60268],[142.17755,26.602669]]],[[[142.177479,26.602673],[142.177393,26.602643],[142.177355,26.602732],[142.177479,26.602673]]],[[[142.178541,26.602851],[142.178403,26.602873],[142.178457,26.60293],[142.178541,26.602851]]],[[[142.178276,26.602897],[142.178349,26.602931],[142.178367,26.602865],[142.178276,26.602897]]],[[[142.177585,26.605429],[142.177916,26.603123],[142.176802,26.602727],[142.17682,26.601787],[142.176201,26.602154],[142.1758,26.601737],[142.175427,26.602392],[142.176673,26.603171],[142.176492,26.604163],[142.177585,26.605429]]],[[[142.178188,26.604168],[142.17817,26.6041],[142.178156,26.604159],[142.178188,26.604168]]],[[[142.178371,26.604168],[142.178411,26.604181],[142.178417,26.604161],[142.178371,26.604168]]],[[[142.178356,26.604296],[142.178395,26.604243],[142.178367,26.604226],[142.178356,26.604296]]],[[[142.178767,26.60441],[142.178739,26.604379],[142.178742,26.604406],[142.178767,26.60441]]],[[[142.178214,26.604414],[142.178675,26.604555],[142.178576,26.604247],[142.178214,26.604414]]],[[[142.179665,26.604548],[142.17971,26.604451],[142.179652,26.604451],[142.179665,26.604548]]],[[[142.179298,26.604536],[142.179294,26.604757],[142.179334,26.604782],[142.179369,26.604587],[142.179298,26.604536]]],[[[142.179608,26.604781],[142.179534,26.60468],[142.179545,26.604781],[142.179608,26.604781]]],[[[142.178959,26.605074],[142.178902,26.604837],[142.178829,26.605028],[142.178959,26.605074]]],[[[142.17877,26.605118],[142.178671,26.6051],[142.178748,26.605145],[142.17877,26.605118]]],[[[142.177729,26.605606],[142.17762,26.6056],[142.177521,26.605614],[142.1776,26.605693],[142.177729,26.605606]]],[[[142.176886,26.605656],[142.176934,26.605645],[142.176923,26.605605],[142.176886,26.605656]]],[[[142.180364,26.607584],[142.180539,26.607554],[142.180453,26.607453],[142.180364,26.607584]]],[[[142.179314,26.608404],[142.17927,26.608422],[142.179312,26.608426],[142.179314,26.608404]]],[[[142.179511,26.608369],[142.179637,26.608518],[142.179648,26.608335],[142.179511,26.608369]]],[[[142.179384,26.608472],[142.179501,26.608434],[142.179441,26.608411],[142.179384,26.608472]]],[[[142.180216,26.608753],[142.180216,26.608676],[142.180161,26.608723],[142.180216,26.608753]]],[[[142.179892,26.608988],[142.17988,26.608941],[142.179862,26.608983],[142.179892,26.608988]]],[[[142.180568,26.609048],[142.180533,26.609007],[142.180524,26.609053],[142.180568,26.609048]]],[[[142.181585,26.610327],[142.181585,26.610256],[142.181527,26.610335],[142.181585,26.610327]]],[[[142.181567,26.614151],[142.181667,26.614172],[142.181581,26.614129],[142.181567,26.614151]]],[[[142.181229,26.615348],[142.18129,26.615289],[142.181255,26.615282],[142.181229,26.615348]]],[[[142.181322,26.616049],[142.181324,26.616115],[142.18137,26.616092],[142.181322,26.616049]]],[[[142.181174,26.616113],[142.18123,26.616116],[142.181241,26.616072],[142.181174,26.616113]]],[[[142.181348,26.616131],[142.181351,26.616188],[142.181375,26.616178],[142.181348,26.616131]]],[[[142.181274,26.61618],[142.181219,26.616299],[142.181295,26.616264],[142.181274,26.61618]]],[[[142.181429,26.616352],[142.181542,26.616344],[142.181581,26.616228],[142.181429,26.616352]]],[[[142.181433,26.616527],[142.181502,26.616559],[142.181516,26.6165],[142.181433,26.616527]]],[[[142.181691,26.616571],[142.181673,26.616629],[142.18172,26.616596],[142.181691,26.616571]]],[[[142.181432,26.617195],[142.181229,26.61703],[142.181392,26.617398],[142.181432,26.617195]]],[[[142.181563,26.617534],[142.181488,26.617442],[142.181531,26.617539],[142.181563,26.617534]]],[[[142.181491,26.617587],[142.181435,26.61748],[142.181468,26.617599],[142.181491,26.617587]]],[[[142.18177,26.617843],[142.181681,26.617763],[142.181633,26.617811],[142.18177,26.617843]]],[[[142.181656,26.61786],[142.181612,26.617855],[142.181628,26.617876],[142.181656,26.61786]]],[[[142.181696,26.618604],[142.181752,26.61852],[142.181723,26.618497],[142.181696,26.618604]]],[[[142.177074,26.619105],[142.177166,26.619022],[142.17704,26.619038],[142.177074,26.619105]]],[[[142.177146,26.619376],[142.177202,26.619439],[142.177259,26.619386],[142.177146,26.619376]]],[[[142.18166,26.619649],[142.181718,26.619643],[142.181697,26.619618],[142.18166,26.619649]]],[[[142.181827,26.619795],[142.181821,26.61973],[142.181783,26.619776],[142.181827,26.619795]]],[[[142.177094,26.619823],[142.177055,26.619835],[142.177088,26.619843],[142.177094,26.619823]]],[[[142.181765,26.619886],[142.181766,26.619807],[142.18173,26.619877],[142.181765,26.619886]]],[[[142.181814,26.621179],[142.18179,26.621144],[142.181789,26.621187],[142.181814,26.621179]]],[[[142.181836,26.621328],[142.18189,26.621496],[142.181922,26.621308],[142.181836,26.621328]]],[[[142.181766,26.623254],[142.181813,26.623255],[142.181784,26.623202],[142.181766,26.623254]]],[[[142.181702,26.623247],[142.181744,26.623255],[142.181725,26.623214],[142.181702,26.623247]]],[[[142.18169,26.623379],[142.181592,26.623878],[142.181717,26.623365],[142.18169,26.623379]]],[[[142.18183,26.623866],[142.181881,26.623786],[142.181794,26.62384],[142.18183,26.623866]]],[[[142.180548,26.624098],[142.180524,26.624065],[142.180515,26.624116],[142.180548,26.624098]]],[[[142.180507,26.624134],[142.180566,26.624121],[142.180551,26.624107],[142.180507,26.624134]]],[[[142.181709,26.624207],[142.181613,26.624239],[142.181632,26.624282],[142.181709,26.624207]]],[[[142.180421,26.62433],[142.180415,26.624268],[142.180375,26.624281],[142.180421,26.62433]]],[[[142.180535,26.626095],[142.18059,26.62609],[142.180578,26.626027],[142.180535,26.626095]]],[[[142.180851,26.626311],[142.180966,26.626324],[142.1809,26.626247],[142.180851,26.626311]]],[[[142.180513,26.627235],[142.180651,26.627168],[142.180607,26.627068],[142.180513,26.627235]]],[[[142.180535,26.629225],[142.180597,26.629372],[142.180634,26.629314],[142.180535,26.629225]]],[[[142.180388,26.629373],[142.180339,26.629335],[142.180345,26.629382],[142.180388,26.629373]]],[[[142.180484,26.629479],[142.180436,26.629501],[142.180471,26.62951],[142.180484,26.629479]]],[[[142.180197,26.629999],[142.180238,26.63],[142.180215,26.629975],[142.180197,26.629999]]],[[[142.180336,26.630114],[142.180254,26.63004],[142.180252,26.63012],[142.180336,26.630114]]],[[[142.18072,26.630378],[142.18082,26.630569],[142.180815,26.630413],[142.18072,26.630378]]],[[[142.180657,26.630725],[142.180667,26.630831],[142.180707,26.630719],[142.180657,26.630725]]],[[[142.180773,26.630741],[142.180721,26.63098],[142.18073,26.631036],[142.180812,26.630951],[142.180773,26.630741]]],[[[142.180635,26.630871],[142.180667,26.630974],[142.180723,26.630888],[142.180635,26.630871]]],[[[142.179939,26.631708],[142.179968,26.631641],[142.179897,26.631647],[142.179939,26.631708]]],[[[142.18107,26.653083],[142.181129,26.653186],[142.181099,26.653073],[142.18107,26.653083]]],[[[142.177287,26.654213],[142.177305,26.654289],[142.177335,26.654222],[142.177287,26.654213]]],[[[142.176948,26.654351],[142.176985,26.654306],[142.176975,26.654295],[142.176948,26.654351]]],[[[142.178607,26.654334],[142.17857,26.654323],[142.178574,26.654347],[142.178607,26.654334]]],[[[142.178587,26.654443],[142.178619,26.654426],[142.178595,26.65441],[142.178587,26.654443]]],[[[142.176852,26.654485],[142.176891,26.654535],[142.176863,26.654468],[142.176852,26.654485]]],[[[142.176771,26.654533],[142.176806,26.65453],[142.17679,26.654511],[142.176771,26.654533]]],[[[142.17764,26.654519],[142.177637,26.654573],[142.177683,26.654523],[142.17764,26.654519]]],[[[142.177221,26.654617],[142.177244,26.654599],[142.17721,26.654591],[142.177221,26.654617]]],[[[142.177231,26.654648],[142.177272,26.654644],[142.177236,26.654637],[142.177231,26.654648]]],[[[142.177678,26.654664],[142.177725,26.654723],[142.177703,26.654645],[142.177678,26.654664]]],[[[142.177996,26.654693],[142.178022,26.654727],[142.178022,26.654694],[142.177996,26.654693]]],[[[142.178634,26.65548],[142.178676,26.655475],[142.178643,26.655458],[142.178634,26.65548]]],[[[142.178616,26.65554],[142.178646,26.655566],[142.17866,26.655542],[142.178616,26.65554]]],[[[142.178415,26.655704],[142.178446,26.655692],[142.178423,26.655685],[142.178415,26.655704]]],[[[142.178214,26.655722],[142.178244,26.655713],[142.178234,26.655701],[142.178214,26.655722]]],[[[142.179544,26.655763],[142.179581,26.655745],[142.179546,26.655729],[142.179544,26.655763]]],[[[142.176891,26.655767],[142.176924,26.65576],[142.176903,26.655735],[142.176891,26.655767]]],[[[142.178189,26.655774],[142.178199,26.655755],[142.178169,26.655751],[142.178189,26.655774]]],[[[142.179575,26.655813],[142.179618,26.655812],[142.179585,26.655794],[142.179575,26.655813]]],[[[142.177653,26.65585],[142.177654,26.655822],[142.177635,26.655823],[142.177653,26.65585]]],[[[142.177422,26.65584],[142.177466,26.655856],[142.17746,26.655843],[142.177422,26.65584]]],[[[142.176973,26.655893],[142.177008,26.655977],[142.177025,26.655887],[142.176973,26.655893]]],[[[142.177688,26.65596],[142.17776,26.655957],[142.177695,26.65594],[142.177688,26.65596]]],[[[142.177245,26.65595],[142.177276,26.655982],[142.17728,26.655941],[142.177245,26.65595]]],[[[142.176847,26.656008],[142.176869,26.656015],[142.176861,26.655953],[142.176847,26.656008]]],[[[142.179864,26.656029],[142.17991,26.656052],[142.179869,26.656016],[142.179864,26.656029]]],[[[142.177711,26.65603],[142.177744,26.656082],[142.17774,26.656017],[142.177711,26.65603]]],[[[142.180043,26.656038],[142.180051,26.656091],[142.180085,26.656072],[142.180043,26.656038]]],[[[142.178473,27.032559],[142.178139,27.032791],[142.178492,27.032827],[142.178473,27.032559]]],[[[142.177904,27.033809],[142.177753,27.033566],[142.17774,27.033792],[142.177904,27.033809]]],[[[142.17883,27.036766],[142.17876,27.036608],[142.178656,27.036678],[142.17883,27.036766]]],[[[142.181947,27.040675],[142.181801,27.040568],[142.18185,27.040718],[142.181947,27.040675]]],[[[142.181761,27.040868],[142.181722,27.040943],[142.181774,27.040922],[142.181761,27.040868]]],[[[142.181668,27.04107],[142.181613,27.040895],[142.181465,27.040939],[142.181668,27.04107]]],[[[142.180674,27.040848],[142.180786,27.041201],[142.180913,27.040989],[142.180674,27.040848]]],[[[142.180517,27.041859],[142.180585,27.042126],[142.180728,27.042038],[142.180517,27.041859]]],[[[142.178873,27.043844],[142.178951,27.04387],[142.178891,27.043796],[142.178873,27.043844]]],[[[142.179068,27.044757],[142.177895,27.043362],[142.176623,27.043021],[142.176957,27.043909],[142.177744,27.043612],[142.179068,27.044757]]],[[[142.176869,27.044168],[142.176955,27.044477],[142.177038,27.044438],[142.176869,27.044168]]],[[[142.179372,27.045117],[142.179199,27.045246],[142.179389,27.045207],[142.179372,27.045117]]],[[[142.17969,27.045298],[142.179637,27.045301],[142.179673,27.045321],[142.17969,27.045298]]],[[[142.17983,27.045274],[142.179769,27.045291],[142.179805,27.045309],[142.17983,27.045274]]],[[[142.181085,27.045589],[142.180428,27.045289],[142.180289,27.045379],[142.181085,27.045589]]],[[[142.181861,27.04551],[142.181707,27.045625],[142.18184,27.045705],[142.181861,27.04551]]],[[[142.180251,27.047551],[142.180642,27.04705],[142.179974,27.047498],[142.180251,27.047551]]],[[[142.181446,27.048017],[142.181446,27.04809],[142.181485,27.048052],[142.181446,27.048017]]],[[[142.181768,27.070626],[142.181826,27.070591],[142.18175,27.070568],[142.181768,27.070626]]],[[[142.181651,27.070689],[142.181722,27.07057],[142.181606,27.070634],[142.181651,27.070689]]],[[[142.181386,27.070612],[142.181596,27.070691],[142.181383,27.07058],[142.181386,27.070612]]],[[[142.181668,27.071742],[142.181629,27.071701],[142.18162,27.071736],[142.181668,27.071742]]],[[[142.181822,27.071748],[142.181769,27.071702],[142.181777,27.071749],[142.181822,27.071748]]],[[[142.181642,27.071814],[142.181553,27.071797],[142.181604,27.071848],[142.181642,27.071814]]],[[[142.181403,27.072274],[142.181407,27.072394],[142.181452,27.072263],[142.181403,27.072274]]],[[[142.181882,27.072326],[142.181921,27.072351],[142.181917,27.072304],[142.181882,27.072326]]],[[[142.181855,27.072427],[142.181885,27.07245],[142.18189,27.072428],[142.181855,27.072427]]],[[[142.181792,27.072446],[142.181827,27.072482],[142.181828,27.072455],[142.181792,27.072446]]],[[[142.181745,27.072456],[142.181765,27.072483],[142.18177,27.072471],[142.181745,27.072456]]],[[[142.181636,27.072502],[142.18168,27.072548],[142.18169,27.072506],[142.181636,27.072502]]],[[[142.181548,27.072497],[142.181557,27.072554],[142.181581,27.072532],[142.181548,27.072497]]],[[[142.181671,27.072569],[142.181649,27.072625],[142.181674,27.072632],[142.181671,27.072569]]],[[[142.181111,27.073118],[142.181346,27.072306],[142.181425,27.072225],[142.181267,27.072124],[142.181111,27.073118]]],[[[142.180995,27.072628],[142.181044,27.072632],[142.18101,27.072603],[142.180995,27.072628]]],[[[142.179926,27.072738],[142.180383,27.072583],[142.180018,27.072479],[142.179926,27.072738]]],[[[142.181578,27.072627],[142.181597,27.072712],[142.181638,27.072638],[142.181578,27.072627]]],[[[142.181464,27.072747],[142.181495,27.072733],[142.18148,27.072723],[142.181464,27.072747]]],[[[142.181634,27.072812],[142.181582,27.072744],[142.181601,27.072814],[142.181634,27.072812]]],[[[142.179692,27.072865],[142.179818,27.072723],[142.179678,27.072828],[142.179692,27.072865]]],[[[142.181657,27.073324],[142.181733,27.073456],[142.1818,27.073337],[142.181657,27.073324]]],[[[142.181766,27.073496],[142.181724,27.0735],[142.181748,27.073534],[142.181766,27.073496]]],[[[142.181758,27.08784],[142.181691,27.087824],[142.181693,27.087879],[142.181758,27.08784]]],[[[142.181371,27.092323],[142.181307,27.092349],[142.181367,27.09237],[142.181371,27.092323]]],[[[142.181365,27.092596],[142.181284,27.092639],[142.181324,27.092659],[142.181365,27.092596]]],[[[142.180951,27.092688],[142.181304,27.092775],[142.18093,27.092598],[142.180951,27.092688]]],[[[142.181779,27.093577],[142.181731,27.093532],[142.181708,27.093571],[142.181779,27.093577]]],[[[142.181697,27.093651],[142.181643,27.09365],[142.181647,27.093668],[142.181697,27.093651]]],[[[142.181568,27.093694],[142.181555,27.093731],[142.181591,27.093729],[142.181568,27.093694]]],[[[142.180971,27.093778],[142.180974,27.093716],[142.180904,27.093761],[142.180971,27.093778]]],[[[142.18108,27.093859],[142.18105,27.093819],[142.181048,27.093863],[142.18108,27.093859]]],[[[142.181579,27.093877],[142.181648,27.093877],[142.181617,27.093845],[142.181579,27.093877]]],[[[142.181866,27.093989],[142.18172,27.094016],[142.181867,27.094058],[142.181866,27.093989]]],[[[142.181658,27.094048],[142.181581,27.094007],[142.181579,27.09405],[142.181658,27.094048]]],[[[142.181848,27.094119],[142.181756,27.094077],[142.181736,27.094104],[142.181848,27.094119]]],[[[142.181539,27.094255],[142.181521,27.094221],[142.181521,27.094262],[142.181539,27.094255]]],[[[142.181854,27.09436],[142.181895,27.094345],[142.181886,27.094333],[142.181854,27.09436]]],[[[142.181842,27.094514],[142.181861,27.094552],[142.181892,27.094521],[142.181842,27.094514]]],[[[142.181524,27.094581],[142.181493,27.094497],[142.181464,27.094535],[142.181524,27.094581]]],[[[142.181882,27.094668],[142.18194,27.094582],[142.181893,27.094555],[142.181882,27.094668]]],[[[142.181843,27.094919],[142.181852,27.094879],[142.181836,27.094882],[142.181843,27.094919]]],[[[142.181813,27.0952],[142.18181,27.095174],[142.181793,27.095184],[142.181813,27.0952]]],[[[142.181465,27.095325],[142.181402,27.095302],[142.181407,27.095339],[142.181465,27.095325]]],[[[142.181598,27.095477],[142.181614,27.095392],[142.181553,27.095419],[142.181598,27.095477]]],[[[142.181172,27.096324],[142.181357,27.096293],[142.181342,27.096255],[142.181172,27.096324]]],[[[142.181846,27.096515],[142.181827,27.096459],[142.181786,27.096484],[142.181846,27.096515]]],[[[142.181143,27.096552],[142.181073,27.096572],[142.181084,27.096594],[142.181143,27.096552]]],[[[142.181857,27.098345],[142.181898,27.098356],[142.181889,27.098315],[142.181857,27.098345]]],[[[142.181843,27.099078],[142.181809,27.09906],[142.181824,27.09909],[142.181843,27.099078]]],[[[142.181875,27.09921],[142.181859,27.099187],[142.181854,27.099196],[142.181875,27.09921]]],[[[142.181593,27.099764],[142.181524,27.099708],[142.18152,27.099762],[142.181593,27.099764]]],[[[142.181044,27.09996],[142.180991,27.099968],[142.181014,27.099988],[142.181044,27.09996]]],[[[142.181585,27.100057],[142.181562,27.100004],[142.181556,27.100048],[142.181585,27.100057]]],[[[142.181626,27.100112],[142.181652,27.100128],[142.181632,27.100106],[142.181626,27.100112]]],[[[142.181683,27.10026],[142.181665,27.100295],[142.181683,27.100297],[142.181683,27.10026]]],[[[142.181745,27.100547],[142.181727,27.10052],[142.181719,27.10055],[142.181745,27.100547]]],[[[142.181839,27.10079],[142.181848,27.100743],[142.181812,27.100758],[142.181839,27.10079]]],[[[142.181837,27.100956],[142.181871,27.100938],[142.181838,27.100922],[142.181837,27.100956]]],[[[142.181727,27.101103],[142.181761,27.101086],[142.181747,27.101066],[142.181727,27.101103]]],[[[142.181741,27.101227],[142.18178,27.101206],[142.181749,27.101178],[142.181741,27.101227]]],[[[142.181814,27.101609],[142.181773,27.1016],[142.181804,27.10163],[142.181814,27.101609]]],[[[142.181909,27.101946],[142.181861,27.101867],[142.181859,27.101951],[142.181909,27.101946]]],[[[142.176027,27.127089],[142.177885,27.126511],[142.178806,27.125636],[142.176027,27.127089]]],[[[142.179671,27.126604],[142.179342,27.126229],[142.179287,27.12671],[142.179671,27.126604]]],[[[142.181673,27.127489],[142.18159,27.127492],[142.181603,27.127529],[142.181673,27.127489]]],[[[142.178262,27.127942],[142.178205,27.12788],[142.178238,27.127964],[142.178262,27.127942]]],[[[142.178113,27.127929],[142.178062,27.127971],[142.178114,27.127963],[142.178113,27.127929]]],[[[142.179664,27.129209],[142.179756,27.12787],[142.182012,27.127353],[142.181892,27.126838],[142.179827,27.126905],[142.178529,27.127959],[142.176768,27.128533],[142.17728,27.129083],[142.179664,27.129209]]],[[[142.176984,27.129111],[142.176893,27.129112],[142.176941,27.129134],[142.176984,27.129111]]],[[[142.177758,27.129259],[142.177659,27.129218],[142.177667,27.129255],[142.177758,27.129259]]],[[[142.178051,27.129368],[142.178229,27.129402],[142.178229,27.129368],[142.178051,27.129368]]],[[[142.179754,27.129496],[142.179658,27.1294],[142.17965,27.129541],[142.179754,27.129496]]],[[[142.179063,27.129691],[142.178954,27.129605],[142.178888,27.129669],[142.179063,27.129691]]],[[[142.181798,27.165459],[142.181857,27.165346],[142.181741,27.165336],[142.181798,27.165459]]],[[[142.177014,27.620003],[142.177014,27.619889],[142.176952,27.619952],[142.177014,27.620003]]],[[[142.181674,27.620819],[142.181495,27.62073],[142.181504,27.620841],[142.181674,27.620819]]],[[[142.180793,27.621347],[142.181312,27.620646],[142.180764,27.620524],[142.180793,27.621347]]],[[[142.181764,27.621501],[142.181591,27.621317],[142.181431,27.621472],[142.181764,27.621501]]],[[[142.178704,27.624058],[142.178941,27.623219],[142.17834,27.62391],[142.178704,27.624058]]],[[[142.178572,27.624974],[142.17844,27.625124],[142.178624,27.625155],[142.178572,27.624974]]],[[[142.174741,27.635899],[142.176031,27.633855],[142.178181,27.633724],[142.178666,27.630679],[142.179327,27.631264],[142.179587,27.630407],[142.181505,27.630832],[142.183094,27.630383],[142.184217,27.627052],[142.185763,27.626636],[142.185901,27.626116],[142.184801,27.625772],[142.185958,27.624907],[142.18583,27.622815],[142.187474,27.622143],[142.18546,27.619457],[142.182897,27.621289],[142.182977,27.622153],[142.181778,27.623344],[142.18176,27.621852],[142.180361,27.622722],[142.177736,27.626522],[142.177222,27.626027],[142.177772,27.624189],[142.176608,27.624707],[142.177212,27.623252],[142.175485,27.621807],[142.175001,27.622344],[142.17583,27.623243],[142.174842,27.624072],[142.173648,27.623911],[142.173267,27.626538],[142.172212,27.626482],[142.17204,27.625742],[142.171544,27.626905],[142.17278,27.627712],[142.172134,27.629229],[142.172906,27.629298],[142.171289,27.630921],[142.171608,27.631409],[142.17066,27.633838],[142.170182,27.633568],[142.169766,27.634187],[142.17054,27.634845],[142.172956,27.632967],[142.173797,27.635199],[142.174741,27.635899]]],[[[142.179767,27.630754],[142.17971,27.630656],[142.179706,27.630762],[142.179767,27.630754]]],[[[142.181654,27.631203],[142.181549,27.631111],[142.181597,27.631215],[142.181654,27.631203]]],[[[142.181145,27.63139],[142.180682,27.631143],[142.180994,27.631524],[142.181145,27.63139]]],[[[142.179824,27.631574],[142.179727,27.631466],[142.179734,27.631587],[142.179824,27.631574]]],[[[142.178807,27.631583],[142.178682,27.631571],[142.178767,27.631627],[142.178807,27.631583]]],[[[142.179011,27.631666],[142.178896,27.631599],[142.178885,27.631642],[142.179011,27.631666]]],[[[142.178706,27.631866],[142.17864,27.631794],[142.178629,27.631863],[142.178706,27.631866]]],[[[142.17889,27.631933],[142.178814,27.631836],[142.178818,27.631944],[142.17889,27.631933]]],[[[142.179839,27.631992],[142.179698,27.631942],[142.179769,27.632008],[142.179839,27.631992]]],[[[142.179065,27.632092],[142.179003,27.63188],[142.17901,27.632142],[142.179065,27.632092]]],[[[142.179258,27.633492],[142.179395,27.633396],[142.179272,27.633404],[142.179258,27.633492]]],[[[142.184095,26.610895],[142.18419,26.610788],[142.184094,26.610817],[142.184095,26.610895]]],[[[142.185035,26.611826],[142.185109,26.611965],[142.185223,26.611909],[142.185035,26.611826]]],[[[142.184713,26.611862],[142.184671,26.611962],[142.184729,26.61189],[142.184713,26.611862]]],[[[142.18246,26.611936],[142.182491,26.612015],[142.182526,26.611961],[142.18246,26.611936]]],[[[142.18234,26.611959],[142.18239,26.612027],[142.182398,26.612003],[142.18234,26.611959]]],[[[142.182268,26.612173],[142.182276,26.612125],[142.182254,26.612165],[142.182268,26.612173]]],[[[142.182648,26.612368],[142.182645,26.612323],[142.18261,26.612356],[142.182648,26.612368]]],[[[142.183799,26.612366],[142.183714,26.612413],[142.183768,26.612454],[142.183799,26.612366]]],[[[142.183125,26.612484],[142.183192,26.612408],[142.183183,26.612373],[142.183125,26.612484]]],[[[142.182968,26.612556],[142.183092,26.612526],[142.182977,26.612481],[142.182968,26.612556]]],[[[142.182868,26.612916],[142.183001,26.612827],[142.182902,26.612809],[142.182868,26.612916]]],[[[142.183662,26.613269],[142.183609,26.613166],[142.183582,26.613237],[142.183662,26.613269]]],[[[142.181951,26.618779],[142.182006,26.618727],[142.181945,26.618707],[142.181951,26.618779]]],[[[142.182081,26.61903],[142.182032,26.618998],[142.182047,26.619046],[142.182081,26.61903]]],[[[142.182076,26.619729],[142.182037,26.61963],[142.182027,26.619752],[142.182076,26.619729]]],[[[142.182455,26.6201],[142.182529,26.620162],[142.18254,26.620101],[142.182455,26.6201]]],[[[142.182625,26.620626],[142.182753,26.620563],[142.182676,26.620538],[142.182625,26.620626]]],[[[142.181904,26.621134],[142.182039,26.621085],[142.181985,26.620986],[142.181904,26.621134]]],[[[142.183147,26.621654],[142.183275,26.621532],[142.183167,26.621565],[142.183147,26.621654]]],[[[142.183318,26.621706],[142.183441,26.621703],[142.18336,26.621646],[142.183318,26.621706]]],[[[142.182488,26.621876],[142.182383,26.621721],[142.182246,26.621619],[142.182385,26.621993],[142.182477,26.621958],[142.182488,26.621876]]],[[[142.183204,26.622317],[142.183441,26.622],[142.183238,26.621693],[142.183204,26.622317]]],[[[142.182422,26.622149],[142.182355,26.622153],[142.182389,26.622188],[142.182422,26.622149]]],[[[142.184395,26.623194],[142.184801,26.622205],[142.184044,26.621295],[142.183805,26.62222],[142.184395,26.623194]]],[[[142.182026,26.622773],[142.182047,26.622862],[142.182126,26.622766],[142.182026,26.622773]]],[[[142.18222,26.623117],[142.182172,26.623068],[142.182138,26.623288],[142.18222,26.623117]]],[[[142.182149,26.6233],[142.182204,26.623327],[142.182205,26.623277],[142.182149,26.6233]]],[[[142.182164,26.62338],[142.182076,26.623366],[142.182123,26.623425],[142.182164,26.62338]]],[[[142.18274,26.654018],[142.182684,26.653917],[142.182653,26.653957],[142.18274,26.654018]]],[[[142.183897,26.654807],[142.183855,26.654743],[142.183863,26.654832],[142.183897,26.654807]]],[[[142.182175,26.659734],[142.182256,26.659718],[142.182224,26.659696],[142.182175,26.659734]]],[[[142.184159,26.659844],[142.184218,26.659851],[142.184165,26.659798],[142.184159,26.659844]]],[[[142.184651,26.660331],[142.185259,26.659986],[142.184954,26.659587],[142.184651,26.660331]]],[[[142.185045,26.660727],[142.184979,26.66064],[142.184907,26.660667],[142.185045,26.660727]]],[[[142.184996,26.660935],[142.184931,26.660762],[142.184864,26.660867],[142.184996,26.660935]]],[[[142.18375,27.037447],[142.183061,27.037296],[142.18345,27.037789],[142.18375,27.037447]]],[[[142.183322,27.038046],[142.182539,27.037925],[142.182539,27.038329],[142.183322,27.038046]]],[[[142.1838,27.040282],[142.183656,27.039896],[142.183487,27.040061],[142.1838,27.040282]]],[[[142.182549,27.040612],[142.182477,27.040421],[142.182386,27.040575],[142.182549,27.040612]]],[[[142.182237,27.040562],[142.182092,27.040519],[142.182057,27.040595],[142.182237,27.040562]]],[[[142.181906,27.04087],[142.181972,27.040909],[142.18198,27.040839],[142.181906,27.04087]]],[[[142.182704,27.042646],[142.182653,27.042214],[142.182396,27.042373],[142.182704,27.042646]]],[[[142.184151,27.043442],[142.184028,27.043119],[142.183855,27.043373],[142.184151,27.043442]]],[[[142.181583,27.043916],[142.182906,27.043644],[142.18148,27.04349],[142.181583,27.043916]]],[[[142.183291,27.043995],[142.183018,27.043748],[142.182976,27.043852],[142.183291,27.043995]]],[[[142.183167,27.045368],[142.183168,27.045473],[142.183276,27.045429],[142.183167,27.045368]]],[[[142.181445,27.04687],[142.182551,27.046774],[142.182486,27.045308],[142.181445,27.04687]]],[[[142.182874,27.047092],[142.182965,27.046796],[142.182668,27.046873],[142.182874,27.047092]]],[[[142.182302,27.048057],[142.182017,27.0477],[142.181684,27.047963],[142.182302,27.048057]]],[[[142.182728,27.047892],[142.182703,27.048012],[142.182782,27.048012],[142.182728,27.047892]]],[[[142.183825,27.048136],[142.183602,27.048009],[142.183569,27.048332],[142.183825,27.048136]]],[[[142.184566,27.048224],[142.184585,27.048185],[142.184493,27.048266],[142.184566,27.048224]]],[[[142.184875,27.048273],[142.18487,27.048336],[142.184967,27.048274],[142.184875,27.048273]]],[[[142.184442,27.048438],[142.184362,27.048407],[142.184335,27.048457],[142.184442,27.048438]]],[[[142.184714,27.048439],[142.184734,27.048424],[142.18471,27.04842],[142.184714,27.048439]]],[[[142.184346,27.048545],[142.184387,27.04852],[142.184335,27.048506],[142.184346,27.048545]]],[[[142.184171,27.048595],[142.184283,27.04859],[142.184282,27.048569],[142.184171,27.048595]]],[[[142.185058,27.048697],[142.185041,27.048625],[142.184981,27.048672],[142.185058,27.048697]]],[[[142.184396,27.04877],[142.184367,27.048822],[142.184417,27.048784],[142.184396,27.04877]]],[[[142.184084,27.055717],[142.184098,27.055642],[142.184068,27.055682],[142.184084,27.055717]]],[[[142.184128,27.055814],[142.184147,27.055744],[142.184079,27.05576],[142.184128,27.055814]]],[[[142.18442,27.056252],[142.184368,27.056204],[142.18436,27.056257],[142.18442,27.056252]]],[[[142.184258,27.056369],[142.184207,27.05632],[142.184207,27.056354],[142.184258,27.056369]]],[[[142.183974,27.056548],[142.183953,27.0565],[142.183948,27.056549],[142.183974,27.056548]]],[[[142.184489,27.061312],[142.184668,27.061254],[142.184517,27.061109],[142.184489,27.061312]]],[[[142.182873,27.07018],[142.183033,27.070227],[142.182914,27.070126],[142.182873,27.07018]]],[[[142.183871,27.070209],[142.183867,27.070293],[142.183933,27.07026],[142.183871,27.070209]]],[[[142.18401,27.070446],[142.184051,27.070497],[142.184049,27.070436],[142.18401,27.070446]]],[[[142.184113,27.070508],[142.184137,27.070546],[142.184153,27.070513],[142.184113,27.070508]]],[[[142.184514,27.070594],[142.184535,27.070622],[142.184553,27.070603],[142.184514,27.070594]]],[[[142.183683,27.07059],[142.183703,27.070627],[142.183717,27.070603],[142.183683,27.07059]]],[[[142.182501,27.070602],[142.182538,27.070652],[142.182548,27.070607],[142.182501,27.070602]]],[[[142.183728,27.070621],[142.183745,27.070645],[142.183749,27.070624],[142.183728,27.070621]]],[[[142.183587,27.07067],[142.183619,27.070692],[142.183615,27.070665],[142.183587,27.07067]]],[[[142.182493,27.070704],[142.182517,27.070752],[142.182529,27.070694],[142.182493,27.070704]]],[[[142.184716,27.070728],[142.184791,27.070765],[142.184782,27.070729],[142.184716,27.070728]]],[[[142.182961,27.070713],[142.183032,27.070757],[142.183029,27.070739],[142.182961,27.070713]]],[[[142.182701,27.070803],[142.182739,27.070847],[142.18276,27.07082],[142.182701,27.070803]]],[[[142.182909,27.070803],[142.182913,27.070847],[142.18293,27.070813],[142.182909,27.070803]]],[[[142.182464,27.070799],[142.182371,27.070891],[142.182429,27.070925],[142.182464,27.070799]]],[[[142.182158,27.07097],[142.182242,27.071074],[142.182237,27.070965],[142.182158,27.07097]]],[[[142.182479,27.071276],[142.1825,27.071255],[142.182485,27.071251],[142.182479,27.071276]]],[[[142.182129,27.071908],[142.182102,27.071944],[142.182152,27.071953],[142.182129,27.071908]]],[[[142.181939,27.072377],[142.181942,27.07243],[142.18198,27.072402],[142.181939,27.072377]]],[[[142.182055,27.074534],[142.182122,27.074545],[142.182076,27.074511],[142.182055,27.074534]]],[[[142.182355,27.074533],[142.182291,27.074559],[142.182372,27.074559],[142.182355,27.074533]]],[[[142.182268,27.074588],[142.182304,27.07461],[142.182288,27.074578],[142.182268,27.074588]]],[[[142.1823,27.074671],[142.182339,27.074701],[142.182338,27.074665],[142.1823,27.074671]]],[[[142.184418,27.074832],[142.184375,27.074917],[142.184426,27.074922],[142.184418,27.074832]]],[[[142.184216,27.075003],[142.184251,27.075081],[142.184267,27.075036],[142.184216,27.075003]]],[[[142.184451,27.075076],[142.184509,27.075128],[142.184488,27.075052],[142.184451,27.075076]]],[[[142.184317,27.075134],[142.184386,27.075183],[142.184382,27.075112],[142.184317,27.075134]]],[[[142.184156,27.075364],[142.18423,27.075455],[142.184262,27.075291],[142.184156,27.075364]]],[[[142.184941,27.086113],[142.184993,27.086118],[142.184974,27.086099],[142.184941,27.086113]]],[[[142.184825,27.086179],[142.184863,27.086185],[142.184855,27.086158],[142.184825,27.086179]]],[[[142.184983,27.086214],[142.184929,27.086169],[142.18494,27.086221],[142.184983,27.086214]]],[[[142.18272,27.086154],[142.182729,27.086412],[142.182828,27.086194],[142.18272,27.086154]]],[[[142.184843,27.086305],[142.184769,27.086301],[142.18481,27.086335],[142.184843,27.086305]]],[[[142.184916,27.08634],[142.184945,27.08637],[142.184956,27.086339],[142.184916,27.08634]]],[[[142.1848,27.086467],[142.184819,27.086411],[142.184791,27.086412],[142.1848,27.086467]]],[[[142.184677,27.086473],[142.184642,27.086447],[142.184658,27.086483],[142.184677,27.086473]]],[[[142.184734,27.086574],[142.184719,27.08658],[142.184726,27.086585],[142.184734,27.086574]]],[[[142.182446,27.086735],[142.182407,27.086711],[142.182395,27.08674],[142.182446,27.086735]]],[[[142.182345,27.086806],[142.182344,27.086994],[142.182437,27.086809],[142.182345,27.086806]]],[[[142.182825,27.087594],[142.184674,27.086573],[142.182799,27.086382],[142.182825,27.087594]]],[[[142.181819,27.087163],[142.182064,27.087124],[142.181848,27.087068],[142.181819,27.087163]]],[[[142.1847,27.087423],[142.18464,27.087407],[142.184663,27.087453],[142.1847,27.087423]]],[[[142.182269,27.08751],[142.182311,27.087461],[142.182203,27.087492],[142.182269,27.08751]]],[[[142.184982,27.087509],[142.184891,27.087514],[142.184928,27.087558],[142.184982,27.087509]]],[[[142.182651,27.087599],[142.182586,27.087577],[142.182606,27.087623],[142.182651,27.087599]]],[[[142.182238,27.087614],[142.18219,27.087588],[142.182219,27.087624],[142.182238,27.087614]]],[[[142.184355,27.087571],[142.184292,27.087632],[142.184317,27.08765],[142.184355,27.087571]]],[[[142.182313,27.087655],[142.182371,27.087585],[142.182302,27.087635],[142.182313,27.087655]]],[[[142.184339,27.087744],[142.184262,27.087789],[142.184312,27.087803],[142.184339,27.087744]]],[[[142.182698,27.087807],[142.182688,27.087736],[142.182662,27.087808],[142.182698,27.087807]]],[[[142.182507,27.087767],[142.182435,27.087783],[142.182477,27.087807],[142.182507,27.087767]]],[[[142.181911,27.087801],[142.181953,27.08788],[142.181961,27.087819],[142.181911,27.087801]]],[[[142.183006,27.087877],[142.182892,27.087837],[142.182914,27.087904],[142.183006,27.087877]]],[[[142.184939,27.08802],[142.184866,27.087894],[142.184897,27.088035],[142.184939,27.08802]]],[[[142.184304,27.088135],[142.184479,27.088036],[142.184296,27.088055],[142.184304,27.088135]]],[[[142.184895,27.088428],[142.184816,27.088398],[142.184846,27.088455],[142.184895,27.088428]]],[[[142.185044,27.091012],[142.18499,27.090998],[142.185013,27.09104],[142.185044,27.091012]]],[[[142.184839,27.091218],[142.18482,27.091165],[142.184818,27.091223],[142.184839,27.091218]]],[[[142.184437,27.09142],[142.184429,27.091369],[142.184402,27.091417],[142.184437,27.09142]]],[[[142.184853,27.091921],[142.184831,27.091892],[142.184822,27.091903],[142.184853,27.091921]]],[[[142.184698,27.091933],[142.184637,27.091912],[142.184649,27.091951],[142.184698,27.091933]]],[[[142.184562,27.091947],[142.18462,27.091932],[142.184568,27.091917],[142.184562,27.091947]]],[[[142.184359,27.092099],[142.184451,27.092165],[142.184412,27.092089],[142.184359,27.092099]]],[[[142.182507,27.092147],[142.182412,27.092173],[142.182433,27.092221],[142.182507,27.092147]]],[[[142.184145,27.092202],[142.184123,27.092172],[142.184142,27.092204],[142.184145,27.092202]]],[[[142.18325,27.09223],[142.183224,27.092143],[142.183194,27.092171],[142.18325,27.09223]]],[[[142.18253,27.092323],[142.182489,27.092232],[142.182421,27.092302],[142.18253,27.092323]]],[[[142.182382,27.092322],[142.182343,27.092231],[142.182235,27.092348],[142.182382,27.092322]]],[[[142.183969,27.092344],[142.183988,27.09238],[142.184005,27.092364],[142.183969,27.092344]]],[[[142.183156,27.092349],[142.183096,27.092372],[142.183149,27.092394],[142.183156,27.092349]]],[[[142.183231,27.092424],[142.183219,27.092475],[142.183246,27.092469],[142.183231,27.092424]]],[[[142.184164,27.092479],[142.18419,27.092456],[142.184169,27.092459],[142.184164,27.092479]]],[[[142.183455,27.092522],[142.183485,27.092534],[142.183467,27.092508],[142.183455,27.092522]]],[[[142.184139,27.092569],[142.184095,27.092557],[142.184102,27.09259],[142.184139,27.092569]]],[[[142.183366,27.092552],[142.183417,27.092618],[142.183399,27.092527],[142.183366,27.092552]]],[[[142.183333,27.092564],[142.183274,27.092601],[142.183291,27.092614],[142.183333,27.092564]]],[[[142.184008,27.092629],[142.184061,27.092611],[142.184018,27.092593],[142.184008,27.092629]]],[[[142.183202,27.092659],[142.18318,27.092622],[142.183172,27.092664],[142.183202,27.092659]]],[[[142.183112,27.092716],[142.18313,27.092758],[142.183138,27.092704],[142.183112,27.092716]]],[[[142.182882,27.092804],[142.182874,27.092836],[142.182896,27.092828],[142.182882,27.092804]]],[[[142.183062,27.092879],[142.183049,27.092807],[142.183032,27.092877],[142.183062,27.092879]]],[[[142.182184,27.093303],[142.182223,27.093292],[142.182214,27.093282],[142.182184,27.093303]]],[[[142.182145,27.093448],[142.182192,27.093448],[142.18218,27.093415],[142.182145,27.093448]]],[[[142.182177,27.09355],[142.182148,27.093552],[142.182157,27.093572],[142.182177,27.09355]]],[[[142.182228,27.093822],[142.182206,27.093785],[142.182187,27.093811],[142.182228,27.093822]]],[[[142.182121,27.093984],[142.182146,27.093948],[142.182139,27.093944],[142.182121,27.093984]]],[[[142.181905,27.094122],[142.181935,27.094151],[142.181937,27.09412],[142.181905,27.094122]]],[[[142.182004,27.094136],[142.18196,27.094151],[142.18197,27.094163],[142.182004,27.094136]]],[[[142.182095,27.094192],[142.182041,27.094176],[142.182042,27.094197],[142.182095,27.094192]]],[[[142.181935,27.09475],[142.181976,27.094751],[142.181971,27.094737],[142.181935,27.09475]]],[[[142.181974,27.094956],[142.182007,27.094944],[142.181973,27.094929],[142.181974,27.094956]]],[[[142.181998,27.095027],[142.181968,27.095011],[142.181994,27.095033],[142.181998,27.095027]]],[[[142.182124,27.095396],[142.182077,27.095362],[142.182088,27.095402],[142.182124,27.095396]]],[[[142.182138,27.095497],[142.182145,27.095466],[142.18213,27.095472],[142.182138,27.095497]]],[[[142.181999,27.095671],[142.18202,27.09563],[142.182004,27.095622],[142.181999,27.095671]]],[[[142.182437,27.09612],[142.182413,27.096164],[142.182461,27.096141],[142.182437,27.09612]]],[[[142.182584,27.096228],[142.18257,27.096194],[142.182551,27.096223],[142.182584,27.096228]]],[[[142.182531,27.096273],[142.18258,27.096269],[142.182533,27.096257],[142.182531,27.096273]]],[[[142.182556,27.096337],[142.182586,27.09636],[142.182583,27.096331],[142.182556,27.096337]]],[[[142.182757,27.09676],[142.182739,27.096776],[142.182751,27.096781],[142.182757,27.09676]]],[[[142.182757,27.096839],[142.182775,27.096849],[142.182768,27.096833],[142.182757,27.096839]]],[[[142.182158,27.097458],[142.18213,27.097474],[142.182162,27.097473],[142.182158,27.097458]]],[[[142.182206,27.097879],[142.182212,27.09791],[142.182225,27.097878],[142.182206,27.097879]]],[[[142.182156,27.098097],[142.182155,27.098064],[142.182145,27.098092],[142.182156,27.098097]]],[[[142.182229,27.098273],[142.182291,27.098273],[142.18227,27.098243],[142.182229,27.098273]]],[[[142.182184,27.098479],[142.182163,27.098452],[142.182163,27.098479],[142.182184,27.098479]]],[[[142.181914,27.099361],[142.181928,27.099298],[142.181902,27.099281],[142.181914,27.099361]]],[[[142.181995,27.10133],[142.181976,27.101311],[142.181973,27.10133],[142.181995,27.10133]]],[[[142.18214,27.101572],[142.182199,27.101578],[142.182166,27.101534],[142.18214,27.101572]]],[[[142.182264,27.101895],[142.182205,27.101923],[142.18227,27.101939],[142.182264,27.101895]]],[[[142.182437,27.102018],[142.182441,27.101986],[142.18242,27.102008],[142.182437,27.102018]]],[[[142.182501,27.102105],[142.182523,27.102082],[142.182515,27.102071],[142.182501,27.102105]]],[[[142.182558,27.102158],[142.182532,27.102147],[142.182545,27.102184],[142.182558,27.102158]]],[[[142.182531,27.102237],[142.182537,27.102195],[142.182527,27.102195],[142.182531,27.102237]]],[[[142.182548,27.102329],[142.182568,27.102307],[142.182548,27.102298],[142.182548,27.102329]]],[[[142.182483,27.102357],[142.18245,27.102307],[142.182438,27.102371],[142.182483,27.102357]]],[[[142.182416,27.102603],[142.182437,27.102575],[142.182412,27.102581],[142.182416,27.102603]]],[[[142.182813,27.10311],[142.182863,27.103099],[142.182826,27.103078],[142.182813,27.10311]]],[[[142.183012,27.103336],[142.18312,27.103295],[142.183082,27.103262],[142.183012,27.103336]]],[[[142.182904,27.103348],[142.182873,27.103311],[142.18286,27.10332],[142.182904,27.103348]]],[[[142.183166,27.103424],[142.183186,27.103386],[142.18315,27.10339],[142.183166,27.103424]]],[[[142.183121,27.10347],[142.183096,27.103484],[142.183118,27.103494],[142.183121,27.10347]]],[[[142.18493,27.104161],[142.184936,27.104184],[142.184942,27.104168],[142.18493,27.104161]]],[[[142.184601,27.117862],[142.184568,27.117804],[142.184548,27.117851],[142.184601,27.117862]]],[[[142.184529,27.117951],[142.184497,27.117897],[142.184481,27.117924],[142.184529,27.117951]]],[[[142.184307,27.118359],[142.184229,27.118301],[142.184267,27.118377],[142.184307,27.118359]]],[[[142.184648,27.118451],[142.18461,27.118397],[142.184603,27.118444],[142.184648,27.118451]]],[[[142.184791,27.118627],[142.184799,27.118537],[142.184751,27.118619],[142.184791,27.118627]]],[[[142.182418,27.127114],[142.182284,27.127111],[142.182387,27.127155],[142.182418,27.127114]]],[[[142.182192,27.12713],[142.182159,27.127192],[142.182207,27.127194],[142.182192,27.12713]]],[[[142.181945,27.127512],[142.181932,27.127559],[142.18198,27.127519],[142.181945,27.127512]]],[[[142.182329,27.127781],[142.182984,27.127396],[142.182048,27.127706],[142.182329,27.127781]]],[[[142.183044,27.127621],[142.183224,27.12768],[142.183161,27.127556],[142.183044,27.127621]]],[[[142.184682,27.144415],[142.184774,27.14451],[142.184804,27.144441],[142.184682,27.144415]]],[[[142.183894,27.144601],[142.183811,27.144639],[142.183888,27.144661],[142.183894,27.144601]]],[[[142.184595,27.144861],[142.184823,27.144696],[142.184553,27.144731],[142.184595,27.144861]]],[[[142.184516,27.152705],[142.184207,27.152734],[142.184361,27.15282],[142.184516,27.152705]]],[[[142.185023,27.155594],[142.185104,27.155457],[142.185047,27.155451],[142.185023,27.155594]]],[[[142.185059,27.155761],[142.184929,27.155731],[142.184974,27.15581],[142.185059,27.155761]]],[[[142.184694,27.156027],[142.184866,27.155889],[142.184831,27.155797],[142.184694,27.156027]]],[[[142.182991,27.158228],[142.182915,27.158295],[142.182998,27.158307],[142.182991,27.158228]]],[[[142.182913,27.158723],[142.182831,27.158649],[142.182842,27.158772],[142.182913,27.158723]]],[[[142.183409,27.162788],[142.183497,27.162687],[142.183369,27.16272],[142.183409,27.162788]]],[[[142.183823,27.16279],[142.183762,27.162713],[142.183794,27.162801],[142.183823,27.16279]]],[[[142.183412,27.164757],[142.183357,27.164713],[142.183383,27.164783],[142.183412,27.164757]]],[[[142.183247,27.165289],[142.183221,27.165218],[142.183213,27.165296],[142.183247,27.165289]]],[[[142.182639,27.165775],[142.182693,27.165621],[142.182606,27.165637],[142.182639,27.165775]]],[[[142.182773,27.165998],[142.182725,27.165863],[142.182687,27.16595],[142.182773,27.165998]]],[[[142.182922,27.166057],[142.182982,27.165914],[142.182943,27.165899],[142.182922,27.166057]]],[[[142.184103,27.177802],[142.184029,27.177746],[142.184005,27.177809],[142.184103,27.177802]]],[[[142.184437,27.17797],[142.184285,27.178098],[142.184429,27.178097],[142.184437,27.17797]]],[[[142.183148,27.186966],[142.183063,27.186891],[142.183074,27.186965],[142.183148,27.186966]]],[[[142.183418,27.187118],[142.183555,27.187179],[142.183533,27.187084],[142.183418,27.187118]]],[[[142.184745,27.627407],[142.184775,27.627281],[142.184706,27.627307],[142.184745,27.627407]]],[[[142.187,26.655155],[142.186958,26.655124],[142.186949,26.655167],[142.187,26.655155]]],[[[142.186922,26.655203],[142.186841,26.655155],[142.186837,26.655191],[142.186922,26.655203]]],[[[142.188625,26.655426],[142.1885,26.655578],[142.188541,26.65563],[142.188625,26.655426]]],[[[142.188501,26.656637],[142.188471,26.656571],[142.188485,26.656641],[142.188501,26.656637]]],[[[142.185417,26.659058],[142.185296,26.658989],[142.185302,26.659055],[142.185417,26.659058]]],[[[142.185984,26.65958],[142.185897,26.659559],[142.185897,26.659591],[142.185984,26.65958]]],[[[142.187351,26.659658],[142.187386,26.659721],[142.187456,26.659625],[142.187351,26.659658]]],[[[142.186142,26.659711],[142.186208,26.6597],[142.186198,26.659659],[142.186142,26.659711]]],[[[142.186066,26.659828],[142.186107,26.659803],[142.186102,26.65978],[142.186066,26.659828]]],[[[142.186451,26.659901],[142.186519,26.65979],[142.186439,26.65979],[142.186451,26.659901]]],[[[142.186195,26.659952],[142.186085,26.659945],[142.186107,26.659997],[142.186195,26.659952]]],[[[142.185081,26.66042],[142.185256,26.66058],[142.185363,26.660514],[142.185081,26.66042]]],[[[142.188866,26.660688],[142.188745,26.660637],[142.188753,26.660704],[142.188866,26.660688]]],[[[142.185933,27.037642],[142.186624,27.037159],[142.186179,27.036711],[142.185933,27.037642]]],[[[142.185333,27.039543],[142.185213,27.039665],[142.185322,27.039662],[142.185333,27.039543]]],[[[142.186152,27.039753],[142.186172,27.039788],[142.186178,27.039751],[142.186152,27.039753]]],[[[142.186201,27.039813],[142.186266,27.03987],[142.186235,27.039795],[142.186201,27.039813]]],[[[142.186124,27.039829],[142.186176,27.039878],[142.186151,27.039817],[142.186124,27.039829]]],[[[142.186269,27.04242],[142.18628,27.042344],[142.186245,27.042386],[142.186269,27.04242]]],[[[142.186382,27.042588],[142.186345,27.042553],[142.186353,27.042593],[142.186382,27.042588]]],[[[142.186371,27.042649],[142.186441,27.042705],[142.186445,27.042627],[142.186371,27.042649]]],[[[142.186313,27.042965],[142.186356,27.042944],[142.186343,27.042938],[142.186313,27.042965]]],[[[142.186425,27.043169],[142.186383,27.043155],[142.186401,27.043187],[142.186425,27.043169]]],[[[142.186261,27.043811],[142.186299,27.043796],[142.186272,27.043776],[142.186261,27.043811]]],[[[142.186346,27.043845],[142.186385,27.043862],[142.186361,27.043816],[142.186346,27.043845]]],[[[142.188756,27.043939],[142.188727,27.043897],[142.188722,27.043948],[142.188756,27.043939]]],[[[142.188114,27.044077],[142.188084,27.044035],[142.188069,27.044082],[142.188114,27.044077]]],[[[142.188703,27.044178],[142.188671,27.044178],[142.18871,27.044205],[142.188703,27.044178]]],[[[142.186818,27.044327],[142.186854,27.044339],[142.186853,27.04432],[142.186818,27.044327]]],[[[142.187867,27.044394],[142.187824,27.044402],[142.187842,27.044413],[142.187867,27.044394]]],[[[142.187867,27.044458],[142.187816,27.044434],[142.187809,27.044453],[142.187867,27.044458]]],[[[142.187646,27.044537],[142.187586,27.04452],[142.187634,27.044554],[142.187646,27.044537]]],[[[142.187985,27.044507],[142.187896,27.044532],[142.187981,27.044553],[142.187985,27.044507]]],[[[142.187868,27.044563],[142.187849,27.044527],[142.187822,27.04457],[142.187868,27.044563]]],[[[142.187763,27.044561],[142.187662,27.044521],[142.187594,27.044622],[142.187763,27.044561]]],[[[142.185422,27.047856],[142.185439,27.047814],[142.185403,27.047853],[142.185422,27.047856]]],[[[142.185354,27.047912],[142.185291,27.047955],[142.185341,27.047974],[142.185354,27.047912]]],[[[142.185307,27.047999],[142.185276,27.048],[142.185282,27.048012],[142.185307,27.047999]]],[[[142.185694,27.048059],[142.185666,27.048015],[142.185626,27.048066],[142.185694,27.048059]]],[[[142.185451,27.048123],[142.185344,27.048088],[142.185212,27.048236],[142.185451,27.048123]]],[[[142.185877,27.048178],[142.185858,27.048149],[142.185853,27.048169],[142.185877,27.048178]]],[[[142.185544,27.048185],[142.185562,27.048153],[142.185551,27.048146],[142.185544,27.048185]]],[[[142.185142,27.048254],[142.185085,27.048186],[142.18501,27.048275],[142.185142,27.048254]]],[[[142.18583,27.048226],[142.185814,27.048193],[142.185795,27.048249],[142.18583,27.048226]]],[[[142.187968,27.048216],[142.187944,27.048248],[142.188002,27.048258],[142.187968,27.048216]]],[[[142.186142,27.048248],[142.186168,27.048263],[142.18617,27.048247],[142.186142,27.048248]]],[[[142.185392,27.048368],[142.185305,27.048315],[142.185361,27.048394],[142.185392,27.048368]]],[[[142.185588,27.048385],[142.185561,27.04833],[142.185568,27.048389],[142.185588,27.048385]]],[[[142.185149,27.048397],[142.185082,27.048424],[142.1851,27.048462],[142.185149,27.048397]]],[[[142.185982,27.04847],[142.186045,27.048495],[142.185994,27.048436],[142.185982,27.04847]]],[[[142.185428,27.048523],[142.185398,27.048485],[142.185376,27.048538],[142.185428,27.048523]]],[[[142.188537,27.049154],[142.188625,27.049229],[142.188643,27.049121],[142.188537,27.049154]]],[[[142.188495,27.049221],[142.188489,27.049292],[142.18851,27.049283],[142.188495,27.049221]]],[[[142.18873,27.053378],[142.188671,27.053483],[142.188808,27.053429],[142.18873,27.053378]]],[[[142.186117,27.054284],[142.186148,27.054238],[142.186086,27.054265],[142.186117,27.054284]]],[[[142.186312,27.054373],[142.186307,27.054341],[142.186275,27.054356],[142.186312,27.054373]]],[[[142.18614,27.054387],[142.186084,27.054384],[142.186104,27.054411],[142.18614,27.054387]]],[[[142.185995,27.054434],[142.185926,27.054452],[142.185984,27.054482],[142.185995,27.054434]]],[[[142.186084,27.05447],[142.186131,27.054522],[142.186193,27.054486],[142.186084,27.05447]]],[[[142.186093,27.054997],[142.186168,27.055062],[142.18616,27.055018],[142.186093,27.054997]]],[[[142.186189,27.055127],[142.186197,27.055075],[142.186169,27.055074],[142.186189,27.055127]]],[[[142.186323,27.055248],[142.18629,27.05525],[142.18632,27.055265],[142.186323,27.055248]]],[[[142.185749,27.055363],[142.185673,27.055341],[142.185704,27.055396],[142.185749,27.055363]]],[[[142.186394,27.055386],[142.186406,27.055347],[142.186366,27.055349],[142.186394,27.055386]]],[[[142.186674,27.05565],[142.186673,27.055546],[142.186652,27.055556],[142.186674,27.05565]]],[[[142.186045,27.056098],[142.186017,27.056014],[142.185986,27.056083],[142.186045,27.056098]]],[[[142.186469,27.056944],[142.186416,27.056939],[142.186434,27.056971],[142.186469,27.056944]]],[[[142.186343,27.056987],[142.186283,27.056938],[142.186325,27.057001],[142.186343,27.056987]]],[[[142.186805,27.057123],[142.186852,27.057129],[142.186849,27.05711],[142.186805,27.057123]]],[[[142.186683,27.057208],[142.186613,27.057195],[142.186619,27.057237],[142.186683,27.057208]]],[[[142.186499,27.057565],[142.186581,27.057473],[142.186571,27.057457],[142.186499,27.057565]]],[[[142.186499,27.057728],[142.186534,27.057714],[142.186518,27.0577],[142.186499,27.057728]]],[[[142.186054,27.05794],[142.186102,27.057855],[142.186086,27.057843],[142.186054,27.05794]]],[[[142.186063,27.058332],[142.186024,27.058275],[142.186025,27.05834],[142.186063,27.058332]]],[[[142.187538,27.058457],[142.187576,27.058458],[142.187546,27.058433],[142.187538,27.058457]]],[[[142.187654,27.058626],[142.187603,27.058633],[142.187652,27.058647],[142.187654,27.058626]]],[[[142.187549,27.058684],[142.187584,27.058669],[142.187557,27.058666],[142.187549,27.058684]]],[[[142.18736,27.058764],[142.187402,27.058815],[142.187395,27.05873],[142.18736,27.058764]]],[[[142.18761,27.058844],[142.187642,27.058847],[142.18763,27.058833],[142.18761,27.058844]]],[[[142.187862,27.058986],[142.187803,27.05896],[142.187836,27.059044],[142.187862,27.058986]]],[[[142.187508,27.05925],[142.187562,27.059279],[142.187551,27.059237],[142.187508,27.05925]]],[[[142.185377,27.059513],[142.18535,27.059435],[142.185304,27.059499],[142.185377,27.059513]]],[[[142.187652,27.059571],[142.18771,27.059517],[142.1877,27.059474],[142.187652,27.059571]]],[[[142.187666,27.059815],[142.187627,27.059756],[142.187612,27.059823],[142.187666,27.059815]]],[[[142.187446,27.060085],[142.187482,27.060073],[142.187454,27.060062],[142.187446,27.060085]]],[[[142.187556,27.060088],[142.187618,27.060069],[142.187587,27.060054],[142.187556,27.060088]]],[[[142.187175,27.060352],[142.187037,27.06032],[142.187111,27.060418],[142.187175,27.060352]]],[[[142.187386,27.060279],[142.187413,27.060284],[142.187392,27.06027],[142.187386,27.060279]]],[[[142.187299,27.060369],[142.187314,27.060344],[142.187292,27.060354],[142.187299,27.060369]]],[[[142.187248,27.060409],[142.187287,27.060409],[142.187278,27.060377],[142.187248,27.060409]]],[[[142.186984,27.060651],[142.187081,27.060625],[142.187082,27.060576],[142.186984,27.060651]]],[[[142.187182,27.060606],[142.187165,27.060684],[142.18722,27.060666],[142.187182,27.060606]]],[[[142.186669,27.060713],[142.186717,27.060718],[142.186705,27.060698],[142.186669,27.060713]]],[[[142.186776,27.060773],[142.186835,27.060778],[142.186819,27.060753],[142.186776,27.060773]]],[[[142.186887,27.060824],[142.186856,27.060758],[142.186857,27.060847],[142.186887,27.060824]]],[[[142.187676,27.061443],[142.187706,27.06151],[142.187737,27.061433],[142.187676,27.061443]]],[[[142.187827,27.06158],[142.187926,27.061526],[142.187911,27.061488],[142.187827,27.06158]]],[[[142.187575,27.061798],[142.187684,27.061601],[142.187511,27.061695],[142.187575,27.061798]]],[[[142.188699,27.067984],[142.188729,27.067955],[142.188702,27.067948],[142.188699,27.067984]]],[[[142.18876,27.068318],[142.188823,27.068331],[142.188814,27.068301],[142.18876,27.068318]]],[[[142.186332,27.070354],[142.186253,27.070341],[142.186291,27.070404],[142.186332,27.070354]]],[[[142.186396,27.07065],[142.186309,27.070639],[142.186358,27.070698],[142.186396,27.07065]]],[[[142.186485,27.070884],[142.186418,27.070811],[142.186446,27.070904],[142.186485,27.070884]]],[[[142.18794,27.071142],[142.187892,27.071186],[142.18796,27.07119],[142.18794,27.071142]]],[[[142.185835,27.074756],[142.185914,27.074695],[142.185869,27.074666],[142.185835,27.074756]]],[[[142.185965,27.083421],[142.185945,27.083443],[142.185959,27.083448],[142.185965,27.083421]]],[[[142.185995,27.08343],[142.18604,27.08345],[142.186025,27.08342],[142.185995,27.08343]]],[[[142.186152,27.08361],[142.186162,27.083593],[142.186146,27.08359],[142.186152,27.08361]]],[[[142.186294,27.083458],[142.186323,27.083826],[142.186525,27.083552],[142.186294,27.083458]]],[[[142.186109,27.083877],[142.186011,27.083767],[142.185984,27.083902],[142.186109,27.083877]]],[[[142.186148,27.083959],[142.186168,27.084032],[142.186225,27.083931],[142.186148,27.083959]]],[[[142.18634,27.084078],[142.186593,27.084224],[142.186688,27.084153],[142.18634,27.084078]]],[[[142.186017,27.084266],[142.186063,27.084264],[142.186038,27.084235],[142.186017,27.084266]]],[[[142.18601,27.084663],[142.18597,27.084574],[142.185944,27.084675],[142.18601,27.084663]]],[[[142.186192,27.084677],[142.186237,27.084672],[142.186213,27.084656],[142.186192,27.084677]]],[[[142.188035,27.08714],[142.188054,27.087038],[142.187991,27.087121],[142.188035,27.08714]]],[[[142.186899,27.087314],[142.186869,27.087168],[142.186811,27.087312],[142.186899,27.087314]]],[[[142.18751,27.087301],[142.187454,27.087268],[142.187449,27.087329],[142.18751,27.087301]]],[[[142.186761,27.087324],[142.186707,27.087377],[142.186736,27.087382],[142.186761,27.087324]]],[[[142.187087,27.087375],[142.187004,27.087364],[142.187075,27.0874],[142.187087,27.087375]]],[[[142.186634,27.087705],[142.186554,27.087673],[142.186579,27.087721],[142.186634,27.087705]]],[[[142.1874,27.087703],[142.187392,27.087677],[142.187382,27.087698],[142.1874,27.087703]]],[[[142.187343,27.087709],[142.18732,27.087698],[142.187337,27.087711],[142.187343,27.087709]]],[[[142.187409,27.087797],[142.187431,27.087803],[142.187426,27.087788],[142.187409,27.087797]]],[[[142.187012,27.087824],[142.187,27.087798],[142.18699,27.087821],[142.187012,27.087824]]],[[[142.186842,27.087834],[142.186819,27.087876],[142.18683,27.087876],[142.186842,27.087834]]],[[[142.187927,27.08787],[142.187899,27.087883],[142.187932,27.087876],[142.187927,27.08787]]],[[[142.187459,27.087897],[142.187488,27.087894],[142.187484,27.087883],[142.187459,27.087897]]],[[[142.187838,27.087938],[142.187827,27.087908],[142.187817,27.087932],[142.187838,27.087938]]],[[[142.187896,27.087952],[142.18792,27.08799],[142.18794,27.087944],[142.187896,27.087952]]],[[[142.188347,27.088367],[142.188358,27.088342],[142.188339,27.088348],[142.188347,27.088367]]],[[[142.188622,27.088361],[142.188642,27.088391],[142.188655,27.088368],[142.188622,27.088361]]],[[[142.188786,27.088399],[142.188823,27.088378],[142.188795,27.088372],[142.188786,27.088399]]],[[[142.18622,27.088919],[142.186182,27.088981],[142.186208,27.088987],[142.18622,27.088919]]],[[[142.186121,27.088962],[142.186155,27.088987],[142.186162,27.088964],[142.186121,27.088962]]],[[[142.186381,27.089407],[142.186417,27.08938],[142.186391,27.089373],[142.186381,27.089407]]],[[[142.186363,27.089481],[142.186382,27.089445],[142.186345,27.089438],[142.186363,27.089481]]],[[[142.186469,27.089666],[142.186442,27.089667],[142.186449,27.089674],[142.186469,27.089666]]],[[[142.186243,27.089703],[142.186209,27.089656],[142.186193,27.089658],[142.186243,27.089703]]],[[[142.186349,27.089704],[142.186362,27.089755],[142.186368,27.089708],[142.186349,27.089704]]],[[[142.18649,27.089823],[142.186511,27.0898],[142.186488,27.089791],[142.18649,27.089823]]],[[[142.18612,27.089873],[142.186068,27.089856],[142.186065,27.0899],[142.18612,27.089873]]],[[[142.186411,27.08992],[142.186443,27.089888],[142.186418,27.089888],[142.186411,27.08992]]],[[[142.186149,27.089947],[142.18615,27.089911],[142.186135,27.08993],[142.186149,27.089947]]],[[[142.185448,27.090038],[142.185478,27.089932],[142.185406,27.089974],[142.185448,27.090038]]],[[[142.185477,27.09093],[142.185447,27.090876],[142.185434,27.090931],[142.185477,27.09093]]],[[[142.185445,27.091105],[142.185391,27.091076],[142.185399,27.09112],[142.185445,27.091105]]],[[[142.185777,27.091209],[142.185783,27.091183],[142.185775,27.091184],[142.185777,27.091209]]],[[[142.185847,27.091255],[142.185844,27.091232],[142.18583,27.091242],[142.185847,27.091255]]],[[[142.185305,27.091309],[142.185303,27.091264],[142.185269,27.091307],[142.185305,27.091309]]],[[[142.185715,27.091356],[142.185722,27.091332],[142.185708,27.091329],[142.185715,27.091356]]],[[[142.185409,27.09146],[142.185429,27.091438],[142.185406,27.09144],[142.185409,27.09146]]],[[[142.185556,27.091494],[142.185572,27.091522],[142.185584,27.091477],[142.185556,27.091494]]],[[[142.185438,27.091621],[142.185426,27.091649],[142.185442,27.091646],[142.185438,27.091621]]],[[[142.185342,27.09162],[142.185387,27.091649],[142.185389,27.091628],[142.185342,27.09162]]],[[[142.185236,27.1045],[142.185196,27.104527],[142.185237,27.104549],[142.185236,27.1045]]],[[[142.185324,27.104736],[142.185266,27.104754],[142.185317,27.104774],[142.185324,27.104736]]],[[[142.185522,27.104779],[142.185452,27.104762],[142.185472,27.104809],[142.185522,27.104779]]],[[[142.188487,27.104998],[142.188507,27.105036],[142.188501,27.104984],[142.188487,27.104998]]],[[[142.188736,27.10506],[142.188688,27.105013],[142.188718,27.105076],[142.188736,27.10506]]],[[[142.186162,27.105089],[142.186219,27.105042],[142.186155,27.105086],[142.186162,27.105089]]],[[[142.186305,27.105106],[142.186242,27.105118],[142.186295,27.105139],[142.186305,27.105106]]],[[[142.186149,27.105121],[142.186133,27.105132],[142.186171,27.105125],[142.186149,27.105121]]],[[[142.188354,27.105169],[142.188316,27.105083],[142.188226,27.105179],[142.188354,27.105169]]],[[[142.188593,27.10513],[142.18855,27.105141],[142.188592,27.105161],[142.188593,27.10513]]],[[[142.188141,27.105226],[142.188125,27.105272],[142.188155,27.10524],[142.188141,27.105226]]],[[[142.188296,27.105232],[142.188301,27.105289],[142.188322,27.105241],[142.188296,27.105232]]],[[[142.186515,27.105333],[142.18652,27.105272],[142.186499,27.10527],[142.186515,27.105333]]],[[[142.187743,27.105388],[142.187774,27.105338],[142.187753,27.105328],[142.187743,27.105388]]],[[[142.188199,27.105462],[142.188191,27.105344],[142.188167,27.105459],[142.188199,27.105462]]],[[[142.187853,27.105464],[142.187787,27.105454],[142.187801,27.10549],[142.187853,27.105464]]],[[[142.187743,27.105449],[142.187761,27.105514],[142.187786,27.105508],[142.187743,27.105449]]],[[[142.18828,27.105549],[142.188201,27.105565],[142.188259,27.105591],[142.18828,27.105549]]],[[[142.187836,27.105579],[142.187764,27.105613],[142.187833,27.105613],[142.187836,27.105579]]],[[[142.188302,27.115821],[142.188358,27.115702],[142.188212,27.115774],[142.188302,27.115821]]],[[[142.187926,27.115679],[142.188006,27.115949],[142.188131,27.115802],[142.187926,27.115679]]],[[[142.186961,27.115994],[142.186906,27.115976],[142.186927,27.116015],[142.186961,27.115994]]],[[[142.186724,27.115963],[142.186633,27.116052],[142.186767,27.116004],[142.186724,27.115963]]],[[[142.18705,27.11606],[142.186985,27.116013],[142.186982,27.116069],[142.18705,27.11606]]],[[[142.187112,27.116047],[142.187201,27.116081],[142.187258,27.115988],[142.187112,27.116047]]],[[[142.18855,27.116139],[142.188512,27.116073],[142.188503,27.116114],[142.18855,27.116139]]],[[[142.18683,27.116139],[142.186786,27.11611],[142.186779,27.116144],[142.18683,27.116139]]],[[[142.186944,27.116151],[142.186883,27.116148],[142.186918,27.116176],[142.186944,27.116151]]],[[[142.185758,27.116687],[142.185619,27.116747],[142.185799,27.116762],[142.185758,27.116687]]],[[[142.185686,27.116913],[142.185644,27.116887],[142.185639,27.116929],[142.185686,27.116913]]],[[[142.185818,27.11827],[142.18739,27.117486],[142.188421,27.11608],[142.18609,27.116363],[142.185202,27.117612],[142.184183,27.118155],[142.185412,27.118832],[142.185818,27.11827]]],[[[142.185908,27.118328],[142.185845,27.118321],[142.185872,27.118358],[142.185908,27.118328]]],[[[142.186053,27.118394],[142.186033,27.118267],[142.185999,27.118345],[142.186053,27.118394]]],[[[142.187256,27.118826],[142.187197,27.118768],[142.18718,27.118841],[142.187256,27.118826]]],[[[142.186425,27.119574],[142.186373,27.119545],[142.186374,27.119585],[142.186425,27.119574]]],[[[142.186337,27.119652],[142.186277,27.119615],[142.186285,27.119682],[142.186337,27.119652]]],[[[142.186213,27.119689],[142.186104,27.119701],[142.186201,27.119725],[142.186213,27.119689]]],[[[142.18627,27.120015],[142.186123,27.120052],[142.18617,27.120077],[142.18627,27.120015]]],[[[142.186639,27.120135],[142.186402,27.120046],[142.186384,27.120138],[142.186639,27.120135]]],[[[142.187276,27.12047],[142.186866,27.120445],[142.186801,27.120591],[142.187276,27.12047]]],[[[142.18714,27.120731],[142.187015,27.120672],[142.18699,27.120725],[142.18714,27.120731]]],[[[142.187959,27.126559],[142.187968,27.126383],[142.187909,27.126554],[142.187959,27.126559]]],[[[142.188556,27.126652],[142.188699,27.126318],[142.188404,27.126581],[142.188556,27.126652]]],[[[142.18776,27.126831],[142.187839,27.126634],[142.187709,27.126816],[142.18776,27.126831]]],[[[142.186804,27.1267],[142.186927,27.126861],[142.187041,27.126672],[142.186804,27.1267]]],[[[142.187012,27.137659],[142.186805,27.137776],[142.187054,27.137811],[142.187012,27.137659]]],[[[142.188932,27.139127],[142.188597,27.138419],[142.188318,27.138851],[142.188932,27.139127]]],[[[142.187875,27.139626],[142.18791,27.139488],[142.1878,27.13952],[142.187875,27.139626]]],[[[142.18605,27.144449],[142.185986,27.144476],[142.186019,27.144502],[142.18605,27.144449]]],[[[142.185395,27.144602],[142.185325,27.144571],[142.185339,27.144613],[142.185395,27.144602]]],[[[142.188416,27.146698],[142.188302,27.146661],[142.188345,27.146728],[142.188416,27.146698]]],[[[142.188262,27.146997],[142.188203,27.146932],[142.188203,27.147008],[142.188262,27.146997]]],[[[142.188109,27.147498],[142.188043,27.147458],[142.188073,27.147512],[142.188109,27.147498]]],[[[142.185657,27.178341],[142.185583,27.178341],[142.185637,27.178382],[142.185657,27.178341]]],[[[142.185186,27.178395],[142.185468,27.178467],[142.18528,27.178298],[142.185186,27.178395]]],[[[142.185925,27.178426],[142.185863,27.178489],[142.185918,27.178504],[142.185925,27.178426]]],[[[142.185773,27.178441],[142.185719,27.178474],[142.185764,27.178488],[142.185773,27.178441]]],[[[142.185479,27.178685],[142.185394,27.17871],[142.185427,27.178729],[142.185479,27.178685]]],[[[142.186496,27.184441],[142.186042,27.183808],[142.185695,27.184275],[142.186496,27.184441]]],[[[142.188344,27.189546],[142.188402,27.189484],[142.188339,27.189464],[142.188344,27.189546]]],[[[142.185063,27.619318],[142.185463,27.618841],[142.18488,27.619175],[142.185063,27.619318]]],[[[142.187658,27.622442],[142.187649,27.622346],[142.187593,27.622441],[142.187658,27.622442]]],[[[142.187597,27.62261],[142.187573,27.622541],[142.187546,27.622605],[142.187597,27.62261]]],[[[142.185529,27.627259],[142.185595,27.627195],[142.185533,27.627189],[142.185529,27.627259]]],[[[142.193622,27.039829],[142.19365,27.039775],[142.193604,27.039795],[142.193622,27.039829]]],[[[142.19346,27.039952],[142.193528,27.039902],[142.193512,27.039888],[142.19346,27.039952]]],[[[142.19358,27.039956],[142.193658,27.040024],[142.193665,27.039881],[142.19358,27.039956]]],[[[142.194063,27.039959],[142.194182,27.040047],[142.194244,27.039979],[142.194063,27.039959]]],[[[142.19344,27.040102],[142.193471,27.040024],[142.193409,27.040073],[142.19344,27.040102]]],[[[142.194031,27.040096],[142.194067,27.040075],[142.194018,27.040063],[142.194031,27.040096]]],[[[142.193344,27.040164],[142.193377,27.040126],[142.193345,27.040126],[142.193344,27.040164]]],[[[142.193821,27.040218],[142.193915,27.040235],[142.193932,27.040187],[142.193821,27.040218]]],[[[142.193304,27.040244],[142.193334,27.040202],[142.193296,27.040214],[142.193304,27.040244]]],[[[142.19425,27.040272],[142.194293,27.040192],[142.194226,27.040199],[142.19425,27.040272]]],[[[142.194193,27.040283],[142.194135,27.040288],[142.194189,27.040306],[142.194193,27.040283]]],[[[142.193847,27.040306],[142.193876,27.040354],[142.193902,27.040291],[142.193847,27.040306]]],[[[142.194132,27.040336],[142.194067,27.04035],[142.194114,27.040401],[142.194132,27.040336]]],[[[142.193857,27.040409],[142.193903,27.040405],[142.193878,27.040382],[142.193857,27.040409]]],[[[142.19409,27.040431],[142.194131,27.04044],[142.194114,27.04041],[142.19409,27.040431]]],[[[142.193744,27.04043],[142.193781,27.040448],[142.193774,27.040409],[142.193744,27.04043]]],[[[142.193888,27.040487],[142.193934,27.040506],[142.193912,27.040461],[142.193888,27.040487]]],[[[142.193797,27.040557],[142.193852,27.040509],[142.193785,27.040521],[142.193797,27.040557]]],[[[142.194336,27.040547],[142.194222,27.040515],[142.194179,27.040602],[142.194336,27.040547]]],[[[142.193306,27.040562],[142.193258,27.040522],[142.193262,27.040573],[142.193306,27.040562]]],[[[142.193482,27.040595],[142.193606,27.04051],[142.193473,27.0405],[142.193482,27.040595]]],[[[142.192968,27.040539],[142.193031,27.040584],[142.192948,27.040437],[142.192968,27.040539]]],[[[142.193721,27.040696],[142.193617,27.040667],[142.193629,27.040712],[142.193721,27.040696]]],[[[142.193395,27.040666],[142.193335,27.04066],[142.193349,27.040712],[142.193395,27.040666]]],[[[142.193081,27.040712],[142.193138,27.040708],[142.193132,27.040679],[142.193081,27.040712]]],[[[142.193881,27.040701],[142.193879,27.040776],[142.193942,27.04068],[142.193881,27.040701]]],[[[142.194152,27.040714],[142.194208,27.040747],[142.194221,27.040705],[142.194152,27.040714]]],[[[142.193449,27.040759],[142.193496,27.040767],[142.193505,27.040719],[142.193449,27.040759]]],[[[142.193311,27.040758],[142.193364,27.040792],[142.193339,27.040734],[142.193311,27.040758]]],[[[142.193732,27.040769],[142.193703,27.040813],[142.193726,27.040816],[142.193732,27.040769]]],[[[142.192808,27.040834],[142.192784,27.040778],[142.192773,27.040842],[142.192808,27.040834]]],[[[142.193927,27.040797],[142.193865,27.0408],[142.193897,27.04084],[142.193927,27.040797]]],[[[142.194187,27.040815],[142.194236,27.040833],[142.194221,27.040797],[142.194187,27.040815]]],[[[142.193612,27.040819],[142.193681,27.040884],[142.19367,27.040805],[142.193612,27.040819]]],[[[142.194034,27.040889],[142.194024,27.040815],[142.193992,27.04085],[142.194034,27.040889]]],[[[142.193803,27.040844],[142.193882,27.040896],[142.193909,27.040858],[142.193803,27.040844]]],[[[142.193369,27.040818],[142.193324,27.040966],[142.193405,27.040827],[142.193369,27.040818]]],[[[142.194309,27.04091],[142.194345,27.040886],[142.194333,27.040866],[142.194309,27.04091]]],[[[142.193558,27.040905],[142.193516,27.040946],[142.193555,27.040971],[142.193558,27.040905]]],[[[142.193788,27.040921],[142.193738,27.040953],[142.193809,27.040962],[142.193788,27.040921]]],[[[142.193833,27.040973],[142.193867,27.040947],[142.193825,27.040958],[142.193833,27.040973]]],[[[142.193699,27.041012],[142.193709,27.040961],[142.193662,27.040953],[142.193699,27.041012]]],[[[142.194134,27.041007],[142.193995,27.040958],[142.193983,27.041002],[142.194134,27.041007]]],[[[142.193762,27.041],[142.193809,27.041006],[142.19377,27.040979],[142.193762,27.041]]],[[[142.193447,27.041004],[142.19349,27.041054],[142.19348,27.041],[142.193447,27.041004]]],[[[142.193214,27.041009],[142.19321,27.041065],[142.19323,27.041015],[142.193214,27.041009]]],[[[142.193649,27.040996],[142.193687,27.04109],[142.193729,27.041065],[142.193649,27.040996]]],[[[142.193766,27.041073],[142.193887,27.041101],[142.193756,27.041052],[142.193766,27.041073]]],[[[142.193522,27.041158],[142.193724,27.041173],[142.193554,27.040997],[142.193522,27.041158]]],[[[142.193168,27.041081],[142.193208,27.04111],[142.193194,27.04107],[142.193168,27.041081]]],[[[142.193779,27.04113],[142.193782,27.04118],[142.193807,27.041146],[142.193779,27.04113]]],[[[142.193899,27.041218],[142.194403,27.041134],[142.194311,27.040949],[142.193899,27.041218]]],[[[142.193871,27.041378],[142.193873,27.041435],[142.19392,27.041412],[142.193871,27.041378]]],[[[142.192972,27.041415],[142.1929,27.041446],[142.192966,27.041456],[142.192972,27.041415]]],[[[142.19142,27.041443],[142.191447,27.041558],[142.191493,27.04155],[142.19142,27.041443]]],[[[142.192799,27.041499],[142.19268,27.041559],[142.192654,27.041628],[142.192799,27.041499]]],[[[142.191526,27.041698],[142.191475,27.041732],[142.191543,27.041753],[142.191526,27.041698]]],[[[142.191304,27.041832],[142.191244,27.04184],[142.191253,27.041873],[142.191304,27.041832]]],[[[142.192471,27.041879],[142.192506,27.04193],[142.192498,27.04187],[142.192471,27.041879]]],[[[142.191597,27.041968],[142.191621,27.042007],[142.191655,27.041983],[142.191597,27.041968]]],[[[142.19191,27.042053],[142.191871,27.04205],[142.191889,27.042077],[142.19191,27.042053]]],[[[142.190965,27.042074],[142.191014,27.042039],[142.190996,27.04203],[142.190965,27.042074]]],[[[142.191074,27.04205],[142.191107,27.042071],[142.191116,27.042045],[142.191074,27.04205]]],[[[142.191249,27.042062],[142.191214,27.0421],[142.191252,27.042101],[142.191249,27.042062]]],[[[142.190936,27.04215],[142.190932,27.042084],[142.190906,27.042145],[142.190936,27.04215]]],[[[142.1919,27.042082],[142.191941,27.04213],[142.191913,27.042073],[142.1919,27.042082]]],[[[142.191182,27.042118],[142.191228,27.042159],[142.1912,27.042114],[142.191182,27.042118]]],[[[142.192681,27.042191],[142.192606,27.042125],[142.192588,27.042159],[142.192681,27.042191]]],[[[142.192463,27.042182],[142.192498,27.042189],[142.192483,27.042162],[142.192463,27.042182]]],[[[142.192557,27.042207],[142.19258,27.042238],[142.192589,27.042211],[142.192557,27.042207]]],[[[142.191524,27.04222],[142.191557,27.042253],[142.191563,27.042221],[142.191524,27.04222]]],[[[142.191091,27.042281],[142.191064,27.04223],[142.191044,27.042273],[142.191091,27.042281]]],[[[142.191171,27.042278],[142.191124,27.042237],[142.191116,27.042281],[142.191171,27.042278]]],[[[142.191305,27.042267],[142.191255,27.042278],[142.191291,27.042298],[142.191305,27.042267]]],[[[142.191362,27.042282],[142.191405,27.042315],[142.191395,27.042276],[142.191362,27.042282]]],[[[142.191056,27.042307],[142.191066,27.042379],[142.191069,27.042304],[142.191056,27.042307]]],[[[142.190954,27.042388],[142.19099,27.042401],[142.190988,27.042387],[142.190954,27.042388]]],[[[142.190618,27.042388],[142.190461,27.042544],[142.190547,27.042516],[142.190618,27.042388]]],[[[142.190827,27.042516],[142.190844,27.042574],[142.190839,27.042513],[142.190827,27.042516]]],[[[142.190719,27.042628],[142.190762,27.042683],[142.190743,27.042628],[142.190719,27.042628]]],[[[142.190232,27.042763],[142.19037,27.042688],[142.190428,27.042553],[142.190232,27.042763]]],[[[142.189708,27.042709],[142.189768,27.042672],[142.189734,27.042659],[142.189708,27.042709]]],[[[142.190575,27.042721],[142.190562,27.042685],[142.190564,27.042725],[142.190575,27.042721]]],[[[142.189631,27.04276],[142.189624,27.042715],[142.189592,27.042742],[142.189631,27.04276]]],[[[142.190453,27.042782],[142.190436,27.042767],[142.190436,27.04279],[142.190453,27.042782]]],[[[142.190541,27.042776],[142.190545,27.042852],[142.190595,27.042785],[142.190541,27.042776]]],[[[142.190446,27.042846],[142.190485,27.042837],[142.19047,27.042824],[142.190446,27.042846]]],[[[142.1904,27.042812],[142.190275,27.042824],[142.190174,27.042968],[142.1904,27.042812]]],[[[142.190369,27.042926],[142.190371,27.042972],[142.190389,27.042922],[142.190369,27.042926]]],[[[142.19022,27.043051],[142.190199,27.043014],[142.190196,27.043056],[142.19022,27.043051]]],[[[142.189978,27.043164],[142.19006,27.043085],[142.190055,27.043074],[142.189978,27.043164]]],[[[142.189438,27.043547],[142.189491,27.043498],[142.189454,27.043485],[142.189438,27.043547]]],[[[142.189342,27.043541],[142.189305,27.043528],[142.189319,27.043559],[142.189342,27.043541]]],[[[142.189345,27.043624],[142.189327,27.043587],[142.189336,27.043633],[142.189345,27.043624]]],[[[142.188987,27.043827],[142.188951,27.043864],[142.188999,27.043855],[142.188987,27.043827]]],[[[142.189659,27.04388],[142.189632,27.043868],[142.189642,27.043884],[142.189659,27.04388]]],[[[142.188983,27.043933],[142.188993,27.043887],[142.188953,27.043894],[142.188983,27.043933]]],[[[142.189052,27.043926],[142.188991,27.044031],[142.188997,27.044062],[142.189052,27.043926]]],[[[142.189485,27.051283],[142.189508,27.051259],[142.189479,27.051248],[142.189485,27.051283]]],[[[142.189543,27.051482],[142.189528,27.051463],[142.189529,27.051481],[142.189543,27.051482]]],[[[142.189248,27.052012],[142.189239,27.052093],[142.189292,27.052053],[142.189248,27.052012]]],[[[142.189088,27.052298],[142.189061,27.052288],[142.189052,27.0523],[142.189088,27.052298]]],[[[142.188953,27.052379],[142.188857,27.052317],[142.188795,27.052296],[142.188953,27.052379]]],[[[142.189331,27.053395],[142.189251,27.053383],[142.189252,27.053405],[142.189331,27.053395]]],[[[142.189164,27.054094],[142.189195,27.054135],[142.1892,27.054091],[142.189164,27.054094]]],[[[142.189091,27.05419],[142.189053,27.054107],[142.189014,27.054174],[142.189091,27.05419]]],[[[142.189354,27.05425],[142.189355,27.054176],[142.189344,27.054259],[142.189354,27.05425]]],[[[142.189338,27.054502],[142.189377,27.054474],[142.189372,27.054469],[142.189338,27.054502]]],[[[142.189369,27.054539],[142.18945,27.054498],[142.189429,27.054475],[142.189369,27.054539]]],[[[142.189168,27.054509],[142.18921,27.054557],[142.189215,27.054508],[142.189168,27.054509]]],[[[142.189325,27.054572],[142.189331,27.054612],[142.189339,27.054558],[142.189325,27.054572]]],[[[142.192874,27.06182],[142.192806,27.061936],[142.192912,27.061869],[142.192874,27.06182]]],[[[142.193446,27.063605],[142.193417,27.063493],[142.193411,27.063606],[142.193446,27.063605]]],[[[142.19353,27.06358],[142.193529,27.063541],[142.193507,27.063578],[142.19353,27.06358]]],[[[142.191645,27.063714],[142.191689,27.063719],[142.191653,27.063698],[142.191645,27.063714]]],[[[142.191704,27.063768],[142.191789,27.063778],[142.191757,27.063735],[142.191704,27.063768]]],[[[142.19161,27.063792],[142.191688,27.063785],[142.191652,27.063751],[142.19161,27.063792]]],[[[142.19087,27.064132],[142.190914,27.064131],[142.190898,27.064101],[142.19087,27.064132]]],[[[142.19085,27.064258],[142.190909,27.064281],[142.190917,27.064212],[142.19085,27.064258]]],[[[142.191268,27.064736],[142.191264,27.064782],[142.191288,27.064775],[142.191268,27.064736]]],[[[142.19014,27.067656],[142.190136,27.067715],[142.190167,27.067695],[142.19014,27.067656]]],[[[142.189863,27.067809],[142.189881,27.067662],[142.189835,27.067805],[142.189863,27.067809]]],[[[142.192406,27.06776],[142.192363,27.067737],[142.192368,27.067776],[142.192406,27.06776]]],[[[142.189944,27.067837],[142.189976,27.067822],[142.189972,27.067816],[142.189944,27.067837]]],[[[142.190358,27.067818],[142.190346,27.067868],[142.190385,27.067837],[142.190358,27.067818]]],[[[142.189799,27.067854],[142.189809,27.067898],[142.189839,27.067863],[142.189799,27.067854]]],[[[142.189758,27.067882],[142.189773,27.067906],[142.18978,27.067882],[142.189758,27.067882]]],[[[142.189327,27.067886],[142.189366,27.067969],[142.189391,27.067966],[142.189327,27.067886]]],[[[142.188991,27.06805],[142.189099,27.067909],[142.188681,27.067855],[142.188991,27.06805]]],[[[142.191725,27.067939],[142.19177,27.067941],[142.191767,27.067917],[142.191725,27.067939]]],[[[142.191566,27.068],[142.191571,27.067955],[142.191518,27.067978],[142.191566,27.068]]],[[[142.18954,27.068073],[142.189561,27.068133],[142.189593,27.068102],[142.18954,27.068073]]],[[[142.189135,27.068387],[142.189583,27.068244],[142.18899,27.068223],[142.189135,27.068387]]],[[[142.188911,27.068303],[142.188877,27.06834],[142.188958,27.068295],[142.188911,27.068303]]],[[[142.189576,27.068442],[142.189542,27.068345],[142.18952,27.068334],[142.189521,27.068416],[142.189576,27.068442]]],[[[142.189566,27.068505],[142.189781,27.068294],[142.189668,27.068222],[142.189566,27.068505]]],[[[142.189387,27.068536],[142.18946,27.068422],[142.18934,27.068457],[142.189387,27.068536]]],[[[142.189827,27.068532],[142.189811,27.068565],[142.18985,27.068557],[142.189827,27.068532]]],[[[142.189333,27.068546],[142.189376,27.06856],[142.189369,27.068539],[142.189333,27.068546]]],[[[142.189156,27.069653],[142.189167,27.069779],[142.189221,27.06978],[142.189156,27.069653]]],[[[142.18894,27.069821],[142.188962,27.069709],[142.188828,27.069716],[142.18894,27.069821]]],[[[142.189784,27.073543],[142.1899,27.073641],[142.189842,27.073502],[142.189784,27.073543]]],[[[142.189496,27.073545],[142.189487,27.073828],[142.189661,27.073612],[142.189496,27.073545]]],[[[142.18918,27.073708],[142.189154,27.073896],[142.189271,27.073848],[142.18918,27.073708]]],[[[142.191029,27.074192],[142.191052,27.07423],[142.191061,27.0742],[142.191029,27.074192]]],[[[142.191401,27.074643],[142.191391,27.074708],[142.191435,27.074681],[142.191401,27.074643]]],[[[142.191661,27.07475],[142.191588,27.074766],[142.191637,27.074795],[142.191661,27.07475]]],[[[142.191705,27.074795],[142.191769,27.074807],[142.191731,27.074775],[142.191705,27.074795]]],[[[142.191305,27.074809],[142.191206,27.074805],[142.191286,27.074874],[142.191305,27.074809]]],[[[142.191774,27.074883],[142.191701,27.0749],[142.19175,27.074929],[142.191774,27.074883]]],[[[142.191876,27.075099],[142.191915,27.075143],[142.191917,27.0751],[142.191876,27.075099]]],[[[142.191733,27.075489],[142.191794,27.075397],[142.191738,27.075382],[142.191733,27.075489]]],[[[142.192501,27.07549],[142.192554,27.075521],[142.192564,27.075499],[142.192501,27.07549]]],[[[142.191509,27.075507],[142.191571,27.075588],[142.191591,27.075544],[142.191509,27.075507]]],[[[142.193861,27.075724],[142.193865,27.075811],[142.193906,27.075836],[142.193861,27.075724]]],[[[142.19364,27.075862],[142.193657,27.075925],[142.193683,27.075869],[142.19364,27.075862]]],[[[142.189211,27.088612],[142.189246,27.08859],[142.189229,27.088579],[142.189211,27.088612]]],[[[142.189323,27.088724],[142.189337,27.088705],[142.189317,27.088698],[142.189323,27.088724]]],[[[142.189518,27.088761],[142.189472,27.088716],[142.189469,27.088733],[142.189518,27.088761]]],[[[142.191423,27.088843],[142.191414,27.088799],[142.19141,27.0888],[142.191423,27.088843]]],[[[142.193083,27.088907],[142.19309,27.088779],[142.193035,27.088787],[142.193083,27.088907]]],[[[142.191472,27.0889],[142.191446,27.088895],[142.191461,27.088911],[142.191472,27.0889]]],[[[142.189742,27.088867],[142.189776,27.088919],[142.189768,27.088868],[142.189742,27.088867]]],[[[142.193278,27.088937],[142.193291,27.088996],[142.193302,27.088959],[142.193278,27.088937]]],[[[142.193122,27.088962],[142.193119,27.088998],[142.193151,27.088987],[142.193122,27.088962]]],[[[142.191582,27.089027],[142.191571,27.089004],[142.191563,27.089028],[142.191582,27.089027]]],[[[142.193253,27.089126],[142.193217,27.089134],[142.193247,27.08914],[142.193253,27.089126]]],[[[142.193149,27.089361],[142.193056,27.089381],[142.193125,27.089415],[142.193149,27.089361]]],[[[142.193051,27.089392],[142.193045,27.08942],[142.193067,27.089409],[142.193051,27.089392]]],[[[142.193097,27.089762],[142.193061,27.089799],[142.19309,27.089803],[142.193097,27.089762]]],[[[142.193171,27.089896],[142.1931,27.089932],[142.193171,27.089945],[142.193171,27.089896]]],[[[142.190688,27.104579],[142.190651,27.104625],[142.190686,27.104633],[142.190688,27.104579]]],[[[142.189565,27.104718],[142.189558,27.104647],[142.18953,27.104695],[142.189565,27.104718]]],[[[142.189371,27.10471],[142.189329,27.104697],[142.189347,27.104727],[142.189371,27.10471]]],[[[142.189604,27.104718],[142.189644,27.104694],[142.189633,27.104686],[142.189604,27.104718]]],[[[142.189478,27.104723],[142.189551,27.104727],[142.189485,27.104694],[142.189478,27.104723]]],[[[142.189336,27.104728],[142.189243,27.104788],[142.189271,27.10482],[142.189336,27.104728]]],[[[142.191243,27.104812],[142.191141,27.104753],[142.191184,27.104827],[142.191243,27.104812]]],[[[142.190647,27.104975],[142.190675,27.104893],[142.190603,27.104925],[142.190647,27.104975]]],[[[142.191469,27.104992],[142.191382,27.105009],[142.191446,27.105051],[142.191469,27.104992]]],[[[142.19182,27.105049],[142.191837,27.105116],[142.191888,27.105088],[142.19182,27.105049]]],[[[142.189393,27.105088],[142.189428,27.105135],[142.189451,27.105102],[142.189393,27.105088]]],[[[142.191187,27.105107],[142.191151,27.105138],[142.191195,27.105133],[142.191187,27.105107]]],[[[142.192055,27.105216],[142.192029,27.105245],[142.19206,27.105242],[142.192055,27.105216]]],[[[142.191176,27.105346],[142.191217,27.105311],[142.191165,27.105329],[142.191176,27.105346]]],[[[142.191494,27.105367],[142.191399,27.105395],[142.191568,27.105393],[142.191494,27.105367]]],[[[142.192108,27.105441],[142.192038,27.105348],[142.192024,27.105385],[142.192108,27.105441]]],[[[142.192437,27.105894],[142.192471,27.10583],[142.192424,27.105845],[142.192437,27.105894]]],[[[142.192251,27.105938],[142.192315,27.105851],[142.192187,27.105894],[142.192251,27.105938]]],[[[142.192296,27.105959],[142.192247,27.106002],[142.192306,27.106004],[142.192296,27.105959]]],[[[142.192135,27.106007],[142.192038,27.106002],[142.192124,27.106069],[142.192135,27.106007]]],[[[142.19237,27.1061],[142.192359,27.106144],[142.19239,27.10613],[142.19237,27.1061]]],[[[142.192076,27.106274],[142.192097,27.106214],[142.192004,27.106242],[142.192076,27.106274]]],[[[142.191923,27.106305],[142.191908,27.106191],[142.191863,27.106207],[142.191923,27.106305]]],[[[142.192028,27.106379],[142.191968,27.106325],[142.191957,27.106364],[142.192028,27.106379]]],[[[142.192002,27.106442],[142.191911,27.106406],[142.191966,27.106476],[142.192002,27.106442]]],[[[142.193712,27.106716],[142.193735,27.106672],[142.193714,27.106665],[142.193712,27.106716]]],[[[142.191949,27.106859],[142.191867,27.106752],[142.191859,27.106839],[142.191949,27.106859]]],[[[142.193974,27.107359],[142.193375,27.106214],[142.192229,27.106372],[142.193974,27.107359]]],[[[142.193905,27.106936],[142.193823,27.106873],[142.193847,27.106952],[142.193905,27.106936]]],[[[142.191571,27.107161],[142.191807,27.106859],[142.191513,27.107079],[142.191571,27.107161]]],[[[142.194067,27.107969],[142.194134,27.107752],[142.194047,27.107748],[142.194067,27.107969]]],[[[142.194339,27.108265],[142.194238,27.108272],[142.194334,27.108309],[142.194339,27.108265]]],[[[142.190337,27.132087],[142.190246,27.132081],[142.190233,27.132135],[142.190337,27.132087]]],[[[142.189526,27.138634],[142.189455,27.138522],[142.18949,27.138645],[142.189526,27.138634]]],[[[142.189358,27.139954],[142.189248,27.139842],[142.189209,27.139914],[142.189358,27.139954]]],[[[142.189823,27.142631],[142.18959,27.14234],[142.189511,27.142428],[142.189823,27.142631]]],[[[142.188909,27.145547],[142.189038,27.145441],[142.188993,27.145417],[142.188909,27.145547]]],[[[142.189476,27.189453],[142.188846,27.187482],[142.189377,27.186907],[142.19263,27.184843],[142.193104,27.185355],[142.195715,27.185058],[142.194585,27.182783],[142.196526,27.183329],[142.197264,27.182507],[142.198853,27.182863],[142.199782,27.183651],[142.19992,27.181374],[142.198145,27.180453],[142.197014,27.180698],[142.197858,27.179457],[142.196785,27.18009],[142.1967,27.179462],[142.195638,27.179697],[142.194805,27.17774],[142.194829,27.176696],[142.194512,27.176446],[142.195574,27.175017],[142.195116,27.173288],[142.198072,27.171002],[142.197788,27.170164],[142.198123,27.168724],[142.201887,27.169501],[142.201346,27.167091],[142.202089,27.166467],[142.200009,27.165674],[142.200578,27.163064],[142.197461,27.159601],[142.199394,27.158163],[142.197411,27.156934],[142.197529,27.155858],[142.195283,27.15379],[142.192474,27.152379],[142.192347,27.150544],[142.191415,27.150174],[142.189434,27.150709],[142.187921,27.150184],[142.188197,27.148713],[142.18742,27.147679],[142.188855,27.144652],[142.188092,27.144321],[142.183668,27.14549],[142.183779,27.146591],[142.181953,27.146056],[142.180641,27.14645],[142.179629,27.148346],[142.180102,27.149653],[142.180256,27.149248],[142.181281,27.14979],[142.180777,27.15078],[142.184548,27.149519],[142.185614,27.150433],[142.184693,27.152583],[142.1862,27.155115],[142.184446,27.156884],[142.18197,27.156524],[142.180971,27.157656],[142.183172,27.158071],[142.183159,27.158884],[142.184559,27.15946],[142.183818,27.160592],[142.18444,27.161755],[142.183267,27.166049],[142.184466,27.166834],[142.183821,27.168944],[142.185032,27.170473],[142.183879,27.171822],[142.186346,27.171454],[142.187687,27.172312],[142.187552,27.176694],[142.186155,27.176874],[142.186132,27.178885],[142.18551,27.178949],[142.18447,27.178391],[142.184774,27.1795],[142.187696,27.182161],[142.187721,27.184463],[142.185751,27.184674],[142.185348,27.186326],[142.184205,27.187303],[142.186525,27.187278],[142.18901,27.190107],[142.189476,27.189453]]],[[[142.192474,27.185553],[142.192513,27.185439],[142.192422,27.185475],[142.192474,27.185553]]],[[[142.19024,27.186957],[142.19018,27.186852],[142.190199,27.186962],[142.19024,27.186957]]],[[[142.189809,27.187097],[142.189763,27.186993],[142.189741,27.187084],[142.189809,27.187097]]],[[[142.189945,27.188339],[142.189861,27.188297],[142.189877,27.188369],[142.189945,27.188339]]],[[[142.190275,27.188842],[142.190337,27.188724],[142.190236,27.188705],[142.190275,27.188842]]],[[[142.189795,27.189038],[142.189699,27.189056],[142.189787,27.189095],[142.189795,27.189038]]],[[[142.189711,27.189476],[142.189696,27.189339],[142.18966,27.189334],[142.189711,27.189476]]],[[[142.189933,27.190944],[142.189684,27.190519],[142.189699,27.191059],[142.189933,27.190944]]],[[[142.192283,27.192574],[142.192256,27.191449],[142.191733,27.191881],[142.192283,27.192574]]],[[[142.192012,27.192579],[142.191955,27.192657],[142.192052,27.192716],[142.192012,27.192579]]],[[[142.199806,26.548955],[142.199771,26.549014],[142.199833,26.549024],[142.199806,26.548955]]],[[[142.199994,26.549227],[142.199918,26.549178],[142.199951,26.549268],[142.199994,26.549227]]],[[[142.199772,26.549358],[142.199608,26.549278],[142.199603,26.549333],[142.199772,26.549358]]],[[[142.199538,26.55007],[142.199476,26.549938],[142.19943,26.550071],[142.199538,26.55007]]],[[[142.200145,26.550327],[142.199718,26.549986],[142.199908,26.550372],[142.200145,26.550327]]],[[[142.20001,26.551462],[142.200066,26.551401],[142.19998,26.551404],[142.20001,26.551462]]],[[[142.201134,26.551601],[142.20111,26.551523],[142.201072,26.551599],[142.201134,26.551601]]],[[[142.2015,26.552153],[142.201599,26.552809],[142.201932,26.552673],[142.2015,26.552153]]],[[[142.201197,26.552753],[142.201156,26.552873],[142.20122,26.552759],[142.201197,26.552753]]],[[[142.201454,26.55277],[142.201431,26.552885],[142.201477,26.552873],[142.201454,26.55277]]],[[[142.201888,26.552995],[142.201734,26.552912],[142.20167,26.552966],[142.201888,26.552995]]],[[[142.202187,26.557577],[142.202252,26.557489],[142.202139,26.55751],[142.202187,26.557577]]],[[[142.202473,26.560599],[142.202461,26.560491],[142.202423,26.560591],[142.202473,26.560599]]],[[[142.203011,26.561407],[142.202936,26.561388],[142.202944,26.561447],[142.203011,26.561407]]],[[[142.195391,27.038338],[142.195291,27.038317],[142.19529,27.038352],[142.195391,27.038338]]],[[[142.197058,27.038289],[142.197093,27.038321],[142.197095,27.038272],[142.197058,27.038289]]],[[[142.195982,27.038392],[142.196012,27.038362],[142.195977,27.038362],[142.195982,27.038392]]],[[[142.196095,27.038422],[142.196109,27.038384],[142.196087,27.038388],[142.196095,27.038422]]],[[[142.196981,27.038442],[142.197037,27.038451],[142.196994,27.038413],[142.196981,27.038442]]],[[[142.196009,27.038512],[142.19602,27.038482],[142.195998,27.038489],[142.196009,27.038512]]],[[[142.195127,27.038446],[142.19509,27.038543],[142.195192,27.038409],[142.195127,27.038446]]],[[[142.195165,27.038506],[142.195159,27.038542],[142.195233,27.038478],[142.195165,27.038506]]],[[[142.19615,27.038524],[142.196108,27.038512],[142.196142,27.038534],[142.19615,27.038524]]],[[[142.195826,27.038563],[142.195803,27.038537],[142.195801,27.03856],[142.195826,27.038563]]],[[[142.197043,27.03855],[142.197097,27.038543],[142.19706,27.038515],[142.197043,27.03855]]],[[[142.195742,27.038638],[142.195759,27.038601],[142.195729,27.038618],[142.195742,27.038638]]],[[[142.196095,27.038663],[142.196131,27.038592],[142.196069,27.038572],[142.196095,27.038663]]],[[[142.196667,27.038634],[142.196518,27.038669],[142.196662,27.038688],[142.196667,27.038634]]],[[[142.196993,27.038627],[142.197005,27.038722],[142.197035,27.038615],[142.196993,27.038627]]],[[[142.196762,27.038676],[142.196721,27.03873],[142.196762,27.038717],[142.196762,27.038676]]],[[[142.195689,27.038723],[142.1957,27.038681],[142.195669,27.038693],[142.195689,27.038723]]],[[[142.195936,27.038762],[142.195903,27.038709],[142.195896,27.03875],[142.195936,27.038762]]],[[[142.196594,27.038781],[142.196554,27.038715],[142.19654,27.038787],[142.196594,27.038781]]],[[[142.19665,27.03872],[142.196608,27.038881],[142.196717,27.038995],[142.19665,27.03872]]],[[[142.195944,27.038908],[142.195928,27.038821],[142.195878,27.038866],[142.195944,27.038908]]],[[[142.19553,27.038909],[142.195495,27.038851],[142.195425,27.038941],[142.19553,27.038909]]],[[[142.195548,27.038916],[142.195633,27.038923],[142.195606,27.038883],[142.195548,27.038916]]],[[[142.196164,27.038988],[142.196327,27.038845],[142.196264,27.038859],[142.196164,27.038988]]],[[[142.197119,27.038913],[142.197076,27.038957],[142.197135,27.038957],[142.197119,27.038913]]],[[[142.196763,27.038956],[142.196733,27.039001],[142.196787,27.038977],[142.196763,27.038956]]],[[[142.196415,27.038924],[142.196461,27.039019],[142.196507,27.038963],[142.196415,27.038924]]],[[[142.195663,27.038997],[142.19572,27.039063],[142.195696,27.038974],[142.195663,27.038997]]],[[[142.195885,27.039088],[142.196014,27.039],[142.195964,27.03896],[142.195885,27.039088]]],[[[142.196664,27.039017],[142.196716,27.03908],[142.196704,27.039007],[142.196664,27.039017]]],[[[142.196854,27.039184],[142.196899,27.038995],[142.196662,27.039223],[142.196854,27.039184]]],[[[142.196059,27.039173],[142.196041,27.039089],[142.196018,27.039179],[142.196059,27.039173]]],[[[142.196431,27.039096],[142.196494,27.039165],[142.196517,27.039133],[142.196431,27.039096]]],[[[142.196153,27.039247],[142.196133,27.039197],[142.196121,27.039245],[142.196153,27.039247]]],[[[142.196016,27.03927],[142.19605,27.03921],[142.196008,27.039206],[142.196016,27.03927]]],[[[142.196587,27.03946],[142.196542,27.039204],[142.196403,27.039361],[142.196587,27.03946]]],[[[142.196209,27.03939],[142.196258,27.03942],[142.196242,27.03936],[142.196209,27.03939]]],[[[142.196077,27.039468],[142.196171,27.039426],[142.19608,27.039355],[142.196077,27.039468]]],[[[142.196652,27.039497],[142.196722,27.039488],[142.196659,27.039458],[142.196652,27.039497]]],[[[142.196519,27.039473],[142.19659,27.039547],[142.196535,27.03946],[142.196519,27.039473]]],[[[142.196722,27.039609],[142.196675,27.039644],[142.196725,27.039667],[142.196722,27.039609]]],[[[142.196605,27.03966],[142.196661,27.039654],[142.196635,27.039628],[142.196605,27.03966]]],[[[142.196325,27.039724],[142.196435,27.03974],[142.19634,27.039692],[142.196325,27.039724]]],[[[142.196689,27.039702],[142.196635,27.039766],[142.196663,27.039779],[142.196689,27.039702]]],[[[142.197186,27.040159],[142.197272,27.040243],[142.197308,27.040203],[142.197186,27.040159]]],[[[142.194789,27.040437],[142.19471,27.040421],[142.19478,27.040466],[142.194789,27.040437]]],[[[142.194461,27.040465],[142.194473,27.040449],[142.194436,27.040433],[142.194461,27.040465]]],[[[142.194674,27.040514],[142.194765,27.040518],[142.19469,27.040458],[142.194674,27.040514]]],[[[142.194613,27.040821],[142.194577,27.040785],[142.194575,27.040827],[142.194613,27.040821]]],[[[142.194319,27.040809],[142.194358,27.040823],[142.194346,27.040796],[142.194319,27.040809]]],[[[142.194579,27.040849],[142.194602,27.040916],[142.194622,27.04085],[142.194579,27.040849]]],[[[142.194471,27.040918],[142.194339,27.040948],[142.194411,27.040969],[142.194471,27.040918]]],[[[142.19452,27.04101],[142.19456,27.041021],[142.194555,27.040989],[142.19452,27.04101]]],[[[142.194404,27.041046],[142.194457,27.04106],[142.194444,27.041028],[142.194404,27.041046]]],[[[142.194944,27.041158],[142.195,27.041177],[142.194985,27.041123],[142.194944,27.041158]]],[[[142.194665,27.041195],[142.194703,27.041167],[142.194683,27.041152],[142.194665,27.041195]]],[[[142.194587,27.041165],[142.194602,27.041219],[142.194636,27.04115],[142.194587,27.041165]]],[[[142.194675,27.041262],[142.194624,27.041263],[142.194631,27.041281],[142.194675,27.041262]]],[[[142.194523,27.041279],[142.194574,27.041326],[142.194548,27.041261],[142.194523,27.041279]]],[[[142.194783,27.041355],[142.194752,27.041399],[142.194776,27.041405],[142.194783,27.041355]]],[[[142.195084,27.041517],[142.195127,27.041515],[142.195101,27.041486],[142.195084,27.041517]]],[[[142.194863,27.042245],[142.194896,27.042225],[142.194862,27.042226],[142.194863,27.042245]]],[[[142.195119,27.042339],[142.195058,27.04229],[142.194977,27.042287],[142.195119,27.042339]]],[[[142.195111,27.042427],[142.195131,27.042396],[142.195119,27.042389],[142.195111,27.042427]]],[[[142.194981,27.042387],[142.194978,27.042449],[142.195002,27.042445],[142.194981,27.042387]]],[[[142.195068,27.042478],[142.195132,27.042488],[142.195084,27.042455],[142.195068,27.042478]]],[[[142.195268,27.042649],[142.195309,27.042629],[142.19528,27.042617],[142.195268,27.042649]]],[[[142.195482,27.042955],[142.195514,27.042939],[142.195488,27.042926],[142.195482,27.042955]]],[[[142.203194,27.043511],[142.203136,27.04355],[142.203198,27.043557],[142.203194,27.043511]]],[[[142.203257,27.043801],[142.203322,27.043809],[142.203275,27.043778],[142.203257,27.043801]]],[[[142.201675,27.043863],[142.201709,27.043924],[142.20174,27.043897],[142.201675,27.043863]]],[[[142.203175,27.043935],[142.203217,27.043921],[142.203201,27.043907],[142.203175,27.043935]]],[[[142.202827,27.044062],[142.202766,27.043999],[142.202747,27.044065],[142.202827,27.044062]]],[[[142.201952,27.044054],[142.201889,27.044094],[142.201939,27.044106],[142.201952,27.044054]]],[[[142.202018,27.04414],[142.202053,27.044041],[142.201967,27.044056],[142.202018,27.04414]]],[[[142.203144,27.04409],[142.203054,27.044217],[142.203261,27.044276],[142.203144,27.04409]]],[[[142.202745,27.044176],[142.202716,27.044222],[142.202746,27.044222],[142.202745,27.044176]]],[[[142.201874,27.044224],[142.201803,27.044202],[142.201823,27.044249],[142.201874,27.044224]]],[[[142.202279,27.044215],[142.202209,27.044228],[142.202281,27.044253],[142.202279,27.044215]]],[[[142.201744,27.044261],[142.201803,27.04431],[142.201804,27.04425],[142.201744,27.044261]]],[[[142.202972,27.044287],[142.203025,27.044308],[142.20303,27.044282],[142.202972,27.044287]]],[[[142.202232,27.044314],[142.202189,27.044343],[142.202231,27.044344],[142.202232,27.044314]]],[[[142.203306,27.044327],[142.203374,27.044335],[142.203326,27.044303],[142.203306,27.044327]]],[[[142.203061,27.044332],[142.203097,27.044352],[142.203095,27.044324],[142.203061,27.044332]]],[[[142.202645,27.044337],[142.202709,27.044389],[142.202736,27.044339],[142.202645,27.044337]]],[[[142.201293,27.044385],[142.20126,27.044349],[142.201186,27.044414],[142.201293,27.044385]]],[[[142.201077,27.044434],[142.20105,27.044369],[142.201011,27.044431],[142.201077,27.044434]]],[[[142.202835,27.044455],[142.20287,27.044443],[142.202843,27.044412],[142.202835,27.044455]]],[[[142.197063,27.044451],[142.197014,27.044428],[142.197018,27.04446],[142.197063,27.044451]]],[[[142.20294,27.04444],[142.202994,27.044454],[142.202966,27.044424],[142.20294,27.04444]]],[[[142.201283,27.044496],[142.201333,27.044414],[142.201239,27.044485],[142.201283,27.044496]]],[[[142.202748,27.044475],[142.20279,27.044485],[142.202794,27.044453],[142.202748,27.044475]]],[[[142.197006,27.044496],[142.197012,27.04447],[142.196989,27.044492],[142.197006,27.044496]]],[[[142.201385,27.04452],[142.201412,27.044604],[142.201431,27.044526],[142.201385,27.04452]]],[[[142.197446,27.044578],[142.197389,27.044558],[142.197403,27.044606],[142.197446,27.044578]]],[[[142.196477,27.044617],[142.196455,27.044621],[142.196476,27.044628],[142.196477,27.044617]]],[[[142.200887,27.044691],[142.201078,27.04473],[142.200891,27.044665],[142.200887,27.044691]]],[[[142.196936,27.044687],[142.196929,27.044756],[142.196968,27.044745],[142.196936,27.044687]]],[[[142.197083,27.044771],[142.197088,27.044737],[142.197073,27.044738],[142.197083,27.044771]]],[[[142.197539,27.044787],[142.197498,27.044812],[142.197539,27.044822],[142.197539,27.044787]]],[[[142.197471,27.044871],[142.197492,27.044855],[142.197469,27.044859],[142.197471,27.044871]]],[[[142.197106,27.044892],[142.197034,27.044866],[142.197075,27.044922],[142.197106,27.044892]]],[[[142.197238,27.044898],[142.197273,27.0449],[142.197242,27.044881],[142.197238,27.044898]]],[[[142.197342,27.044968],[142.197362,27.044951],[142.197335,27.044952],[142.197342,27.044968]]],[[[142.197425,27.044981],[142.19745,27.044965],[142.19742,27.044965],[142.197425,27.044981]]],[[[142.197617,27.045022],[142.19761,27.044991],[142.197596,27.045019],[142.197617,27.045022]]],[[[142.198048,27.045053],[142.198081,27.045052],[142.198072,27.045041],[142.198048,27.045053]]],[[[142.197869,27.045103],[142.197895,27.045091],[142.197878,27.045087],[142.197869,27.045103]]],[[[142.198041,27.045166],[142.198043,27.045143],[142.198025,27.045153],[142.198041,27.045166]]],[[[142.198687,27.045249],[142.198613,27.045162],[142.198607,27.045212],[142.198687,27.045249]]],[[[142.198285,27.045278],[142.19826,27.045303],[142.198295,27.045316],[142.198285,27.045278]]],[[[142.198652,27.045348],[142.198599,27.045336],[142.19864,27.045365],[142.198652,27.045348]]],[[[142.199472,27.045411],[142.199503,27.045393],[142.199475,27.045386],[142.199472,27.045411]]],[[[142.199916,27.045393],[142.199967,27.045412],[142.199945,27.045376],[142.199916,27.045393]]],[[[142.199635,27.04545],[142.199689,27.045477],[142.199669,27.04543],[142.199635,27.04545]]],[[[142.199408,27.04555],[142.199388,27.045514],[142.199359,27.04553],[142.199408,27.04555]]],[[[142.201967,27.073469],[142.201907,27.073346],[142.201863,27.073359],[142.201967,27.073469]]],[[[142.202587,27.075293],[142.202644,27.075147],[142.202551,27.07528],[142.202587,27.075293]]],[[[142.194911,27.076007],[142.194941,27.076211],[142.19504,27.07605],[142.194911,27.076007]]],[[[142.202594,27.07914],[142.202623,27.079136],[142.202609,27.079118],[142.202594,27.07914]]],[[[142.202568,27.079187],[142.202603,27.079225],[142.202608,27.0792],[142.202568,27.079187]]],[[[142.202938,27.07921],[142.202984,27.079199],[142.202955,27.079185],[142.202938,27.07921]]],[[[142.202354,27.079497],[142.201878,27.079027],[142.201833,27.07909],[142.202354,27.079497]]],[[[142.203027,27.079334],[142.203064,27.079308],[142.203024,27.079299],[142.203027,27.079334]]],[[[142.202965,27.085863],[142.203008,27.08587],[142.203006,27.085849],[142.202965,27.085863]]],[[[142.203024,27.085936],[142.203095,27.085944],[142.203035,27.085915],[142.203024,27.085936]]],[[[142.202815,27.08604],[142.202827,27.086121],[142.202905,27.086066],[142.202815,27.08604]]],[[[142.201865,27.086742],[142.201922,27.086781],[142.201929,27.086741],[142.201865,27.086742]]],[[[142.203056,27.086785],[142.203141,27.086771],[142.203048,27.086773],[142.203056,27.086785]]],[[[142.203214,27.086798],[142.203262,27.086777],[142.203213,27.08678],[142.203214,27.086798]]],[[[142.202007,27.087847],[142.202045,27.08787],[142.202044,27.087835],[142.202007,27.087847]]],[[[142.201897,27.087869],[142.201938,27.087896],[142.201948,27.087873],[142.201897,27.087869]]],[[[142.202132,27.088139],[142.20218,27.088146],[142.202156,27.088123],[142.202132,27.088139]]],[[[142.20313,27.089339],[142.203223,27.089387],[142.203202,27.089283],[142.20313,27.089339]]],[[[142.203269,27.090644],[142.20329,27.090611],[142.203262,27.090606],[142.203269,27.090644]]],[[[142.203274,27.090762],[142.203307,27.090751],[142.20327,27.090738],[142.203274,27.090762]]],[[[142.203175,27.091083],[142.20322,27.09105],[142.203186,27.091048],[142.203175,27.091083]]],[[[142.199436,27.095365],[142.199681,27.095504],[142.199478,27.095256],[142.199436,27.095365]]],[[[142.199424,27.096021],[142.199469,27.09602],[142.199472,27.095994],[142.199424,27.096021]]],[[[142.202796,27.09829],[142.202684,27.09806],[142.202672,27.098065],[142.202796,27.09829]]],[[[142.200149,27.104971],[142.200096,27.105004],[142.200177,27.104999],[142.200149,27.104971]]],[[[142.197115,27.105355],[142.197014,27.105383],[142.1971,27.105415],[142.197115,27.105355]]],[[[142.203271,27.105509],[142.203196,27.105523],[142.203257,27.105557],[142.203271,27.105509]]],[[[142.203074,27.105527],[142.203035,27.105573],[142.203084,27.105578],[142.203074,27.105527]]],[[[142.202676,27.105696],[142.202675,27.105588],[142.20251,27.105547],[142.202676,27.105696]]],[[[142.196993,27.105676],[142.197146,27.105601],[142.19696,27.105609],[142.196993,27.105676]]],[[[142.196673,27.105704],[142.196676,27.105644],[142.196633,27.105651],[142.196673,27.105704]]],[[[142.203402,27.119329],[142.203313,27.119291],[142.203352,27.119359],[142.203402,27.119329]]],[[[142.198872,27.122306],[142.199125,27.122418],[142.199084,27.122206],[142.198872,27.122306]]],[[[142.199449,27.136237],[142.200289,27.135282],[142.199729,27.135201],[142.199449,27.136237]]],[[[142.194534,27.14413],[142.194435,27.143821],[142.194337,27.144023],[142.194534,27.14413]]],[[[142.195357,27.14446],[142.195607,27.143519],[142.194885,27.143721],[142.195357,27.14446]]],[[[142.198936,27.157586],[142.199076,27.157518],[142.19897,27.157436],[142.198936,27.157586]]],[[[142.19879,27.159421],[142.198695,27.159355],[142.198698,27.159444],[142.19879,27.159421]]],[[[142.198631,27.159536],[142.198549,27.159523],[142.198617,27.159588],[142.198631,27.159536]]],[[[142.199126,27.159623],[142.19904,27.159609],[142.199102,27.159662],[142.199126,27.159623]]],[[[142.198289,27.159621],[142.198217,27.159647],[142.198262,27.159658],[142.198289,27.159621]]],[[[142.198106,27.159666],[142.198026,27.159633],[142.198061,27.159688],[142.198106,27.159666]]],[[[142.200704,27.160992],[142.200453,27.161112],[142.200665,27.161141],[142.200704,27.160992]]],[[[142.199395,27.161399],[142.199295,27.161266],[142.199347,27.161412],[142.199395,27.161399]]],[[[142.200116,27.161283],[142.199986,27.161755],[142.200301,27.161619],[142.200116,27.161283]]],[[[142.200612,27.161852],[142.200488,27.161746],[142.200535,27.161883],[142.200612,27.161852]]],[[[142.200849,27.162209],[142.200716,27.162206],[142.200823,27.162265],[142.200849,27.162209]]],[[[142.201509,27.161917],[142.201466,27.162463],[142.201694,27.162621],[142.201509,27.161917]]],[[[142.201325,27.162521],[142.200938,27.162469],[142.2012,27.162809],[142.201325,27.162521]]],[[[142.200823,27.162635],[142.200703,27.162611],[142.200751,27.162687],[142.200823,27.162635]]],[[[142.201615,27.163097],[142.201852,27.162621],[142.201421,27.162804],[142.201615,27.163097]]],[[[142.200861,27.163033],[142.200913,27.162959],[142.200841,27.16294],[142.200861,27.163033]]],[[[142.200787,27.163454],[142.200944,27.163332],[142.200867,27.163252],[142.200787,27.163454]]],[[[142.202405,27.163353],[142.202348,27.163782],[142.202459,27.163751],[142.202405,27.163353]]],[[[142.201093,27.163638],[142.20102,27.163609],[142.201025,27.163671],[142.201093,27.163638]]],[[[142.202696,27.164227],[142.202747,27.164144],[142.202677,27.164157],[142.202696,27.164227]]],[[[142.200344,27.164583],[142.200293,27.164517],[142.200299,27.16459],[142.200344,27.164583]]],[[[142.200415,27.164736],[142.200317,27.164672],[142.200374,27.164761],[142.200415,27.164736]]],[[[142.202506,27.167048],[142.202767,27.167128],[142.202646,27.166945],[142.202506,27.167048]]],[[[142.198173,27.16933],[142.198091,27.169187],[142.198136,27.169347],[142.198173,27.16933]]],[[[142.200179,27.169576],[142.200197,27.169488],[142.20011,27.169533],[142.200179,27.169576]]],[[[142.198236,27.169663],[142.198236,27.169552],[142.198179,27.169555],[142.198236,27.169663]]],[[[142.198001,27.170308],[142.197967,27.17022],[142.197956,27.170329],[142.198001,27.170308]]],[[[142.195924,27.173733],[142.195885,27.173632],[142.195839,27.173707],[142.195924,27.173733]]],[[[142.196063,27.173793],[142.196197,27.173904],[142.196269,27.173807],[142.196063,27.173793]]],[[[142.19578,27.175576],[142.195692,27.175499],[142.195679,27.175566],[142.19578,27.175576]]],[[[142.195249,27.175633],[142.195403,27.175499],[142.195208,27.175553],[142.195249,27.175633]]],[[[142.196185,27.17738],[142.195942,27.17734],[142.195964,27.177481],[142.196185,27.17738]]],[[[142.195176,27.177421],[142.195148,27.177782],[142.195403,27.177474],[142.195176,27.177421]]],[[[142.195532,27.178735],[142.195667,27.17823],[142.195359,27.178667],[142.195532,27.178735]]],[[[142.196549,27.178838],[142.196036,27.178901],[142.1957,27.179186],[142.196075,27.179379],[142.196549,27.178838]]],[[[142.199764,27.180041],[142.199811,27.179917],[142.199691,27.179989],[142.199764,27.180041]]],[[[142.198767,27.183178],[142.198931,27.183095],[142.198753,27.183052],[142.198767,27.183178]]],[[[142.200158,27.183817],[142.200118,27.183753],[142.200076,27.183781],[142.200158,27.183817]]],[[[142.199355,27.183957],[142.199274,27.183901],[142.199252,27.183931],[142.199355,27.183957]]],[[[142.197656,27.19387],[142.19765,27.193794],[142.197609,27.1938],[142.197656,27.19387]]],[[[142.197338,27.194116],[142.197261,27.194043],[142.197301,27.194139],[142.197338,27.194116]]],[[[142.199055,27.194682],[142.198796,27.194333],[142.198245,27.194188],[142.198447,27.1946],[142.199055,27.194682]]],[[[142.198265,27.196728],[142.198534,27.195074],[142.197686,27.194156],[142.196558,27.194188],[142.194956,27.192894],[142.193468,27.193842],[142.194194,27.195978],[142.195309,27.196446],[142.197415,27.195489],[142.198265,27.196728]]],[[[142.19672,27.196467],[142.196621,27.196411],[142.196651,27.196477],[142.19672,27.196467]]],[[[142.195015,27.196427],[142.194961,27.196477],[142.195037,27.196507],[142.195015,27.196427]]],[[[142.196705,27.196686],[142.196656,27.196581],[142.196614,27.196632],[142.196705,27.196686]]],[[[142.195729,27.196799],[142.195221,27.196544],[142.195331,27.196874],[142.195729,27.196799]]],[[[142.19865,27.197122],[142.19856,27.197124],[142.198643,27.197164],[142.19865,27.197122]]],[[[142.195223,27.197268],[142.195143,27.197185],[142.195193,27.19728],[142.195223,27.197268]]],[[[142.198662,27.197287],[142.198589,27.197323],[142.198671,27.197333],[142.198662,27.197287]]],[[[142.198774,27.197413],[142.198903,27.197372],[142.19874,27.197353],[142.198774,27.197413]]],[[[142.195351,27.197411],[142.195329,27.197597],[142.195499,27.197407],[142.195351,27.197411]]],[[[142.19419,27.199369],[142.194788,27.198166],[142.194009,27.199302],[142.19419,27.199369]]],[[[142.207841,26.550393],[142.207093,26.551281],[142.207982,26.553498],[142.207805,26.551688],[142.208485,26.550966],[142.207841,26.550393]]],[[[142.206408,26.553707],[142.206186,26.553479],[142.206194,26.553696],[142.206408,26.553707]]],[[[142.208288,26.554072],[142.208329,26.553993],[142.208273,26.554006],[142.208288,26.554072]]],[[[142.207513,26.55407],[142.207468,26.554142],[142.207544,26.554132],[142.207513,26.55407]]],[[[142.207726,26.554242],[142.207615,26.554192],[142.207617,26.554258],[142.207726,26.554242]]],[[[142.207411,26.554262],[142.207361,26.554319],[142.207437,26.554347],[142.207411,26.554262]]],[[[142.206907,26.554382],[142.206794,26.554392],[142.206808,26.554429],[142.206907,26.554382]]],[[[142.205519,26.554456],[142.205454,26.554401],[142.205474,26.554476],[142.205519,26.554456]]],[[[142.205048,26.554482],[142.205008,26.554412],[142.204985,26.55449],[142.205048,26.554482]]],[[[142.205056,26.554623],[142.205059,26.554538],[142.205008,26.554615],[142.205056,26.554623]]],[[[142.212327,26.555335],[142.212457,26.555582],[142.212513,26.555341],[142.212327,26.555335]]],[[[142.213814,26.555511],[142.213724,26.555538],[142.213811,26.555549],[142.213814,26.555511]]],[[[142.213807,26.555656],[142.21375,26.555611],[142.213721,26.555651],[142.213807,26.555656]]],[[[142.212865,26.555662],[142.212731,26.555674],[142.212776,26.555714],[142.212865,26.555662]]],[[[142.214159,26.556001],[142.214194,26.555938],[142.214132,26.55596],[142.214159,26.556001]]],[[[142.215914,26.557231],[142.215913,26.557141],[142.215847,26.5572],[142.215914,26.557231]]],[[[142.213243,26.564399],[142.216143,26.563872],[142.217066,26.562861],[142.218414,26.563006],[142.218088,26.562093],[142.218389,26.56169],[142.216741,26.561269],[142.215287,26.556814],[142.21386,26.556557],[142.213467,26.555473],[142.212285,26.556239],[142.21088,26.556245],[142.210608,26.554852],[142.209375,26.555404],[142.208398,26.554591],[142.206581,26.554471],[142.206353,26.553826],[142.206294,26.554586],[142.205689,26.554134],[142.205579,26.554721],[142.2043,26.554753],[142.203901,26.553649],[142.203313,26.554421],[142.201914,26.553071],[142.201467,26.555865],[142.202505,26.556404],[142.201566,26.556655],[142.203984,26.558828],[142.204332,26.560036],[142.203144,26.562064],[142.205951,26.561705],[142.20842,26.563651],[142.213243,26.564399]]],[[[142.216363,26.559262],[142.216419,26.559199],[142.216387,26.559173],[142.216363,26.559262]]],[[[142.216521,26.559287],[142.216564,26.559218],[142.216535,26.559211],[142.216521,26.559287]]],[[[142.203945,26.560525],[142.203971,26.560422],[142.203926,26.560428],[142.203945,26.560525]]],[[[142.203494,26.560678],[142.203304,26.561178],[142.20368,26.560848],[142.203494,26.560678]]],[[[142.2042,26.562466],[142.203789,26.562997],[142.204234,26.562989],[142.2042,26.562466]]],[[[142.216646,26.563473],[142.216692,26.563398],[142.216663,26.56339],[142.216646,26.563473]]],[[[142.213188,26.564642],[142.213316,26.56448],[142.213129,26.564549],[142.213188,26.564642]]],[[[142.211809,26.564668],[142.212014,26.564569],[142.211914,26.564538],[142.211809,26.564668]]],[[[142.211657,26.564629],[142.211588,26.564582],[142.211594,26.564672],[142.211657,26.564629]]],[[[142.212315,26.56464],[142.21224,26.564594],[142.212217,26.564646],[142.212315,26.56464]]],[[[142.212639,26.564722],[142.212618,26.564648],[142.212574,26.564688],[142.212639,26.564722]]],[[[142.210232,26.56478],[142.210141,26.564722],[142.210181,26.564801],[142.210232,26.56478]]],[[[142.213449,26.564792],[142.213714,26.564825],[142.213511,26.564686],[142.213449,26.564792]]],[[[142.213857,26.564958],[142.213775,26.565001],[142.21389,26.564999],[142.213857,26.564958]]],[[[142.209674,26.565082],[142.209649,26.565014],[142.209606,26.565057],[142.209674,26.565082]]],[[[142.21329,26.565275],[142.212969,26.564864],[142.212791,26.565259],[142.21329,26.565275]]],[[[142.208683,26.565569],[142.208609,26.56551],[142.208594,26.565537],[142.208683,26.565569]]],[[[142.208577,26.565767],[142.208528,26.565732],[142.208549,26.565793],[142.208577,26.565767]]],[[[142.207398,26.565868],[142.207414,26.565774],[142.207358,26.565776],[142.207398,26.565868]]],[[[142.208406,26.565683],[142.208026,26.565889],[142.208399,26.566004],[142.208406,26.565683]]],[[[142.208884,26.566102],[142.208748,26.565682],[142.20862,26.56608],[142.208884,26.566102]]],[[[142.209301,26.566008],[142.209221,26.565938],[142.209215,26.566003],[142.209301,26.566008]]],[[[142.21266,26.565642],[142.212757,26.566579],[142.2135,26.566425],[142.213582,26.565682],[142.21266,26.565642]]],[[[142.208029,26.567155],[142.20812,26.567042],[142.207987,26.567109],[142.208029,26.567155]]],[[[142.208842,26.567406],[142.208549,26.566846],[142.208607,26.56747],[142.208842,26.567406]]],[[[142.208258,26.567806],[142.208567,26.568159],[142.208392,26.567642],[142.208258,26.567806]]],[[[142.207785,26.569863],[142.208058,26.569724],[142.207825,26.569548],[142.207785,26.569863]]],[[[142.211529,27.038587],[142.21159,27.038572],[142.211526,27.038551],[142.211529,27.038587]]],[[[142.210151,27.039087],[142.210137,27.039016],[142.210116,27.039096],[142.210151,27.039087]]],[[[142.213877,27.039131],[142.213916,27.039161],[142.213906,27.039123],[142.213877,27.039131]]],[[[142.213851,27.039206],[142.213862,27.03924],[142.213891,27.039208],[142.213851,27.039206]]],[[[142.214329,27.039265],[142.214366,27.039247],[142.214331,27.039238],[142.214329,27.039265]]],[[[142.213391,27.03937],[142.213431,27.039369],[142.213413,27.039334],[142.213391,27.03937]]],[[[142.214399,27.03936],[142.214441,27.039369],[142.21442,27.039343],[142.214399,27.03936]]],[[[142.213313,27.03941],[142.213344,27.039378],[142.213301,27.039389],[142.213313,27.03941]]],[[[142.213274,27.039445],[142.213237,27.039479],[142.213285,27.039476],[142.213274,27.039445]]],[[[142.213581,27.039471],[142.213639,27.039502],[142.213651,27.039482],[142.213581,27.039471]]],[[[142.210178,27.039479],[142.21008,27.039639],[142.210195,27.039607],[142.210178,27.039479]]],[[[142.212622,27.039766],[142.212662,27.039771],[142.212647,27.039746],[142.212622,27.039766]]],[[[142.212691,27.039789],[142.212728,27.039799],[142.212708,27.039778],[142.212691,27.039789]]],[[[142.212607,27.039844],[142.21265,27.039846],[142.212634,27.03982],[142.212607,27.039844]]],[[[142.212746,27.039918],[142.212785,27.039885],[142.212757,27.039881],[142.212746,27.039918]]],[[[142.212579,27.039931],[142.212611,27.039904],[142.212584,27.039902],[142.212579,27.039931]]],[[[142.212569,27.03999],[142.212592,27.039961],[142.212556,27.039962],[142.212569,27.03999]]],[[[142.210076,27.039981],[142.210031,27.040024],[142.210044,27.040052],[142.210076,27.039981]]],[[[142.208775,27.040043],[142.208829,27.040116],[142.20884,27.040044],[142.208775,27.040043]]],[[[142.210284,27.040097],[142.210207,27.040086],[142.210238,27.040136],[142.210284,27.040097]]],[[[142.208003,27.040055],[142.208119,27.040171],[142.208064,27.040042],[142.208003,27.040055]]],[[[142.210324,27.040162],[142.210351,27.040206],[142.21036,27.040167],[142.210324,27.040162]]],[[[142.212344,27.040399],[142.212363,27.040365],[142.212319,27.040369],[142.212344,27.040399]]],[[[142.207788,27.040559],[142.207735,27.040584],[142.207764,27.040602],[142.207788,27.040559]]],[[[142.212343,27.040571],[142.212381,27.040556],[142.212357,27.040545],[142.212343,27.040571]]],[[[142.216219,27.040726],[142.216222,27.040641],[142.216183,27.040656],[142.216219,27.040726]]],[[[142.216424,27.040704],[142.216355,27.040664],[142.216376,27.040727],[142.216424,27.040704]]],[[[142.216086,27.04076],[142.216072,27.04064],[142.216017,27.040686],[142.216086,27.04076]]],[[[142.216304,27.040785],[142.216333,27.040812],[142.216338,27.040782],[142.216304,27.040785]]],[[[142.216182,27.040788],[142.216167,27.040827],[142.216204,27.040806],[142.216182,27.040788]]],[[[142.216654,27.040803],[142.216601,27.040862],[142.216718,27.040886],[142.216654,27.040803]]],[[[142.216889,27.040938],[142.216844,27.040933],[142.216859,27.040979],[142.216889,27.040938]]],[[[142.21652,27.040966],[142.216561,27.04095],[142.21652,27.040946],[142.21652,27.040966]]],[[[142.207545,27.040987],[142.207503,27.041026],[142.207519,27.041034],[142.207545,27.040987]]],[[[142.216476,27.041042],[142.216374,27.041046],[142.216491,27.041082],[142.216476,27.041042]]],[[[142.207758,27.041043],[142.207767,27.041156],[142.207871,27.041071],[142.207758,27.041043]]],[[[142.216737,27.041189],[142.2168,27.041181],[142.216801,27.041156],[142.216737,27.041189]]],[[[142.216558,27.041161],[142.216615,27.041173],[142.216593,27.041151],[142.216558,27.041161]]],[[[142.216794,27.041204],[142.216826,27.041246],[142.216824,27.041207],[142.216794,27.041204]]],[[[142.21652,27.041255],[142.216566,27.041262],[142.216552,27.041243],[142.21652,27.041255]]],[[[142.216641,27.041293],[142.216618,27.041336],[142.216653,27.041315],[142.216641,27.041293]]],[[[142.216794,27.041335],[142.216839,27.04133],[142.216813,27.041306],[142.216794,27.041335]]],[[[142.21668,27.041312],[142.216724,27.041365],[142.216772,27.041311],[142.21668,27.041312]]],[[[142.216797,27.041417],[142.216759,27.041447],[142.216837,27.041465],[142.216797,27.041417]]],[[[142.207726,27.041396],[142.207771,27.041497],[142.207807,27.041425],[142.207726,27.041396]]],[[[142.207392,27.041563],[142.20742,27.041602],[142.207431,27.041547],[142.207392,27.041563]]],[[[142.207426,27.041696],[142.207482,27.041711],[142.207486,27.041699],[142.207426,27.041696]]],[[[142.207418,27.041841],[142.207474,27.041877],[142.207463,27.041828],[142.207418,27.041841]]],[[[142.207365,27.042068],[142.20744,27.042082],[142.207368,27.042037],[142.207365,27.042068]]],[[[142.207197,27.042285],[142.207216,27.042239],[142.207198,27.042233],[142.207197,27.042285]]],[[[142.207049,27.042504],[142.207086,27.042458],[142.207027,27.042477],[142.207049,27.042504]]],[[[142.206897,27.042696],[142.206947,27.042695],[142.206913,27.042661],[142.206897,27.042696]]],[[[142.206693,27.042715],[142.206769,27.042791],[142.206815,27.042738],[142.206693,27.042715]]],[[[142.203458,27.04372],[142.203526,27.043754],[142.203486,27.043708],[142.203458,27.04372]]],[[[142.205743,27.043866],[142.2057,27.043892],[142.205738,27.043907],[142.205743,27.043866]]],[[[142.205881,27.043934],[142.205809,27.043902],[142.205858,27.043949],[142.205881,27.043934]]],[[[142.205099,27.043926],[142.205156,27.04394],[142.205156,27.043913],[142.205099,27.043926]]],[[[142.205258,27.04415],[142.205124,27.043986],[142.205072,27.044034],[142.205258,27.04415]]],[[[142.203735,27.044391],[142.203809,27.044455],[142.203828,27.04441],[142.203735,27.044391]]],[[[142.193451,27.105564],[142.193075,27.104394],[142.194136,27.103547],[142.195694,27.103912],[142.195376,27.104867],[142.196514,27.105583],[142.197625,27.104491],[142.198271,27.105374],[142.19895,27.104726],[142.201521,27.104544],[142.20251,27.105504],[142.204687,27.105456],[142.205377,27.105279],[142.20458,27.104429],[142.205554,27.10338],[142.210541,27.102569],[142.211431,27.103385],[142.211246,27.103837],[142.212899,27.103245],[142.213469,27.102746],[142.212867,27.102915],[142.212784,27.101879],[142.215085,27.100286],[142.215851,27.100079],[142.216837,27.100117],[142.217824,27.100657],[142.217749,27.101339],[142.218754,27.101149],[142.219109,27.10047],[142.21835,27.100647],[142.21753,27.099921],[142.217549,27.098479],[142.218632,27.098061],[142.218148,27.097491],[142.218417,27.096929],[142.219197,27.096873],[142.21892,27.096545],[142.219396,27.095896],[142.221147,27.096086],[142.22095,27.094616],[142.221988,27.094208],[142.221752,27.094139],[142.222116,27.093113],[142.222916,27.093033],[142.222767,27.092205],[142.223021,27.091612],[142.22396,27.091605],[142.223897,27.09147],[142.223944,27.091336],[142.2236,27.091109],[142.223529,27.090796],[142.224287,27.090645],[142.224032,27.090263],[142.224945,27.089263],[142.224769,27.089033],[142.224921,27.087842],[142.224559,27.087925],[142.223777,27.087037],[142.223023,27.085429],[142.225051,27.083234],[142.224661,27.082904],[142.224576,27.082483],[142.224349,27.082439],[142.224618,27.08161],[142.226121,27.080657],[142.226521,27.081194],[142.227834,27.080928],[142.22812,27.081152],[142.228187,27.081587],[142.229025,27.081112],[142.229355,27.081135],[142.229671,27.081431],[142.230721,27.078878],[142.232138,27.078218],[142.232221,27.078531],[142.232439,27.077885],[142.232602,27.078161],[142.232684,27.076142],[142.233378,27.075058],[142.232963,27.075183],[142.232451,27.074261],[142.232817,27.072699],[142.232631,27.072707],[142.23227,27.072439],[142.232296,27.071975],[142.231392,27.071611],[142.230753,27.068825],[142.231754,27.063927],[142.232803,27.062603],[142.232133,27.062938],[142.231526,27.062699],[142.229998,27.060341],[142.230055,27.059572],[142.232256,27.057994],[142.231682,27.057735],[142.231852,27.056715],[142.233107,27.056855],[142.233469,27.05637],[142.23415,27.056156],[142.234719,27.056203],[142.235166,27.055778],[142.235172,27.05551],[142.235409,27.05526],[142.237349,27.053848],[142.236774,27.0536],[142.237859,27.052259],[142.237167,27.052571],[142.237469,27.051316],[142.236988,27.051444],[142.235273,27.050576],[142.236909,27.0497],[142.234681,27.049805],[142.234327,27.049475],[142.233912,27.050521],[142.234773,27.050574],[142.234532,27.051117],[142.233988,27.051463],[142.233463,27.051465],[142.231419,27.053303],[142.230398,27.053803],[142.230409,27.054106],[142.22947,27.05502],[142.22974,27.056075],[142.228668,27.056847],[142.226288,27.055176],[142.226498,27.054786],[142.225569,27.054411],[142.225213,27.053766],[142.225192,27.053529],[142.224112,27.053279],[142.222879,27.054158],[142.22185,27.053149],[142.223076,27.051838],[142.22448,27.051915],[142.224824,27.05091],[142.226303,27.049822],[142.225163,27.048038],[142.225846,27.045322],[142.223355,27.045983],[142.22274,27.04423],[142.223834,27.043455],[142.224646,27.043726],[142.224992,27.044063],[142.225198,27.043919],[142.225158,27.043026],[142.224007,27.04261],[142.225201,27.041651],[142.226971,27.041067],[142.225986,27.040754],[142.225,27.039254],[142.225158,27.03906],[142.225799,27.039046],[142.225859,27.038823],[142.226836,27.03941],[142.228321,27.039055],[142.228331,27.038068],[142.229982,27.037375],[142.229381,27.036919],[142.229404,27.03595],[142.225474,27.036309],[142.223229,27.03613],[142.223071,27.03592],[142.222739,27.036729],[142.222251,27.036859],[142.222031,27.036811],[142.221829,27.035954],[142.220487,27.036446],[142.219465,27.036304],[142.220655,27.036935],[142.219206,27.037256],[142.218778,27.038199],[142.219363,27.039223],[142.220458,27.039229],[142.220624,27.040209],[142.219693,27.041302],[142.219031,27.041484],[142.218539,27.041493],[142.21844,27.041436],[142.218329,27.041575],[142.21805,27.041547],[142.217992,27.041504],[142.217891,27.041578],[142.217731,27.041529],[142.217703,27.041604],[142.21739,27.041609],[142.216561,27.041404],[142.214127,27.039164],[142.212368,27.040671],[142.21162,27.040352],[142.211305,27.038153],[142.21043,27.03899],[142.210729,27.040697],[142.208077,27.040397],[142.207982,27.041301],[142.207385,27.042782],[142.207019,27.042543],[142.206285,27.04412],[142.202632,27.044668],[142.201623,27.044377],[142.201583,27.044541],[142.200478,27.04527],[142.199253,27.045634],[142.198345,27.045531],[142.196309,27.044574],[142.195719,27.04407],[142.194542,27.0419],[142.194583,27.041627],[142.19384,27.041456],[142.19371,27.041327],[142.193645,27.042127],[142.192131,27.042523],[142.19115,27.042344],[142.189782,27.043907],[142.187701,27.044785],[142.186992,27.044766],[142.186209,27.043978],[142.185929,27.041818],[142.186576,27.040549],[142.186225,27.039939],[142.185744,27.040399],[142.184008,27.045518],[142.185316,27.045998],[142.185835,27.048094],[142.187748,27.047869],[142.188944,27.0486],[142.189789,27.050575],[142.189249,27.052897],[142.18871,27.05311],[142.18945,27.053372],[142.189549,27.053586],[142.189501,27.055541],[142.187649,27.056082],[142.187207,27.054757],[142.186217,27.054823],[142.186804,27.055559],[142.186699,27.056831],[142.187472,27.056653],[142.187982,27.057423],[142.187948,27.058963],[142.187517,27.060516],[142.187241,27.06057],[142.187246,27.061195],[142.189679,27.061544],[142.192306,27.059682],[142.192253,27.059113],[142.194208,27.05931],[142.195295,27.061395],[142.194154,27.06181],[142.194855,27.062882],[142.193084,27.064514],[142.192357,27.064766],[142.191641,27.063893],[142.190956,27.064039],[142.191307,27.064643],[142.191377,27.065163],[142.193143,27.066265],[142.192928,27.067739],[142.191126,27.068245],[142.190051,27.067737],[142.19,27.069771],[142.189318,27.07009],[142.187942,27.069792],[142.188039,27.071224],[142.187188,27.071639],[142.184926,27.070912],[142.184405,27.070599],[142.184372,27.070325],[142.184223,27.070551],[142.183737,27.070743],[142.182538,27.070902],[142.182498,27.071845],[142.181706,27.072742],[142.182482,27.073842],[142.181789,27.074378],[142.182453,27.074553],[142.182848,27.075112],[142.183901,27.07526],[142.185454,27.073497],[142.185803,27.074499],[142.187201,27.072621],[142.187891,27.073397],[142.188132,27.072902],[142.190859,27.073681],[142.191476,27.074699],[142.191764,27.07473],[142.192126,27.075355],[142.193844,27.075875],[142.193798,27.075574],[142.193907,27.075392],[142.196083,27.074684],[142.198552,27.075277],[142.199823,27.074462],[142.201021,27.074752],[142.200873,27.073709],[142.202021,27.072929],[142.203125,27.072942],[142.205796,27.074847],[142.205834,27.076005],[142.204908,27.077417],[142.20633,27.077359],[142.207202,27.078499],[142.207205,27.082481],[142.208358,27.083281],[142.206952,27.085961],[142.205911,27.086209],[142.205384,27.085653],[142.204588,27.085415],[142.204005,27.084877],[142.203998,27.086742],[142.203533,27.086402],[142.203529,27.086861],[142.201918,27.087397],[142.203739,27.089818],[142.203634,27.090469],[142.203232,27.091199],[142.203668,27.091429],[142.203746,27.093649],[142.203124,27.095125],[142.202491,27.095623],[142.19952,27.095613],[142.199215,27.096025],[142.199758,27.095868],[142.201333,27.095805],[142.202307,27.097492],[142.201631,27.097806],[142.202859,27.097823],[142.20296,27.098834],[142.200597,27.09944],[142.199951,27.09831],[142.199757,27.098897],[142.198231,27.098443],[142.198907,27.097731],[142.198634,27.09638],[142.196176,27.094375],[142.194602,27.094051],[142.19574,27.093568],[142.194564,27.093214],[142.193781,27.093893],[142.19186,27.0927],[142.191086,27.090814],[142.192303,27.090409],[142.193448,27.089297],[142.192552,27.089884],[142.186561,27.087958],[142.186535,27.090061],[142.185978,27.091311],[142.184085,27.092711],[142.182578,27.093131],[142.182395,27.093711],[142.182108,27.094245],[142.18188,27.094454],[142.182731,27.096251],[142.182872,27.097305],[142.182255,27.098106],[142.182313,27.09825],[142.182282,27.09874],[142.181758,27.100078],[142.181614,27.100198],[142.181715,27.100241],[142.181797,27.100542],[142.181708,27.100648],[142.181838,27.100701],[142.181914,27.100805],[142.181987,27.101265],[142.182268,27.101605],[142.182247,27.101812],[142.182546,27.101924],[142.18298,27.103132],[142.187341,27.105353],[142.187116,27.10552],[142.188499,27.104642],[142.190106,27.104428],[142.190953,27.104487],[142.192259,27.105034],[142.192647,27.105866],[142.193451,27.105564]]],[[[142.205512,27.07611],[142.205387,27.076111],[142.205503,27.076184],[142.205512,27.07611]]],[[[142.205338,27.076416],[142.205228,27.076348],[142.205204,27.076394],[142.205338,27.076416]]],[[[142.205252,27.076419],[142.205178,27.076438],[142.205271,27.076457],[142.205252,27.076419]]],[[[142.205158,27.076538],[142.205139,27.076519],[142.205122,27.076545],[142.205158,27.076538]]],[[[142.20488,27.076726],[142.204811,27.076726],[142.20483,27.076744],[142.20488,27.076726]]],[[[142.205543,27.077597],[142.205506,27.077604],[142.20554,27.077613],[142.205543,27.077597]]],[[[142.205196,27.077659],[142.205149,27.077687],[142.205184,27.077696],[142.205196,27.077659]]],[[[142.206382,27.077729],[142.206386,27.077762],[142.206403,27.07776],[142.206382,27.077729]]],[[[142.206104,27.077801],[142.206052,27.07775],[142.206044,27.077796],[142.206104,27.077801]]],[[[142.206258,27.077795],[142.206214,27.077767],[142.206205,27.07778],[142.206258,27.077795]]],[[[142.205605,27.07782],[142.205537,27.077791],[142.205579,27.077841],[142.205605,27.07782]]],[[[142.20608,27.07782],[142.206067,27.077857],[142.206088,27.077858],[142.20608,27.07782]]],[[[142.205736,27.077928],[142.205683,27.077911],[142.205729,27.077962],[142.205736,27.077928]]],[[[142.205945,27.077979],[142.205893,27.077896],[142.205913,27.077993],[142.205945,27.077979]]],[[[142.205639,27.077942],[142.205584,27.077959],[142.205649,27.07798],[142.205639,27.077942]]],[[[142.205521,27.077984],[142.205569,27.077959],[142.205529,27.077958],[142.205521,27.077984]]],[[[142.205489,27.078366],[142.205529,27.07835],[142.205493,27.078339],[142.205489,27.078366]]],[[[142.205316,27.078283],[142.205403,27.078434],[142.20545,27.078448],[142.205316,27.078283]]],[[[142.207076,27.078615],[142.207132,27.078629],[142.207085,27.078598],[142.207076,27.078615]]],[[[142.206936,27.079007],[142.206971,27.078991],[142.206936,27.078988],[142.206936,27.079007]]],[[[142.206963,27.079128],[142.207017,27.079135],[142.206991,27.079104],[142.206963,27.079128]]],[[[142.203845,27.079301],[142.203747,27.079194],[142.203711,27.079237],[142.203845,27.079301]]],[[[142.206713,27.08024],[142.206762,27.080227],[142.206721,27.080195],[142.206713,27.08024]]],[[[142.206864,27.080851],[142.206904,27.08082],[142.206868,27.080815],[142.206864,27.080851]]],[[[142.206952,27.081613],[142.207005,27.081596],[142.206967,27.081577],[142.206952,27.081613]]],[[[142.207556,27.082932],[142.207615,27.082914],[142.207585,27.082895],[142.207556,27.082932]]],[[[142.207266,27.082939],[142.207199,27.082966],[142.207198,27.08298],[142.207266,27.082939]]],[[[142.207315,27.082952],[142.207343,27.082983],[142.20736,27.082956],[142.207315,27.082952]]],[[[142.203909,27.084767],[142.204,27.08477],[142.203996,27.084735],[142.203909,27.084767]]],[[[142.204888,27.08515],[142.205038,27.085123],[142.205054,27.085105],[142.204888,27.08515]]],[[[142.205001,27.085325],[142.205047,27.085297],[142.205007,27.085294],[142.205001,27.085325]]],[[[142.204877,27.085347],[142.204909,27.085337],[142.204885,27.085327],[142.204877,27.085347]]],[[[142.204606,27.085368],[142.204627,27.085344],[142.204607,27.085341],[142.204606,27.085368]]],[[[142.20527,27.085406],[142.205306,27.08542],[142.205303,27.08538],[142.20527,27.085406]]],[[[142.205384,27.085443],[142.20544,27.085484],[142.205432,27.085435],[142.205384,27.085443]]],[[[142.205538,27.0855],[142.205572,27.085601],[142.2056,27.085582],[142.205538,27.0855]]],[[[142.203857,27.085612],[142.203838,27.08557],[142.203815,27.085598],[142.203857,27.085612]]],[[[142.203605,27.085837],[142.203639,27.08586],[142.203628,27.085834],[142.203605,27.085837]]],[[[142.203734,27.085859],[142.203694,27.085882],[142.203723,27.085893],[142.203734,27.085859]]],[[[142.203987,27.086677],[142.203958,27.086668],[142.20397,27.08669],[142.203987,27.086677]]],[[[142.203508,27.089718],[142.203447,27.089826],[142.203496,27.089835],[142.203508,27.089718]]],[[[142.203494,27.090129],[142.203569,27.090168],[142.203533,27.090113],[142.203494,27.090129]]],[[[142.203378,27.090494],[142.20342,27.090457],[142.20339,27.090455],[142.203378,27.090494]]],[[[142.203571,27.090509],[142.203529,27.090484],[142.203509,27.090499],[142.203571,27.090509]]],[[[142.203327,27.091996],[142.203435,27.091956],[142.203352,27.091935],[142.203327,27.091996]]],[[[142.203492,27.094105],[142.203528,27.094066],[142.203476,27.094077],[142.203492,27.094105]]],[[[142.215513,27.100235],[142.215543,27.100211],[142.21551,27.100227],[142.215513,27.100235]]],[[[142.215304,27.100422],[142.215251,27.100374],[142.215243,27.100416],[142.215304,27.100422]]],[[[142.216703,27.100555],[142.216722,27.100643],[142.216789,27.10056],[142.216703,27.100555]]],[[[142.21648,27.100597],[142.21655,27.100624],[142.216549,27.10058],[142.21648,27.100597]]],[[[142.214824,27.100861],[142.214841,27.100716],[142.214583,27.100847],[142.214824,27.100861]]],[[[142.214289,27.101203],[142.214548,27.10095],[142.21417,27.101122],[142.214289,27.101203]]],[[[142.214452,27.101102],[142.214514,27.101077],[142.214506,27.10105],[142.214452,27.101102]]],[[[142.214047,27.101284],[142.214029,27.101299],[142.214046,27.101313],[142.214047,27.101284]]],[[[142.21385,27.101453],[142.213881,27.101469],[142.213886,27.101456],[142.21385,27.101453]]],[[[142.207617,27.103223],[142.207615,27.103355],[142.207786,27.103309],[142.207617,27.103223]]],[[[142.211082,27.103527],[142.210917,27.103433],[142.210891,27.103498],[142.211082,27.103527]]],[[[142.206558,27.103567],[142.206721,27.103602],[142.20675,27.103589],[142.206674,27.103524],[142.206558,27.103567]]],[[[142.206868,27.103807],[142.206576,27.103823],[142.206552,27.103935],[142.206868,27.103807]]],[[[142.206877,27.103906],[142.206801,27.103866],[142.206834,27.103924],[142.206877,27.103906]]],[[[142.215089,27.108154],[142.215257,27.108193],[142.215271,27.108047],[142.215089,27.108154]]],[[[142.214038,27.108444],[142.213657,27.108101],[142.213423,27.108178],[142.213596,27.108483],[142.214038,27.108444]]],[[[142.214026,27.108866],[142.213626,27.108962],[142.2139,27.109044],[142.214026,27.108866]]],[[[142.203784,27.115369],[142.203737,27.115249],[142.203713,27.115363],[142.203784,27.115369]]],[[[142.204019,27.115492],[142.203929,27.115414],[142.203936,27.115479],[142.204019,27.115492]]],[[[142.205123,27.11832],[142.205066,27.118264],[142.205062,27.11833],[142.205123,27.11832]]],[[[142.204733,27.118469],[142.204662,27.118423],[142.204707,27.118483],[142.204733,27.118469]]],[[[142.204909,27.118457],[142.204838,27.118479],[142.204865,27.118502],[142.204909,27.118457]]],[[[142.204508,27.118701],[142.204446,27.118691],[142.204486,27.118737],[142.204508,27.118701]]],[[[142.203795,27.119033],[142.203745,27.119062],[142.203792,27.119081],[142.203795,27.119033]]],[[[142.19225,27.143913],[142.192209,27.142952],[142.193206,27.143722],[142.194105,27.143547],[142.1936,27.141932],[142.194267,27.140226],[142.196083,27.140316],[142.194576,27.137842],[142.197015,27.136211],[142.197498,27.135005],[142.199588,27.134762],[142.200126,27.132577],[142.20274,27.133173],[142.203611,27.134552],[142.205078,27.133809],[142.204992,27.134879],[142.206884,27.134059],[142.206915,27.132856],[142.205814,27.133021],[142.206129,27.132083],[142.204818,27.130938],[142.20509,27.127815],[142.205848,27.129049],[142.20962,27.129509],[142.209934,27.130404],[142.210555,27.130117],[142.216124,27.132301],[142.216649,27.133604],[142.219639,27.132663],[142.219223,27.130441],[142.217796,27.129123],[142.220113,27.128326],[142.220461,27.126907],[142.221451,27.127619],[142.221635,27.126457],[142.223294,27.125479],[142.22305,27.124648],[142.223829,27.123107],[142.225292,27.123352],[142.225757,27.124201],[142.226834,27.123726],[142.226561,27.122438],[142.22727,27.121641],[142.226172,27.121318],[142.225818,27.120396],[142.226314,27.119674],[142.227606,27.119541],[142.226546,27.119385],[142.227296,27.118202],[142.225845,27.116781],[142.226026,27.116216],[142.227109,27.116192],[142.227092,27.115667],[142.227349,27.115184],[142.229057,27.114857],[142.229021,27.11436],[142.230136,27.114744],[142.231262,27.113937],[142.232209,27.114491],[142.232561,27.113781],[142.234001,27.114402],[142.235657,27.11397],[142.235634,27.112021],[142.236084,27.111594],[142.235051,27.110787],[142.234941,27.110407],[142.2357,27.110162],[142.235567,27.109594],[142.234345,27.110119],[142.233985,27.109782],[142.233854,27.109078],[142.231771,27.109134],[142.231424,27.109796],[142.230765,27.110311],[142.229808,27.109788],[142.227591,27.110544],[142.227057,27.110161],[142.227152,27.110613],[142.226038,27.111138],[142.225298,27.110359],[142.223937,27.110793],[142.222991,27.110579],[142.222792,27.11012],[142.220368,27.110816],[142.219735,27.110266],[142.219978,27.108812],[142.217971,27.109191],[142.216809,27.108417],[142.212294,27.109644],[142.209027,27.108745],[142.207745,27.109517],[142.205209,27.109505],[142.204459,27.110381],[142.20077,27.109798],[142.200585,27.111271],[142.202736,27.112091],[142.201983,27.112869],[142.202698,27.113388],[142.20137,27.114202],[142.202188,27.114797],[142.203085,27.11424],[142.203982,27.115347],[142.205501,27.11583],[142.206374,27.117067],[142.20604,27.118449],[142.205016,27.118398],[142.204729,27.118811],[142.203205,27.119553],[142.202357,27.119507],[142.202111,27.121332],[142.197573,27.123456],[142.193141,27.123251],[142.190717,27.121346],[142.191139,27.121125],[142.190023,27.121047],[142.190353,27.120645],[142.187124,27.121534],[142.187131,27.121994],[142.187809,27.121662],[142.188063,27.122651],[142.190199,27.123247],[142.19081,27.124926],[142.189756,27.126166],[142.188289,27.126809],[142.188759,27.127403],[142.188218,27.12942],[142.18676,27.130436],[142.187408,27.130909],[142.188371,27.130345],[142.193148,27.133614],[142.191235,27.134861],[142.191336,27.135916],[142.188985,27.136969],[142.191314,27.141074],[142.190437,27.143717],[142.19225,27.143913]]],[[[142.205454,27.135144],[142.205669,27.135588],[142.205658,27.135117],[142.205454,27.135144]]],[[[142.207579,27.484143],[142.207675,27.484196],[142.207639,27.484123],[142.207579,27.484143]]],[[[142.207854,27.484578],[142.206526,27.484587],[142.207576,27.485769],[142.207917,27.485529],[142.207854,27.484578]]],[[[142.206926,27.485786],[142.207027,27.485797],[142.206952,27.485769],[142.206926,27.485786]]],[[[142.207653,27.485898],[142.207732,27.485854],[142.207682,27.48582],[142.207653,27.485898]]],[[[142.207939,27.486009],[142.207941,27.486117],[142.208012,27.486023],[142.207939,27.486009]]],[[[142.207916,27.486529],[142.207854,27.486469],[142.20786,27.486536],[142.207916,27.486529]]],[[[142.209431,27.487302],[142.209447,27.4872],[142.209393,27.487219],[142.209431,27.487302]]],[[[142.209095,27.487424],[142.20916,27.487369],[142.209103,27.487321],[142.209095,27.487424]]],[[[142.206611,27.489485],[142.208832,27.487914],[142.208182,27.486677],[142.206236,27.486754],[142.207687,27.487361],[142.207075,27.487865],[142.204787,27.487922],[142.205053,27.488805],[142.206611,27.489485]]],[[[142.210756,27.488892],[142.210809,27.489006],[142.210819,27.488915],[142.210756,27.488892]]],[[[142.213469,27.489],[142.213488,27.489183],[142.213516,27.489003],[142.213469,27.489]]],[[[142.207996,27.489101],[142.208084,27.489087],[142.208062,27.489062],[142.207996,27.489101]]],[[[142.210097,27.489237],[142.210213,27.489245],[142.210169,27.489175],[142.210097,27.489237]]],[[[142.214986,27.489203],[142.214819,27.489279],[142.215017,27.489294],[142.214986,27.489203]]],[[[142.207809,27.489372],[142.207831,27.489621],[142.208128,27.489372],[142.207809,27.489372]]],[[[142.210113,27.489479],[142.210172,27.489542],[142.210207,27.489429],[142.210113,27.489479]]],[[[142.209857,27.489584],[142.209913,27.489687],[142.209933,27.489615],[142.209857,27.489584]]],[[[142.207658,27.489759],[142.207645,27.489855],[142.207724,27.489827],[142.207658,27.489759]]],[[[142.211989,27.489925],[142.212049,27.489812],[142.212027,27.489798],[142.211989,27.489925]]],[[[142.20798,27.489863],[142.207857,27.489979],[142.207942,27.489979],[142.20798,27.489863]]],[[[142.210998,27.492527],[142.211074,27.492468],[142.211014,27.492411],[142.210998,27.492527]]],[[[142.21538,27.492863],[142.215525,27.492107],[142.214588,27.492629],[142.21538,27.492863]]],[[[142.215361,27.493162],[142.21526,27.492931],[142.215283,27.493145],[142.215361,27.493162]]],[[[142.216342,27.493517],[142.216412,27.493441],[142.216352,27.493422],[142.216342,27.493517]]],[[[142.216242,27.493568],[142.216273,27.493657],[142.216317,27.493582],[142.216242,27.493568]]],[[[142.210055,27.493557],[142.210001,27.493675],[142.210087,27.493695],[142.210055,27.493557]]],[[[142.216598,27.49345],[142.216721,27.494048],[142.216901,27.493557],[142.216598,27.49345]]],[[[142.216205,27.493849],[142.216175,27.493763],[142.21615,27.493811],[142.216205,27.493849]]],[[[142.210617,27.493805],[142.21062,27.493942],[142.210689,27.493836],[142.210617,27.493805]]],[[[142.216306,27.49397],[142.216346,27.493865],[142.216314,27.493845],[142.216306,27.49397]]],[[[142.210967,27.50218],[142.212733,27.500885],[142.211831,27.499556],[142.212891,27.499587],[142.213118,27.498707],[142.212147,27.497648],[142.21207,27.496266],[142.213449,27.496198],[142.213489,27.495135],[142.214244,27.494965],[142.213068,27.494056],[142.214491,27.492338],[142.21627,27.491359],[142.214866,27.491241],[142.214809,27.48935],[142.211705,27.490078],[142.211115,27.492171],[142.211976,27.493627],[142.211329,27.494883],[142.210367,27.495439],[142.209005,27.495072],[142.208332,27.496296],[142.207497,27.495696],[142.206683,27.496463],[142.20539,27.496398],[142.204475,27.497262],[142.205844,27.498447],[142.203885,27.498506],[142.20526,27.500425],[142.206257,27.500442],[142.206629,27.499731],[142.207027,27.500464],[142.207945,27.500509],[142.208087,27.499677],[142.208528,27.499561],[142.209828,27.500103],[142.210967,27.50218]]],[[[142.203289,27.496768],[142.20368,27.496937],[142.203589,27.496709],[142.203289,27.496768]]],[[[142.204376,27.497974],[142.204417,27.49808],[142.204467,27.497956],[142.204376,27.497974]]],[[[142.204535,27.49812],[142.204645,27.49817],[142.204601,27.498069],[142.204535,27.49812]]],[[[142.20321,27.498698],[142.203711,27.499231],[142.203651,27.49863],[142.20321,27.498698]]],[[[142.203588,27.499637],[142.203422,27.499787],[142.20361,27.4997],[142.203588,27.499637]]],[[[142.204358,27.499666],[142.203956,27.499836],[142.204374,27.499762],[142.204358,27.499666]]],[[[142.208585,27.499751],[142.208424,27.499829],[142.208585,27.499835],[142.208585,27.499751]]],[[[142.209816,27.501266],[142.2095,27.501139],[142.209544,27.501353],[142.209816,27.501266]]],[[[142.212532,27.501444],[142.212847,27.50141],[142.212576,27.501271],[142.212532,27.501444]]],[[[142.212506,27.50174],[142.212629,27.50174],[142.212573,27.501652],[142.212506,27.50174]]],[[[142.213016,27.501706],[142.212994,27.501832],[142.213087,27.501711],[142.213016,27.501706]]],[[[142.212661,27.502522],[142.212841,27.502337],[142.212576,27.502352],[142.212661,27.502522]]],[[[142.218459,26.561204],[142.218498,26.561106],[142.218394,26.561142],[142.218459,26.561204]]],[[[142.218551,26.561294],[142.218501,26.561332],[142.218535,26.561338],[142.218551,26.561294]]],[[[142.218633,26.561946],[142.218571,26.561947],[142.218612,26.561967],[142.218633,26.561946]]],[[[142.218454,26.562082],[142.218404,26.562036],[142.218401,26.562087],[142.218454,26.562082]]],[[[142.218527,26.562186],[142.218454,26.562223],[142.218496,26.562234],[142.218527,26.562186]]],[[[142.218421,26.562527],[142.218319,26.562422],[142.218374,26.562587],[142.218421,26.562527]]],[[[142.21851,26.563661],[142.218449,26.563719],[142.218515,26.563721],[142.21851,26.563661]]],[[[142.218664,26.563852],[142.218642,26.563916],[142.21868,26.563917],[142.218664,26.563852]]],[[[142.219087,26.56401],[142.219241,26.56381],[142.218974,26.56385],[142.219087,26.56401]]],[[[142.218928,26.564003],[142.218953,26.564068],[142.218961,26.564022],[142.218928,26.564003]]],[[[142.224512,27.035205],[142.224552,27.035276],[142.224582,27.035248],[142.224512,27.035205]]],[[[142.224579,27.035384],[142.224648,27.035453],[142.224654,27.035378],[142.224579,27.035384]]],[[[142.225008,27.035478],[142.225075,27.035529],[142.225091,27.035499],[142.225008,27.035478]]],[[[142.224476,27.035525],[142.224531,27.035549],[142.224543,27.035525],[142.224476,27.035525]]],[[[142.224878,27.035683],[142.224959,27.035751],[142.224983,27.035706],[142.224878,27.035683]]],[[[142.223092,27.035851],[142.22316,27.035943],[142.223109,27.035839],[142.223092,27.035851]]],[[[142.220596,27.036304],[142.22067,27.036336],[142.22065,27.036288],[142.220596,27.036304]]],[[[142.222659,27.036488],[142.222724,27.036473],[142.222723,27.036452],[142.222659,27.036488]]],[[[142.222411,27.036534],[142.222433,27.036496],[142.222374,27.0365],[142.222411,27.036534]]],[[[142.2224,27.036575],[142.222441,27.036567],[142.222415,27.036554],[142.2224,27.036575]]],[[[142.222116,27.036664],[142.222152,27.036643],[142.222083,27.036617],[142.222116,27.036664]]],[[[142.218983,27.037357],[142.218984,27.037381],[142.219,27.037357],[142.218983,27.037357]]],[[[142.218837,27.037496],[142.218804,27.037435],[142.218788,27.03749],[142.218837,27.037496]]],[[[142.218751,27.037647],[142.218789,27.037601],[142.218758,27.037599],[142.218751,27.037647]]],[[[142.218802,27.037788],[142.218825,27.037769],[142.218795,27.037766],[142.218802,27.037788]]],[[[142.225044,27.039241],[142.225101,27.039226],[142.225083,27.039187],[142.225044,27.039241]]],[[[142.217374,27.039847],[142.217308,27.039875],[142.217377,27.039868],[142.217374,27.039847]]],[[[142.217349,27.039937],[142.217395,27.039927],[142.217362,27.039898],[142.217349,27.039937]]],[[[142.217407,27.04006],[142.217462,27.040069],[142.21741,27.040044],[142.217407,27.04006]]],[[[142.217404,27.040146],[142.217378,27.0402],[142.217391,27.040209],[142.217404,27.040146]]],[[[142.217558,27.040288],[142.217586,27.040267],[142.217546,27.040265],[142.217558,27.040288]]],[[[142.218253,27.040655],[142.21829,27.040626],[142.218254,27.040626],[142.218253,27.040655]]],[[[142.218134,27.040721],[142.21817,27.040756],[142.218181,27.040729],[142.218134,27.040721]]],[[[142.217883,27.040762],[142.217841,27.040726],[142.217825,27.040771],[142.217883,27.040762]]],[[[142.217467,27.040801],[142.217434,27.040769],[142.217423,27.040809],[142.217467,27.040801]]],[[[142.218357,27.040827],[142.218379,27.040809],[142.21833,27.0408],[142.218357,27.040827]]],[[[142.217872,27.040887],[142.217845,27.040846],[142.217831,27.0409],[142.217872,27.040887]]],[[[142.217022,27.040977],[142.216998,27.040905],[142.21697,27.040949],[142.217022,27.040977]]],[[[142.218769,27.040994],[142.21877,27.040898],[142.218721,27.040925],[142.218769,27.040994]]],[[[142.218701,27.041037],[142.218631,27.041046],[142.218674,27.041073],[142.218701,27.041037]]],[[[142.217839,27.04106],[142.217782,27.041062],[142.217806,27.041093],[142.217839,27.04106]]],[[[142.216963,27.041059],[142.216893,27.041064],[142.216921,27.041099],[142.216963,27.041059]]],[[[142.218277,27.041125],[142.218327,27.041142],[142.218332,27.041114],[142.218277,27.041125]]],[[[142.21707,27.041134],[142.217032,27.04118],[142.217074,27.041189],[142.21707,27.041134]]],[[[142.217715,27.041232],[142.217662,27.041207],[142.217674,27.041245],[142.217715,27.041232]]],[[[142.217465,27.041262],[142.217424,27.041212],[142.217423,27.04126],[142.217465,27.041262]]],[[[142.217195,27.041262],[142.217131,27.041235],[142.217138,27.041285],[142.217195,27.041262]]],[[[142.218701,27.041271],[142.218631,27.041243],[142.218661,27.04131],[142.218701,27.041271]]],[[[142.217925,27.041311],[142.217898,27.041246],[142.217877,27.041296],[142.217925,27.041311]]],[[[142.219314,27.041268],[142.219343,27.041305],[142.219364,27.041291],[142.219314,27.041268]]],[[[142.218547,27.04128],[142.21859,27.041295],[142.218579,27.041259],[142.218547,27.04128]]],[[[142.217082,27.041282],[142.21714,27.04131],[142.217086,27.041267],[142.217082,27.041282]]],[[[142.217525,27.041322],[142.217575,27.041325],[142.217542,27.041298],[142.217525,27.041322]]],[[[142.219117,27.041327],[142.219166,27.041315],[142.219128,27.041303],[142.219117,27.041327]]],[[[142.219442,27.04132],[142.219492,27.041344],[142.219494,27.041326],[142.219442,27.04132]]],[[[142.218874,27.041311],[142.218802,27.041339],[142.21883,27.04137],[142.218874,27.041311]]],[[[142.219288,27.041353],[142.219233,27.041351],[142.219283,27.041371],[142.219288,27.041353]]],[[[142.218636,27.041356],[142.218651,27.041413],[142.218713,27.041373],[142.218636,27.041356]]],[[[142.21855,27.041356],[142.218573,27.041429],[142.218596,27.041387],[142.21855,27.041356]]],[[[142.219095,27.041386],[142.219031,27.041409],[142.21907,27.041419],[142.219095,27.041386]]],[[[142.218896,27.041393],[142.218943,27.0414],[142.218928,27.041377],[142.218896,27.041393]]],[[[142.21807,27.041398],[142.218119,27.041411],[142.218102,27.041385],[142.21807,27.041398]]],[[[142.218289,27.041422],[142.21834,27.041411],[142.218264,27.041405],[142.218289,27.041422]]],[[[142.216943,27.041427],[142.217003,27.041439],[142.216988,27.041409],[142.216943,27.041427]]],[[[142.217954,27.041449],[142.217998,27.041428],[142.21796,27.041421],[142.217954,27.041449]]],[[[142.217884,27.041488],[142.217792,27.041418],[142.217778,27.041444],[142.217884,27.041488]]],[[[142.218764,27.041435],[142.218705,27.041467],[142.218712,27.041479],[142.218764,27.041435]]],[[[142.218025,27.04147],[142.218073,27.041447],[142.218029,27.04144],[142.218025,27.04147]]],[[[142.217418,27.041449],[142.217465,27.041477],[142.217458,27.041441],[142.217418,27.041449]]],[[[142.217073,27.041454],[142.217123,27.041487],[142.217137,27.041459],[142.217073,27.041454]]],[[[142.218197,27.041483],[142.21825,27.041479],[142.218213,27.041457],[142.218197,27.041483]]],[[[142.217344,27.04151],[142.217391,27.041524],[142.21739,27.041506],[142.217344,27.04151]]],[[[142.217541,27.041544],[142.217596,27.041519],[142.217565,27.041506],[142.217541,27.041544]]],[[[142.21823,27.041557],[142.218251,27.041528],[142.218226,27.04152],[142.21823,27.041557]]],[[[142.217387,27.04156],[142.217442,27.041558],[142.217414,27.041533],[142.217387,27.04156]]],[[[142.217627,27.041566],[142.217667,27.041587],[142.217661,27.041559],[142.217627,27.041566]]],[[[142.225098,27.041869],[142.225126,27.041981],[142.225197,27.041835],[142.225098,27.041869]]],[[[142.224972,27.041972],[142.224966,27.041952],[142.224956,27.04197],[142.224972,27.041972]]],[[[142.225067,27.042058],[142.225111,27.04204],[142.225087,27.042011],[142.225067,27.042058]]],[[[142.224977,27.042106],[142.224986,27.042087],[142.224967,27.042089],[142.224977,27.042106]]],[[[142.225008,27.042206],[142.225041,27.042237],[142.225072,27.042221],[142.225008,27.042206]]],[[[142.225117,27.042252],[142.225096,27.042241],[142.22509,27.042249],[142.225117,27.042252]]],[[[142.224741,27.04239],[142.224834,27.042378],[142.224873,27.042337],[142.224741,27.04239]]],[[[142.224599,27.042459],[142.224617,27.042397],[142.224533,27.042452],[142.224599,27.042459]]],[[[142.224489,27.042529],[142.224474,27.042514],[142.224459,27.042529],[142.224489,27.042529]]],[[[142.224683,27.042549],[142.224662,27.04258],[142.224695,27.042556],[142.224683,27.042549]]],[[[142.224101,27.043596],[142.224093,27.043572],[142.224082,27.043581],[142.224101,27.043596]]],[[[142.225142,27.044036],[142.225113,27.044032],[142.225118,27.044039],[142.225142,27.044036]]],[[[142.225148,27.044088],[142.225169,27.044071],[142.225138,27.044066],[142.225148,27.044088]]],[[[142.224229,27.044983],[142.224227,27.044959],[142.224216,27.044981],[142.224229,27.044983]]],[[[142.223619,27.044991],[142.223594,27.045037],[142.223646,27.045027],[142.223619,27.044991]]],[[[142.224044,27.045068],[142.224019,27.045055],[142.224012,27.045082],[142.224044,27.045068]]],[[[142.223541,27.045169],[142.223559,27.045223],[142.223569,27.045171],[142.223541,27.045169]]],[[[142.223506,27.045428],[142.223482,27.045408],[142.223491,27.045431],[142.223506,27.045428]]],[[[142.223576,27.045425],[142.223551,27.045409],[142.223565,27.045436],[142.223576,27.045425]]],[[[142.224077,27.045415],[142.22403,27.045445],[142.224072,27.045459],[142.224077,27.045415]]],[[[142.224188,27.045483],[142.224208,27.045469],[142.22419,27.04547],[142.224188,27.045483]]],[[[142.224078,27.045499],[142.224052,27.045467],[142.224031,27.045478],[142.224078,27.045499]]],[[[142.22355,27.045555],[142.223523,27.045547],[142.223529,27.045558],[142.22355,27.045555]]],[[[142.223898,27.045652],[142.223871,27.045626],[142.223859,27.045648],[142.223898,27.045652]]],[[[142.223725,27.045668],[142.223689,27.045674],[142.223732,27.045686],[142.223725,27.045668]]],[[[142.223621,27.045714],[142.223597,27.045697],[142.223611,27.045724],[142.223621,27.045714]]],[[[142.223679,27.045735],[142.22367,27.045708],[142.223659,27.045719],[142.223679,27.045735]]],[[[142.225023,27.051296],[142.225061,27.051359],[142.22508,27.051316],[142.225023,27.051296]]],[[[142.224982,27.053309],[142.225045,27.053379],[142.22506,27.053338],[142.224982,27.053309]]],[[[142.224737,27.082838],[142.224725,27.082864],[142.224744,27.082855],[142.224737,27.082838]]],[[[142.224655,27.08411],[142.224662,27.084133],[142.224666,27.084124],[142.224655,27.08411]]],[[[142.224529,27.084227],[142.224492,27.084214],[142.22451,27.084247],[142.224529,27.084227]]],[[[142.22387,27.084846],[142.223906,27.08488],[142.223904,27.084835],[142.22387,27.084846]]],[[[142.223789,27.084874],[142.223735,27.084867],[142.223721,27.084905],[142.223789,27.084874]]],[[[142.224779,27.087505],[142.224784,27.087541],[142.224791,27.087506],[142.224779,27.087505]]],[[[142.224671,27.087565],[142.224637,27.087582],[142.224654,27.087599],[142.224671,27.087565]]],[[[142.224562,27.087727],[142.224594,27.08772],[142.22456,27.087718],[142.224562,27.087727]]],[[[142.225017,27.087878],[142.225096,27.087633],[142.224935,27.087808],[142.225017,27.087878]]],[[[142.22518,27.087999],[142.225141,27.088002],[142.225147,27.088022],[142.22518,27.087999]]],[[[142.225011,27.088324],[142.224979,27.088259],[142.224962,27.088291],[142.225011,27.088324]]],[[[142.225069,27.088545],[142.225072,27.088644],[142.225102,27.088539],[142.225069,27.088545]]],[[[142.224873,27.089007],[142.224933,27.089037],[142.224932,27.088993],[142.224873,27.089007]]],[[[142.224919,27.089908],[142.224783,27.089832],[142.224827,27.089938],[142.224919,27.089908]]],[[[142.224505,27.089928],[142.224503,27.090012],[142.224538,27.089927],[142.224505,27.089928]]],[[[142.224572,27.090036],[142.224628,27.090038],[142.224577,27.090014],[142.224572,27.090036]]],[[[142.224378,27.090418],[142.224426,27.090448],[142.224396,27.090405],[142.224378,27.090418]]],[[[142.224155,27.09076],[142.224109,27.09077],[142.224149,27.090783],[142.224155,27.09076]]],[[[142.224014,27.090768],[142.224046,27.090787],[142.224043,27.090751],[142.224014,27.090768]]],[[[142.223954,27.090773],[142.223992,27.090818],[142.223993,27.090747],[142.223954,27.090773]]],[[[142.223712,27.090881],[142.223654,27.090863],[142.223658,27.090901],[142.223712,27.090881]]],[[[142.223628,27.090889],[142.223594,27.09092],[142.223631,27.090901],[142.223628,27.090889]]],[[[142.224306,27.090913],[142.224251,27.090932],[142.224285,27.090951],[142.224306,27.090913]]],[[[142.223775,27.091064],[142.223754,27.09101],[142.22374,27.091019],[142.223775,27.091064]]],[[[142.223942,27.091169],[142.223957,27.091146],[142.223935,27.091148],[142.223942,27.091169]]],[[[142.224,27.091172],[142.224057,27.091199],[142.224046,27.091166],[142.224,27.091172]]],[[[142.223928,27.091241],[142.224008,27.091341],[142.224022,27.091261],[142.223928,27.091241]]],[[[142.224108,27.091375],[142.224142,27.091347],[142.224102,27.09133],[142.224108,27.091375]]],[[[142.223914,27.091446],[142.22394,27.091453],[142.223948,27.091395],[142.223914,27.091446]]],[[[142.224027,27.091428],[142.22409,27.091563],[142.224105,27.091428],[142.224027,27.091428]]],[[[142.223229,27.091716],[142.223172,27.091701],[142.223172,27.091718],[142.223229,27.091716]]],[[[142.223536,27.091703],[142.22347,27.091744],[142.223518,27.091759],[142.223536,27.091703]]],[[[142.223579,27.091706],[142.223612,27.091848],[142.223651,27.091712],[142.223579,27.091706]]],[[[142.223221,27.09188],[142.223185,27.09186],[142.22318,27.091897],[142.223221,27.09188]]],[[[142.223446,27.091994],[142.223476,27.092041],[142.223495,27.091971],[142.223446,27.091994]]],[[[142.223155,27.092125],[142.223273,27.091928],[142.223079,27.09211],[142.223155,27.092125]]],[[[142.222817,27.092128],[142.222847,27.092112],[142.222817,27.092101],[142.222817,27.092128]]],[[[142.222827,27.092443],[142.222886,27.092433],[142.222882,27.092409],[142.222827,27.092443]]],[[[142.222964,27.092476],[142.222936,27.092487],[142.222964,27.092493],[142.222964,27.092476]]],[[[142.222975,27.09261],[142.22302,27.092622],[142.223004,27.092571],[142.222975,27.09261]]],[[[142.223034,27.093117],[142.222984,27.093192],[142.22306,27.093151],[142.223034,27.093117]]],[[[142.223082,27.093208],[142.222982,27.093248],[142.223083,27.093251],[142.223082,27.093208]]],[[[142.22255,27.093215],[142.222524,27.093294],[142.222602,27.09323],[142.22255,27.093215]]],[[[142.22249,27.093317],[142.222436,27.093279],[142.222421,27.093308],[142.22249,27.093317]]],[[[142.222062,27.093589],[142.222008,27.093582],[142.222007,27.093596],[142.222062,27.093589]]],[[[142.222138,27.093669],[142.222062,27.093699],[142.222128,27.093711],[142.222138,27.093669]]],[[[142.22211,27.093792],[142.222017,27.093775],[142.222022,27.09382],[142.22211,27.093792]]],[[[142.222142,27.093821],[142.222183,27.093833],[142.222166,27.0938],[142.222142,27.093821]]],[[[142.221977,27.093887],[142.221956,27.093877],[142.221952,27.093898],[142.221977,27.093887]]],[[[142.22231,27.093922],[142.222357,27.093916],[142.222335,27.093894],[142.22231,27.093922]]],[[[142.221856,27.093938],[142.221894,27.09394],[142.221872,27.09392],[142.221856,27.093938]]],[[[142.222114,27.093945],[142.222135,27.093932],[142.222117,27.09393],[142.222114,27.093945]]],[[[142.222445,27.09402],[142.222401,27.093982],[142.222393,27.094031],[142.222445,27.09402]]],[[[142.22229,27.094009],[142.222344,27.09403],[142.222297,27.093999],[142.22229,27.094009]]],[[[142.221958,27.094004],[142.221985,27.094061],[142.222037,27.094015],[142.221958,27.094004]]],[[[142.22186,27.094071],[142.221866,27.094038],[142.221849,27.094068],[142.22186,27.094071]]],[[[142.222236,27.09412],[142.222278,27.0941],[142.222223,27.094087],[142.222236,27.09412]]],[[[142.222005,27.094266],[142.222024,27.094288],[142.222042,27.094275],[142.222005,27.094266]]],[[[142.221953,27.094303],[142.221971,27.094289],[142.221946,27.09429],[142.221953,27.094303]]],[[[142.222059,27.094306],[142.222011,27.094326],[142.222052,27.094324],[142.222059,27.094306]]],[[[142.22184,27.094298],[142.22189,27.094334],[142.221901,27.094335],[142.221895,27.094303],[142.22184,27.094298]]],[[[142.221716,27.094333],[142.221708,27.094385],[142.221825,27.094337],[142.221716,27.094333]]],[[[142.221964,27.094346],[142.222002,27.094365],[142.222007,27.094352],[142.221964,27.094346]]],[[[142.221794,27.094366],[142.221856,27.094373],[142.221871,27.094353],[142.221794,27.094366]]],[[[142.222273,27.094449],[142.222198,27.094437],[142.222248,27.09447],[142.222273,27.094449]]],[[[142.222005,27.094511],[142.222027,27.094479],[142.222003,27.094476],[142.222005,27.094511]]],[[[142.222187,27.09454],[142.22227,27.094521],[142.222266,27.094497],[142.222187,27.09454]]],[[[142.222141,27.094555],[142.222085,27.094501],[142.222039,27.094552],[142.222141,27.094555]]],[[[142.22192,27.094569],[142.221996,27.094509],[142.221875,27.094556],[142.22192,27.094569]]],[[[142.221342,27.094707],[142.221534,27.094551],[142.221277,27.094662],[142.221342,27.094707]]],[[[142.222603,27.094686],[142.22261,27.094803],[142.22263,27.094685],[142.222603,27.094686]]],[[[142.222428,27.094762],[142.222443,27.094897],[142.222522,27.094897],[142.222428,27.094762]]],[[[142.221349,27.09547],[142.221379,27.095546],[142.221386,27.095438],[142.221349,27.09547]]],[[[142.22139,27.095725],[142.221434,27.095739],[142.221435,27.09571],[142.22139,27.095725]]],[[[142.219339,27.096183],[142.21932,27.096156],[142.219314,27.096174],[142.219339,27.096183]]],[[[142.219436,27.096357],[142.219626,27.096339],[142.219409,27.096331],[142.219436,27.096357]]],[[[142.219301,27.096861],[142.219356,27.096768],[142.219227,27.096854],[142.219301,27.096861]]],[[[142.219061,27.096937],[142.219038,27.09691],[142.219025,27.096942],[142.219061,27.096937]]],[[[142.219261,27.096922],[142.219178,27.09694],[142.219267,27.096934],[142.219261,27.096922]]],[[[142.219302,27.096929],[142.21935,27.096964],[142.219374,27.096933],[142.219302,27.096929]]],[[[142.219605,27.096986],[142.219559,27.097045],[142.219622,27.09701],[142.219605,27.096986]]],[[[142.218529,27.097353],[142.218453,27.097369],[142.21851,27.0974],[142.218529,27.097353]]],[[[142.217777,27.098947],[142.217748,27.098986],[142.21779,27.098986],[142.217777,27.098947]]],[[[142.217622,27.099412],[142.217595,27.099431],[142.217618,27.099442],[142.217622,27.099412]]],[[[142.218039,27.100117],[142.218159,27.100128],[142.218168,27.100087],[142.218039,27.100117]]],[[[142.219464,27.100343],[142.219279,27.100262],[142.219166,27.100306],[142.219464,27.100343]]],[[[142.219606,27.100511],[142.219578,27.100509],[142.219584,27.100537],[142.219606,27.100511]]],[[[142.219741,27.100568],[142.219707,27.100567],[142.219704,27.100577],[142.219741,27.100568]]],[[[142.220194,27.100683],[142.220175,27.10062],[142.220174,27.100669],[142.220194,27.100683]]],[[[142.219782,27.10062],[142.219703,27.100679],[142.219642,27.100722],[142.219741,27.100687],[142.219782,27.10062]]],[[[142.220191,27.100744],[142.220256,27.100693],[142.220153,27.100734],[142.220191,27.100744]]],[[[142.219281,27.100871],[142.219614,27.100823],[142.219623,27.100754],[142.219468,27.100763],[142.219281,27.100871]]],[[[142.220245,27.100806],[142.220099,27.100842],[142.22026,27.100827],[142.220245,27.100806]]],[[[142.219192,27.100913],[142.21925,27.100873],[142.219137,27.100926],[142.219192,27.100913]]],[[[142.217581,27.10095],[142.21759,27.100977],[142.217608,27.100951],[142.217581,27.10095]]],[[[142.218867,27.10101],[142.21893,27.101006],[142.218932,27.101003],[142.218867,27.10101]]],[[[142.218995,27.101135],[142.219125,27.100974],[142.218839,27.101134],[142.218995,27.101135]]],[[[142.218721,27.101214],[142.218833,27.101178],[142.218836,27.101147],[142.218721,27.101214]]],[[[142.217678,27.101458],[142.217587,27.101439],[142.217587,27.101511],[142.217678,27.101458]]],[[[142.217892,27.10154],[142.217832,27.101523],[142.217841,27.101557],[142.217892,27.10154]]],[[[142.217789,27.101606],[142.217736,27.101593],[142.217743,27.101621],[142.217789,27.101606]]],[[[142.221953,27.109619],[142.222103,27.10955],[142.221969,27.109501],[142.221953,27.109619]]],[[[142.221888,27.109914],[142.221753,27.109842],[142.2218,27.109969],[142.221888,27.109914]]],[[[142.222639,27.110106],[142.222582,27.109979],[142.222529,27.11004],[142.222639,27.110106]]],[[[142.223089,27.110117],[142.223114,27.110162],[142.22312,27.110126],[142.223089,27.110117]]],[[[142.223152,27.110298],[142.223098,27.110306],[142.223135,27.110324],[142.223152,27.110298]]],[[[142.221776,27.11029],[142.221692,27.110331],[142.221779,27.110352],[142.221776,27.11029]]],[[[142.223437,27.124516],[142.223392,27.124473],[142.223385,27.124519],[142.223437,27.124516]]],[[[142.220665,27.13013],[142.22054,27.130042],[142.220571,27.130141],[142.220665,27.13013]]],[[[142.219523,27.130639],[142.220401,27.129728],[142.219261,27.130274],[142.219523,27.130639]]],[[[142.219204,27.493128],[142.219292,27.493594],[142.21951,27.493069],[142.219204,27.493128]]],[[[142.219144,27.495569],[142.219175,27.492617],[142.218604,27.492454],[142.21809,27.495806],[142.219144,27.495569]]],[[[142.219511,27.495395],[142.219424,27.495462],[142.21947,27.495498],[142.219511,27.495395]]],[[[142.219349,27.495524],[142.219287,27.495472],[142.21931,27.495545],[142.219349,27.495524]]],[[[142.226962,26.562195],[142.22695,26.562114],[142.226913,26.562176],[142.226962,26.562195]]],[[[142.228865,26.562791],[142.228846,26.562689],[142.228808,26.562782],[142.228865,26.562791]]],[[[142.228674,26.563005],[142.228677,26.562887],[142.228634,26.562881],[142.228674,26.563005]]],[[[142.226685,26.563241],[142.226863,26.563366],[142.226837,26.563189],[142.226685,26.563241]]],[[[142.227712,26.563428],[142.227667,26.563334],[142.227626,26.563399],[142.227712,26.563428]]],[[[142.227089,26.563484],[142.226996,26.563469],[142.227071,26.563528],[142.227089,26.563484]]],[[[142.229635,26.564773],[142.229876,26.564603],[142.229723,26.56455],[142.229635,26.564773]]],[[[142.22638,26.571602],[142.226395,26.571484],[142.226339,26.571504],[142.22638,26.571602]]],[[[142.226566,26.571736],[142.226527,26.571627],[142.226507,26.57176],[142.226566,26.571736]]],[[[142.226327,26.571786],[142.226236,26.571781],[142.226271,26.571866],[142.226327,26.571786]]],[[[142.226782,26.573107],[142.226783,26.572195],[142.226139,26.57289],[142.226782,26.573107]]],[[[142.227512,26.572966],[142.227569,26.572871],[142.227519,26.572852],[142.227512,26.572966]]],[[[142.22735,26.57299],[142.227392,26.572866],[142.227337,26.572859],[142.22735,26.57299]]],[[[142.226942,26.573535],[142.226925,26.573439],[142.226887,26.573475],[142.226942,26.573535]]],[[[142.228463,26.574013],[142.228361,26.573941],[142.228393,26.574029],[142.228463,26.574013]]],[[[142.231335,26.577104],[142.2314,26.575617],[142.230441,26.576717],[142.231335,26.577104]]],[[[142.228857,26.576951],[142.229043,26.577138],[142.229044,26.576921],[142.228857,26.576951]]],[[[142.231075,26.578919],[142.231256,26.578899],[142.231146,26.578766],[142.231075,26.578919]]],[[[142.230798,26.579027],[142.230983,26.578986],[142.230948,26.578836],[142.230798,26.579027]]],[[[142.230702,26.579944],[142.230286,26.578947],[142.230121,26.57959],[142.230702,26.579944]]],[[[142.230306,26.582193],[142.230502,26.582061],[142.230285,26.582066],[142.230306,26.582193]]],[[[142.229673,27.034508],[142.229723,27.034577],[142.229701,27.034495],[142.229673,27.034508]]],[[[142.229362,27.034971],[142.229315,27.034948],[142.229305,27.034971],[142.229362,27.034971]]],[[[142.229465,27.035016],[142.229431,27.034939],[142.229412,27.035017],[142.229465,27.035016]]],[[[142.229748,27.035044],[142.229686,27.034982],[142.229684,27.035057],[142.229748,27.035044]]],[[[142.22932,27.035081],[142.229416,27.035192],[142.229338,27.035052],[142.22932,27.035081]]],[[[142.229654,27.035143],[142.229744,27.035175],[142.229694,27.035101],[142.229654,27.035143]]],[[[142.229483,27.035177],[142.229558,27.035251],[142.229553,27.035185],[142.229483,27.035177]]],[[[142.229606,27.035309],[142.229671,27.035322],[142.229677,27.035304],[142.229606,27.035309]]],[[[142.225178,27.035353],[142.225235,27.035408],[142.225235,27.035349],[142.225178,27.035353]]],[[[142.227287,27.035504],[142.227264,27.035502],[142.227274,27.035512],[142.227287,27.035504]]],[[[142.229784,27.036944],[142.22973,27.03701],[142.229767,27.037013],[142.229784,27.036944]]],[[[142.229836,27.036979],[142.229911,27.037067],[142.22992,27.037067],[142.229836,27.036979]]],[[[142.229834,27.037454],[142.229895,27.037488],[142.229894,27.037453],[142.229834,27.037454]]],[[[142.225875,27.039043],[142.225877,27.039017],[142.225866,27.039044],[142.225875,27.039043]]],[[[142.22586,27.039092],[142.22587,27.039071],[142.225841,27.039078],[142.22586,27.039092]]],[[[142.225228,27.039145],[142.225245,27.039123],[142.225224,27.039121],[142.225228,27.039145]]],[[[142.225336,27.039131],[142.225342,27.039168],[142.225361,27.039132],[142.225336,27.039131]]],[[[142.225864,27.039176],[142.225872,27.039145],[142.22585,27.039165],[142.225864,27.039176]]],[[[142.225999,27.039182],[142.22604,27.039208],[142.226045,27.039188],[142.225999,27.039182]]],[[[142.225508,27.039266],[142.225552,27.039281],[142.225539,27.039248],[142.225508,27.039266]]],[[[142.225201,27.039331],[142.225195,27.039301],[142.225183,27.0393],[142.225201,27.039331]]],[[[142.225208,27.039369],[142.225206,27.039351],[142.225193,27.039354],[142.225208,27.039369]]],[[[142.228357,27.039665],[142.227984,27.039205],[142.227825,27.039417],[142.228357,27.039665]]],[[[142.226491,27.040839],[142.226507,27.040884],[142.226518,27.040875],[142.226491,27.040839]]],[[[142.225304,27.041894],[142.225322,27.041883],[142.225307,27.041877],[142.225304,27.041894]]],[[[142.225281,27.041957],[142.225295,27.041929],[142.225281,27.041926],[142.225281,27.041957]]],[[[142.226628,27.042902],[142.226571,27.04276],[142.226516,27.042809],[142.226628,27.042902]]],[[[142.225237,27.043885],[142.225272,27.043845],[142.225254,27.043839],[142.225237,27.043885]]],[[[142.225231,27.043993],[142.225196,27.043965],[142.225198,27.043995],[142.225231,27.043993]]],[[[142.225701,27.045157],[142.225643,27.045109],[142.225637,27.045157],[142.225701,27.045157]]],[[[142.225654,27.04521],[142.225624,27.045218],[142.225637,27.045234],[142.225654,27.04521]]],[[[142.226146,27.046098],[142.226107,27.046087],[142.22611,27.046104],[142.226146,27.046098]]],[[[142.225917,27.046235],[142.22594,27.046257],[142.225942,27.046242],[142.225917,27.046235]]],[[[142.225453,27.047738],[142.225455,27.047702],[142.22542,27.047716],[142.225453,27.047738]]],[[[142.225237,27.047956],[142.225263,27.047901],[142.225235,27.047896],[142.225237,27.047956]]],[[[142.225398,27.047997],[142.225439,27.048045],[142.225446,27.048],[142.225398,27.047997]]],[[[142.225186,27.053217],[142.225272,27.053254],[142.225247,27.053197],[142.225186,27.053217]]],[[[142.225192,27.053353],[142.225215,27.05344],[142.225242,27.053425],[142.225192,27.053353]]],[[[142.230969,27.053355],[142.230729,27.053545],[142.230956,27.053488],[142.230969,27.053355]]],[[[142.230366,27.053643],[142.230291,27.053656],[142.230314,27.053676],[142.230366,27.053643]]],[[[142.225355,27.053814],[142.225342,27.053764],[142.225312,27.053769],[142.225355,27.053814]]],[[[142.225278,27.053825],[142.225286,27.053769],[142.22524,27.053768],[142.225278,27.053825]]],[[[142.230315,27.053866],[142.230349,27.053798],[142.230329,27.053802],[142.230315,27.053866]]],[[[142.230046,27.054069],[142.230155,27.054],[142.230153,27.053975],[142.230046,27.054069]]],[[[142.225909,27.054031],[142.225971,27.054118],[142.225998,27.054044],[142.225909,27.054031]]],[[[142.229737,27.054382],[142.229799,27.054386],[142.229788,27.054363],[142.229737,27.054382]]],[[[142.229525,27.054402],[142.229555,27.054579],[142.229614,27.054287],[142.229525,27.054402]]],[[[142.226453,27.05452],[142.226288,27.054567],[142.226516,27.054638],[142.226453,27.05452]]],[[[142.226549,27.054645],[142.22658,27.054746],[142.226624,27.054602],[142.226549,27.054645]]],[[[142.22943,27.05574],[142.229468,27.055782],[142.229473,27.055754],[142.22943,27.05574]]],[[[142.229441,27.055872],[142.229409,27.055912],[142.229475,27.055922],[142.229441,27.055872]]],[[[142.231061,27.059439],[142.231023,27.059389],[142.23103,27.059444],[142.231061,27.059439]]],[[[142.230251,27.059507],[142.230257,27.059561],[142.230287,27.059522],[142.230251,27.059507]]],[[[142.230493,27.059555],[142.230435,27.059569],[142.230445,27.059596],[142.230493,27.059555]]],[[[142.230297,27.059607],[142.23034,27.059657],[142.230317,27.059604],[142.230297,27.059607]]],[[[142.230573,27.059691],[142.230482,27.05961],[142.230461,27.059659],[142.230573,27.059691]]],[[[142.230294,27.059925],[142.230236,27.05992],[142.23028,27.059948],[142.230294,27.059925]]],[[[142.230176,27.059936],[142.230151,27.05996],[142.230178,27.059959],[142.230176,27.059936]]],[[[142.231164,27.059984],[142.2311,27.059935],[142.231119,27.059999],[142.231164,27.059984]]],[[[142.230909,27.059996],[142.230863,27.059943],[142.230836,27.059989],[142.230909,27.059996]]],[[[142.23112,27.060055],[142.231251,27.06003],[142.231254,27.059992],[142.23112,27.060055]]],[[[142.230148,27.060022],[142.230175,27.060059],[142.230185,27.060039],[142.230148,27.060022]]],[[[142.230966,27.060073],[142.230885,27.060052],[142.230937,27.060099],[142.230966,27.060073]]],[[[142.230111,27.060088],[142.230072,27.060065],[142.230088,27.060101],[142.230111,27.060088]]],[[[142.230866,27.060081],[142.230794,27.060076],[142.230834,27.060122],[142.230866,27.060081]]],[[[142.230144,27.060374],[142.230124,27.060407],[142.230148,27.060401],[142.230144,27.060374]]],[[[142.230568,27.060783],[142.230537,27.060761],[142.230543,27.060791],[142.230568,27.060783]]],[[[142.23058,27.060906],[142.23047,27.060818],[142.230466,27.06076],[142.23045,27.060872],[142.23058,27.060906]]],[[[142.230667,27.060848],[142.230638,27.06084],[142.230661,27.060867],[142.230667,27.060848]]],[[[142.230868,27.060874],[142.230814,27.060838],[142.230817,27.060883],[142.230868,27.060874]]],[[[142.230613,27.060881],[142.23059,27.060849],[142.230597,27.060887],[142.230613,27.060881]]],[[[142.230908,27.060966],[142.230859,27.060977],[142.2309,27.060989],[142.230908,27.060966]]],[[[142.230694,27.061006],[142.230733,27.061033],[142.230722,27.061001],[142.230694,27.061006]]],[[[142.230799,27.061054],[142.230742,27.061037],[142.230751,27.061065],[142.230799,27.061054]]],[[[142.230741,27.06114],[142.230718,27.061167],[142.230758,27.061163],[142.230741,27.06114]]],[[[142.230962,27.061271],[142.230992,27.06115],[142.230954,27.061149],[142.230962,27.061271]]],[[[142.231128,27.061334],[142.231093,27.061333],[142.231121,27.06137],[142.231128,27.061334]]],[[[142.23118,27.061488],[142.231124,27.061449],[142.231147,27.061509],[142.23118,27.061488]]],[[[142.23121,27.061584],[142.231266,27.061586],[142.231247,27.061568],[142.23121,27.061584]]],[[[142.231161,27.061627],[142.231204,27.061645],[142.231176,27.061587],[142.231161,27.061627]]],[[[142.231324,27.061647],[142.231374,27.061698],[142.23137,27.061628],[142.231324,27.061647]]],[[[142.231141,27.061679],[142.231112,27.061689],[142.231121,27.061706],[142.231141,27.061679]]],[[[142.231129,27.061727],[142.231218,27.061768],[142.231221,27.061735],[142.231129,27.061727]]],[[[142.231212,27.061934],[142.231117,27.061933],[142.231128,27.061958],[142.231212,27.061934]]],[[[142.231176,27.061973],[142.231215,27.061957],[142.231183,27.061956],[142.231176,27.061973]]],[[[142.231453,27.066442],[142.231439,27.066404],[142.231417,27.066447],[142.231453,27.066442]]],[[[142.231234,27.066578],[142.231298,27.066543],[142.231292,27.066524],[142.231234,27.066578]]],[[[142.231441,27.066652],[142.23141,27.066619],[142.231412,27.066658],[142.231441,27.066652]]],[[[142.231343,27.066672],[142.231355,27.066699],[142.231372,27.066677],[142.231343,27.066672]]],[[[142.231314,27.066769],[142.231259,27.066792],[142.23127,27.066824],[142.231314,27.066769]]],[[[142.231256,27.067335],[142.231212,27.067354],[142.231215,27.06738],[142.231256,27.067335]]],[[[142.231483,27.068023],[142.231419,27.067953],[142.231436,27.068032],[142.231483,27.068023]]],[[[142.231284,27.068035],[142.231206,27.068021],[142.231224,27.068071],[142.231284,27.068035]]],[[[142.23098,27.068161],[142.231012,27.068184],[142.231014,27.068151],[142.23098,27.068161]]],[[[142.231198,27.068157],[142.231219,27.068192],[142.231256,27.068164],[142.231198,27.068157]]],[[[142.231168,27.0682],[142.231094,27.068167],[142.231101,27.068221],[142.231168,27.0682]]],[[[142.23117,27.068291],[142.231132,27.068255],[142.231124,27.068301],[142.23117,27.068291]]],[[[142.23107,27.068281],[142.231034,27.068275],[142.231042,27.068299],[142.23107,27.068281]]],[[[142.231066,27.06831],[142.231114,27.068318],[142.231112,27.068302],[142.231066,27.06831]]],[[[142.23107,27.068438],[142.231119,27.068422],[142.23109,27.068405],[142.23107,27.068438]]],[[[142.231221,27.068455],[142.231149,27.068441],[142.231173,27.068478],[142.231221,27.068455]]],[[[142.231147,27.068582],[142.231078,27.068622],[142.231131,27.068635],[142.231147,27.068582]]],[[[142.231294,27.069118],[142.231254,27.069145],[142.231285,27.06915],[142.231294,27.069118]]],[[[142.23124,27.069304],[142.231194,27.069339],[142.231227,27.06935],[142.23124,27.069304]]],[[[142.231192,27.069425],[142.231224,27.069422],[142.231201,27.069397],[142.231192,27.069425]]],[[[142.231279,27.069552],[142.231204,27.069511],[142.231223,27.069568],[142.231279,27.069552]]],[[[142.231146,27.06963],[142.231221,27.069619],[142.231192,27.069585],[142.231146,27.06963]]],[[[142.231405,27.070872],[142.231387,27.070886],[142.231389,27.070898],[142.231405,27.070872]]],[[[142.231409,27.070946],[142.231397,27.071028],[142.231421,27.071045],[142.231409,27.070946]]],[[[142.231374,27.071235],[142.23142,27.071274],[142.231403,27.071211],[142.231374,27.071235]]],[[[142.231454,27.078871],[142.231472,27.078836],[142.231444,27.078846],[142.231454,27.078871]]],[[[142.23145,27.078946],[142.231467,27.07891],[142.23144,27.078921],[142.23145,27.078946]]],[[[142.230741,27.079791],[142.230847,27.079645],[142.230774,27.079598],[142.230741,27.079791]]],[[[142.230564,27.08038],[142.230692,27.080415],[142.23063,27.080327],[142.230564,27.08038]]],[[[142.230345,27.080571],[142.230373,27.080535],[142.23036,27.080513],[142.230345,27.080571]]],[[[142.230418,27.08056],[142.230501,27.080626],[142.230469,27.0805],[142.230418,27.08056]]],[[[142.230757,27.080661],[142.230679,27.080647],[142.230701,27.080696],[142.230757,27.080661]]],[[[142.230718,27.080781],[142.230742,27.080738],[142.230712,27.080748],[142.230718,27.080781]]],[[[142.230163,27.080749],[142.230156,27.080793],[142.230195,27.080748],[142.230163,27.080749]]],[[[142.230902,27.080789],[142.230814,27.080774],[142.230854,27.080811],[142.230902,27.080789]]],[[[142.230869,27.080848],[142.230856,27.080814],[142.230851,27.080844],[142.230869,27.080848]]],[[[142.230154,27.08088],[142.230173,27.080851],[142.230137,27.080863],[142.230154,27.08088]]],[[[142.230851,27.080898],[142.230841,27.080872],[142.230827,27.080882],[142.230851,27.080898]]],[[[142.227821,27.080985],[142.22785,27.080979],[142.227833,27.080971],[142.227821,27.080985]]],[[[142.229988,27.081042],[142.23001,27.081081],[142.230017,27.081007],[142.229988,27.081042]]],[[[142.230108,27.081068],[142.23008,27.081034],[142.230095,27.081081],[142.230108,27.081068]]],[[[142.230761,27.081081],[142.230712,27.081019],[142.230723,27.081095],[142.230761,27.081081]]],[[[142.231208,27.081134],[142.231204,27.081097],[142.23119,27.081123],[142.231208,27.081134]]],[[[142.229291,27.081183],[142.229265,27.081182],[142.229291,27.081191],[142.229291,27.081183]]],[[[142.230091,27.081196],[142.23008,27.081233],[142.230136,27.08118],[142.230091,27.081196]]],[[[142.231135,27.081227],[142.231179,27.0812],[142.23116,27.081185],[142.231135,27.081227]]],[[[142.229959,27.081197],[142.22983,27.081201],[142.229902,27.081287],[142.229959,27.081197]]],[[[142.22927,27.081307],[142.229318,27.081313],[142.229307,27.081288],[142.22927,27.081307]]],[[[142.229059,27.081365],[142.229108,27.08135],[142.229061,27.081339],[142.229059,27.081365]]],[[[142.228805,27.081371],[142.228826,27.081356],[142.228806,27.081353],[142.228805,27.081371]]],[[[142.228085,27.081451],[142.228081,27.081311],[142.22806,27.081476],[142.228085,27.081451]]],[[[142.228799,27.081432],[142.228817,27.081419],[142.228793,27.081415],[142.228799,27.081432]]],[[[142.228395,27.081504],[142.228438,27.081511],[142.228436,27.081498],[142.228395,27.081504]]],[[[142.229555,27.081557],[142.229556,27.08162],[142.229586,27.081569],[142.229555,27.081557]]],[[[142.229535,27.08167],[142.229563,27.081642],[142.229548,27.081631],[142.229535,27.08167]]],[[[142.22964,27.081657],[142.229681,27.081666],[142.229674,27.08162],[142.22964,27.081657]]],[[[142.228146,27.081789],[142.228214,27.081716],[142.228116,27.081751],[142.228146,27.081789]]],[[[142.229533,27.081785],[142.229542,27.081902],[142.229566,27.081766],[142.229533,27.081785]]],[[[142.228045,27.081987],[142.22813,27.082011],[142.228132,27.081972],[142.228045,27.081987]]],[[[142.229651,27.082068],[142.229591,27.082047],[142.229616,27.082086],[142.229651,27.082068]]],[[[142.228094,27.082069],[142.228153,27.08208],[142.228114,27.082036],[142.228094,27.082069]]],[[[142.225337,27.08743],[142.22526,27.087289],[142.225259,27.087438],[142.225337,27.08743]]],[[[142.225211,27.087714],[142.225215,27.087745],[142.225222,27.087739],[142.225211,27.087714]]],[[[142.225164,27.088373],[142.225201,27.088407],[142.225208,27.088386],[142.225164,27.088373]]],[[[142.231436,27.109577],[142.231367,27.109566],[142.231421,27.109607],[142.231436,27.109577]]],[[[142.231268,27.109683],[142.231244,27.109731],[142.231301,27.109694],[142.231268,27.109683]]],[[[142.23111,27.109777],[142.231101,27.109827],[142.231123,27.109826],[142.23111,27.109777]]],[[[142.22829,27.110062],[142.228216,27.110047],[142.228243,27.110082],[142.22829,27.110062]]],[[[142.227234,27.110105],[142.227188,27.110131],[142.22724,27.110152],[142.227234,27.110105]]],[[[142.226951,27.110614],[142.226904,27.110589],[142.226894,27.110617],[142.226951,27.110614]]],[[[142.226666,27.110809],[142.22661,27.110794],[142.226631,27.110836],[142.226666,27.110809]]],[[[142.231399,27.114262],[142.231326,27.114286],[142.231361,27.114336],[142.231399,27.114262]]],[[[142.231281,27.114334],[142.231213,27.114307],[142.231264,27.114388],[142.231281,27.114334]]],[[[142.230487,27.114635],[142.230565,27.114578],[142.230478,27.114567],[142.230487,27.114635]]],[[[142.229242,27.114806],[142.229187,27.114806],[142.229234,27.114843],[142.229242,27.114806]]],[[[142.22956,27.114893],[142.229505,27.114851],[142.229533,27.114907],[142.22956,27.114893]]],[[[142.229939,27.114837],[142.229987,27.114982],[142.230153,27.114821],[142.229939,27.114837]]],[[[142.23027,27.114944],[142.230233,27.114889],[142.230224,27.114906],[142.23027,27.114944]]],[[[142.22846,27.115054],[142.228511,27.11498],[142.228499,27.114977],[142.22846,27.115054]]],[[[142.229029,27.115074],[142.22902,27.114999],[142.228987,27.115063],[142.229029,27.115074]]],[[[142.229741,27.115006],[142.229442,27.115054],[142.229769,27.115073],[142.229741,27.115006]]],[[[142.22837,27.115091],[142.228319,27.115081],[142.228347,27.115105],[142.22837,27.115091]]],[[[142.228881,27.115097],[142.228823,27.115111],[142.228867,27.115124],[142.228881,27.115097]]],[[[142.228975,27.115162],[142.228943,27.115117],[142.228932,27.115157],[142.228975,27.115162]]],[[[142.229794,27.115276],[142.229782,27.115189],[142.229723,27.115244],[142.229794,27.115276]]],[[[142.229859,27.115337],[142.229798,27.115355],[142.229857,27.115384],[142.229859,27.115337]]],[[[142.229813,27.115444],[142.229785,27.115487],[142.229807,27.115488],[142.229813,27.115444]]],[[[142.227314,27.115506],[142.22728,27.11546],[142.227273,27.115508],[142.227314,27.115506]]],[[[142.227785,27.11563],[142.227729,27.115607],[142.227739,27.115637],[142.227785,27.11563]]],[[[142.227555,27.115641],[142.227511,27.115631],[142.227523,27.115677],[142.227555,27.115641]]],[[[142.227874,27.115691],[142.227822,27.115711],[142.227869,27.115717],[142.227874,27.115691]]],[[[142.227513,27.115802],[142.227464,27.115815],[142.227492,27.115834],[142.227513,27.115802]]],[[[142.227906,27.115861],[142.227901,27.115766],[142.227866,27.115807],[142.227906,27.115861]]],[[[142.227509,27.116023],[142.227747,27.116105],[142.227768,27.116028],[142.227509,27.116023]]],[[[142.227336,27.11628],[142.227398,27.116182],[142.227332,27.116139],[142.227336,27.11628]]],[[[142.227162,27.116277],[142.227268,27.116228],[142.227229,27.116179],[142.227162,27.116277]]],[[[142.226481,27.116371],[142.226423,27.116302],[142.226433,27.116383],[142.226481,27.116371]]],[[[142.227296,27.116403],[142.227225,27.116341],[142.227243,27.116423],[142.227296,27.116403]]],[[[142.227496,27.1165],[142.227667,27.116516],[142.227529,27.116435],[142.227496,27.1165]]],[[[142.226234,27.116569],[142.226153,27.116542],[142.226172,27.1166],[142.226234,27.116569]]],[[[142.226337,27.116732],[142.226281,27.116668],[142.226279,27.116729],[142.226337,27.116732]]],[[[142.226178,27.116796],[142.226141,27.116839],[142.226192,27.116824],[142.226178,27.116796]]],[[[142.22681,27.116825],[142.226731,27.116833],[142.226809,27.116847],[142.22681,27.116825]]],[[[142.226994,27.11705],[142.226941,27.116974],[142.22694,27.117053],[142.226994,27.11705]]],[[[142.226944,27.117299],[142.226915,27.117225],[142.226877,27.117266],[142.226944,27.117299]]],[[[142.22696,27.117643],[142.226946,27.117565],[142.226917,27.117619],[142.22696,27.117643]]],[[[142.227374,27.11847],[142.227323,27.118499],[142.227348,27.118524],[142.227374,27.11847]]],[[[142.22737,27.119164],[142.227363,27.11872],[142.227099,27.119169],[142.22737,27.119164]]],[[[142.227448,27.119235],[142.227402,27.119197],[142.227387,27.119255],[142.227448,27.119235]]],[[[142.227321,27.119235],[142.227301,27.119295],[142.22734,27.119253],[142.227321,27.119235]]],[[[142.228143,27.121056],[142.227532,27.121376],[142.227879,27.121634],[142.228143,27.121056]]],[[[142.228778,27.121281],[142.228856,27.121522],[142.228947,27.121374],[142.228778,27.121281]]],[[[142.228492,27.12161],[142.228734,27.121654],[142.228559,27.121462],[142.228492,27.12161]]],[[[142.23343,26.565116],[142.233451,26.565036],[142.233404,26.565034],[142.23343,26.565116]]],[[[142.232695,26.565396],[142.232623,26.565329],[142.232647,26.565409],[142.232695,26.565396]]],[[[142.233178,26.565466],[142.233083,26.565429],[142.233152,26.565491],[142.233178,26.565466]]],[[[142.232867,26.565512],[142.232894,26.565438],[142.232849,26.565436],[142.232867,26.565512]]],[[[142.233029,26.565678],[142.233159,26.56619],[142.23334,26.566116],[142.233029,26.565678]]],[[[142.23351,26.566536],[142.233456,26.566477],[142.233425,26.566515],[142.23351,26.566536]]],[[[142.234801,26.566686],[142.234795,26.566578],[142.234734,26.566592],[142.234801,26.566686]]],[[[142.234754,26.566977],[142.234671,26.566955],[142.234748,26.567027],[142.234754,26.566977]]],[[[142.230453,26.575756],[142.235238,26.570814],[142.238469,26.570371],[142.239079,26.569195],[142.239903,26.569429],[142.239309,26.569],[142.240106,26.569156],[142.240003,26.567629],[142.23842,26.568273],[142.236813,26.567457],[142.236075,26.567965],[142.233286,26.566586],[142.232974,26.566221],[142.231191,26.566424],[142.230844,26.565523],[142.229223,26.565047],[142.228764,26.563854],[142.226875,26.563785],[142.226515,26.564916],[142.2272,26.565575],[142.226132,26.565731],[142.225829,26.566539],[142.226658,26.567571],[142.22755,26.567279],[142.227338,26.568224],[142.228484,26.568961],[142.226536,26.570963],[142.229483,26.575121],[142.230326,26.574932],[142.230453,26.575756]]],[[[142.231851,26.576355],[142.231756,26.576296],[142.231778,26.576384],[142.231851,26.576355]]],[[[142.232156,26.577408],[142.231731,26.576589],[142.231629,26.577426],[142.232156,26.577408]]],[[[142.231429,26.579368],[142.232943,26.578754],[142.231856,26.578096],[142.231429,26.579368]]],[[[142.233288,27.049871],[142.233412,27.049836],[142.233381,27.049784],[142.233288,27.049871]]],[[[142.233242,27.050184],[142.233191,27.050081],[142.233186,27.050187],[142.233242,27.050184]]],[[[142.233541,27.050345],[142.233617,27.050259],[142.233542,27.050245],[142.233541,27.050345]]],[[[142.233828,27.05061],[142.233788,27.05051],[142.233731,27.05059],[142.233828,27.05061]]],[[[142.234225,27.051275],[142.23408,27.051201],[142.234057,27.051236],[142.234225,27.051275]]],[[[142.234183,27.05627],[142.234189,27.056204],[142.234164,27.056235],[142.234183,27.05627]]],[[[142.234551,27.056425],[142.234664,27.056418],[142.234693,27.056371],[142.234551,27.056425]]],[[[142.234404,27.056456],[142.234416,27.056383],[142.234392,27.056412],[142.234404,27.056456]]],[[[142.234528,27.056411],[142.234485,27.056423],[142.234519,27.056443],[142.234528,27.056411]]],[[[142.234268,27.056464],[142.234337,27.056393],[142.234268,27.056377],[142.234268,27.056464]]],[[[142.23347,27.056513],[142.23344,27.056489],[142.233442,27.056522],[142.23347,27.056513]]],[[[142.233357,27.056673],[142.233317,27.056673],[142.233338,27.056689],[142.233357,27.056673]]],[[[142.231898,27.057609],[142.231843,27.057582],[142.231841,27.057614],[142.231898,27.057609]]],[[[142.232779,27.058072],[142.232751,27.05793],[142.232687,27.058009],[142.232779,27.058072]]],[[[142.232443,27.058135],[142.232437,27.058103],[142.232419,27.058118],[142.232443,27.058135]]],[[[142.231759,27.058545],[142.231869,27.058524],[142.231863,27.058469],[142.231759,27.058545]]],[[[142.231638,27.05861],[142.231652,27.058547],[142.231585,27.058567],[142.231638,27.05861]]],[[[142.231583,27.059196],[142.231561,27.059082],[142.231521,27.059164],[142.231583,27.059196]]],[[[142.231805,27.060114],[142.231799,27.060019],[142.231754,27.060065],[142.231805,27.060114]]],[[[142.231694,27.060153],[142.231623,27.060258],[142.231704,27.060196],[142.231694,27.060153]]],[[[142.231953,27.061527],[142.231916,27.061447],[142.231916,27.061534],[142.231953,27.061527]]],[[[142.231722,27.061556],[142.231698,27.061505],[142.231687,27.061556],[142.231722,27.061556]]],[[[142.231939,27.061607],[142.231882,27.061601],[142.231873,27.061647],[142.231939,27.061607]]],[[[142.23172,27.061631],[142.231689,27.061693],[142.231716,27.061706],[142.23172,27.061631]]],[[[142.23252,27.061888],[142.232667,27.061855],[142.232522,27.061816],[142.23252,27.061888]]],[[[142.231796,27.06201],[142.231781,27.061936],[142.231759,27.061979],[142.231796,27.06201]]],[[[142.231807,27.062092],[142.231744,27.062007],[142.231731,27.062075],[142.231807,27.062092]]],[[[142.23268,27.062074],[142.232496,27.062118],[142.232902,27.062154],[142.23268,27.062074]]],[[[142.231731,27.062234],[142.231677,27.062256],[142.231729,27.062276],[142.231731,27.062234]]],[[[142.232168,27.062261],[142.232126,27.062227],[142.232111,27.062285],[142.232168,27.062261]]],[[[142.231951,27.062367],[142.231906,27.062334],[142.231923,27.062378],[142.231951,27.062367]]],[[[142.23246,27.062432],[142.232435,27.062485],[142.232475,27.062477],[142.23246,27.062432]]],[[[142.232068,27.06257],[142.232091,27.062504],[142.232001,27.062556],[142.232068,27.06257]]],[[[142.232302,27.062701],[142.232231,27.062712],[142.232229,27.062733],[142.232302,27.062701]]],[[[142.232918,27.062748],[142.233004,27.06284],[142.233083,27.062785],[142.232918,27.062748]]],[[[142.23278,27.063009],[142.232825,27.063091],[142.232904,27.062984],[142.23278,27.063009]]],[[[142.231979,27.063996],[142.231968,27.064047],[142.231989,27.064042],[142.231979,27.063996]]],[[[142.232089,27.064196],[142.232024,27.064223],[142.232063,27.064238],[142.232089,27.064196]]],[[[142.231735,27.064261],[142.231746,27.064212],[142.231726,27.064216],[142.231735,27.064261]]],[[[142.232018,27.064441],[142.231959,27.064462],[142.232006,27.064474],[142.232018,27.064441]]],[[[142.231781,27.064453],[142.231782,27.064557],[142.231836,27.064536],[142.231781,27.064453]]],[[[142.231952,27.064775],[142.232092,27.064781],[142.2319,27.064641],[142.231952,27.064775]]],[[[142.231473,27.065524],[142.231514,27.065535],[142.2315,27.065469],[142.231473,27.065524]]],[[[142.231558,27.066063],[142.231507,27.06601],[142.231523,27.066075],[142.231558,27.066063]]],[[[142.231711,27.066448],[142.231689,27.066412],[142.231687,27.066454],[142.231711,27.066448]]],[[[142.231979,27.067022],[142.231853,27.067107],[142.231952,27.067102],[142.231979,27.067022]]],[[[142.23175,27.067238],[142.231922,27.06736],[142.231979,27.067296],[142.23175,27.067238]]],[[[142.231643,27.067502],[142.231649,27.067437],[142.231619,27.067462],[142.231643,27.067502]]],[[[142.231572,27.067977],[142.231508,27.067931],[142.231508,27.068006],[142.231572,27.067977]]],[[[142.232556,27.069548],[142.232708,27.069502],[142.232683,27.069457],[142.232556,27.069548]]],[[[142.231846,27.069812],[142.231809,27.06977],[142.231808,27.069825],[142.231846,27.069812]]],[[[142.233129,27.069886],[142.233064,27.069757],[142.233063,27.0699],[142.233129,27.069886]]],[[[142.232266,27.069795],[142.232318,27.069818],[142.232342,27.069658],[142.232266,27.069795]]],[[[142.233082,27.070003],[142.233116,27.069984],[142.233094,27.069977],[142.233082,27.070003]]],[[[142.232189,27.070164],[142.232231,27.07015],[142.232218,27.070136],[142.232189,27.070164]]],[[[142.232488,27.070282],[142.232576,27.070052],[142.23245,27.070298],[142.232488,27.070282]]],[[[142.231485,27.070237],[142.231534,27.070125],[142.231429,27.070158],[142.231485,27.070237]]],[[[142.232414,27.070185],[142.232492,27.070136],[142.232486,27.070134],[142.232414,27.070185]]],[[[142.232208,27.070234],[142.232137,27.070143],[142.232037,27.070328],[142.232208,27.070234]]],[[[142.231517,27.070309],[142.231476,27.070271],[142.231479,27.070321],[142.231517,27.070309]]],[[[142.23229,27.070371],[142.232246,27.070362],[142.232271,27.070389],[142.23229,27.070371]]],[[[142.231779,27.07034],[142.231739,27.070369],[142.231778,27.070372],[142.231779,27.07034]]],[[[142.231546,27.070387],[142.231568,27.070354],[142.231533,27.070364],[142.231546,27.070387]]],[[[142.231463,27.070542],[142.231523,27.070436],[142.231503,27.070419],[142.231463,27.070542]]],[[[142.23225,27.07048],[142.232304,27.070486],[142.232296,27.070462],[142.23225,27.07048]]],[[[142.231506,27.070577],[142.231576,27.07057],[142.231556,27.070519],[142.231506,27.070577]]],[[[142.231776,27.070737],[142.23173,27.070738],[142.23176,27.070763],[142.231776,27.070737]]],[[[142.231861,27.070864],[142.231977,27.070933],[142.231962,27.07084],[142.231861,27.070864]]],[[[142.231803,27.071227],[142.231835,27.071239],[142.231839,27.071216],[142.231803,27.071227]]],[[[142.231712,27.07146],[142.231819,27.071461],[142.231823,27.071402],[142.231712,27.07146]]],[[[142.234765,27.071456],[142.234711,27.071496],[142.23477,27.071503],[142.234765,27.071456]]],[[[142.234724,27.071568],[142.234749,27.071586],[142.23474,27.07155],[142.234724,27.071568]]],[[[142.232357,27.071727],[142.232272,27.071664],[142.232314,27.071748],[142.232357,27.071727]]],[[[142.234482,27.071681],[142.234519,27.071684],[142.234514,27.071671],[142.234482,27.071681]]],[[[142.232253,27.071826],[142.232318,27.071799],[142.232232,27.071787],[142.232253,27.071826]]],[[[142.23273,27.071811],[142.232726,27.071883],[142.232749,27.07181],[142.23273,27.071811]]],[[[142.23476,27.071893],[142.234597,27.071902],[142.234748,27.071928],[142.23476,27.071893]]],[[[142.234114,27.072163],[142.234072,27.072101],[142.234054,27.072131],[142.234114,27.072163]]],[[[142.2338,27.072156],[142.234013,27.072149],[142.234007,27.072089],[142.2338,27.072156]]],[[[142.234108,27.072285],[142.23399,27.072293],[142.234035,27.07238],[142.234108,27.072285]]],[[[142.232417,27.072347],[142.232374,27.07236],[142.232375,27.072371],[142.232417,27.072347]]],[[[142.232619,27.072381],[142.232586,27.072419],[142.232635,27.072435],[142.232619,27.072381]]],[[[142.233732,27.072425],[142.233782,27.072449],[142.23376,27.072412],[142.233732,27.072425]]],[[[142.232759,27.072441],[142.232717,27.072466],[142.232741,27.072477],[142.232759,27.072441]]],[[[142.233944,27.072422],[142.233957,27.072488],[142.233981,27.072434],[142.233944,27.072422]]],[[[142.232421,27.072466],[142.232389,27.072478],[142.232411,27.072496],[142.232421,27.072466]]],[[[142.232978,27.072574],[142.232909,27.072477],[142.232917,27.072581],[142.232978,27.072574]]],[[[142.232569,27.072522],[142.232573,27.072538],[142.232588,27.072523],[142.232569,27.072522]]],[[[142.232699,27.072547],[142.23266,27.072554],[142.232673,27.072574],[142.232699,27.072547]]],[[[142.232599,27.072538],[142.232604,27.072577],[142.232638,27.072561],[142.232599,27.072538]]],[[[142.232638,27.072646],[142.232611,27.072665],[142.232646,27.07266],[142.232638,27.072646]]],[[[142.233706,27.072774],[142.233744,27.0729],[142.233845,27.072676],[142.233706,27.072774]]],[[[142.233009,27.073043],[142.2329,27.072937],[142.232833,27.073033],[142.233009,27.073043]]],[[[142.232557,27.073936],[142.232595,27.073934],[142.232581,27.073917],[142.232557,27.073936]]],[[[142.233371,27.07403],[142.233436,27.074132],[142.233457,27.074035],[142.233371,27.07403]]],[[[142.232636,27.074169],[142.232662,27.074233],[142.232663,27.074171],[142.232636,27.074169]]],[[[142.233623,27.074292],[142.233675,27.074405],[142.233653,27.074288],[142.233623,27.074292]]],[[[142.233805,27.074344],[142.233857,27.074379],[142.23387,27.074342],[142.233805,27.074344]]],[[[142.233396,27.074395],[142.233407,27.07435],[142.233375,27.074394],[142.233396,27.074395]]],[[[142.23309,27.074497],[142.233238,27.074464],[142.233149,27.074362],[142.23309,27.074497]]],[[[142.234329,27.074472],[142.234457,27.074618],[142.234492,27.074542],[142.234329,27.074472]]],[[[142.232893,27.074769],[142.232833,27.074704],[142.232809,27.074752],[142.232893,27.074769]]],[[[142.232942,27.074786],[142.233011,27.074876],[142.232977,27.074771],[142.232942,27.074786]]],[[[142.233633,27.074882],[142.233548,27.074897],[142.233588,27.074935],[142.233633,27.074882]]],[[[142.233894,27.074949],[142.233871,27.074911],[142.233866,27.074956],[142.233894,27.074949]]],[[[142.233832,27.07497],[142.233779,27.074966],[142.233821,27.074981],[142.233832,27.07497]]],[[[142.233463,27.075229],[142.23339,27.075171],[142.233418,27.075261],[142.233463,27.075229]]],[[[142.234483,27.075368],[142.23461,27.075299],[142.234537,27.075263],[142.234483,27.075368]]],[[[142.233454,27.075367],[142.233488,27.075345],[142.233463,27.075331],[142.233454,27.075367]]],[[[142.233234,27.075349],[142.23326,27.075366],[142.233257,27.07534],[142.233234,27.075349]]],[[[142.233816,27.075459],[142.233924,27.075335],[142.233864,27.075277],[142.233816,27.075459]]],[[[142.233795,27.075509],[142.233719,27.075499],[142.233743,27.075563],[142.233795,27.075509]]],[[[142.233849,27.075574],[142.233819,27.075564],[142.233822,27.075579],[142.233849,27.075574]]],[[[142.233537,27.07562],[142.233641,27.075626],[142.233646,27.075614],[142.233537,27.07562]]],[[[142.233359,27.075617],[142.233284,27.075722],[142.233418,27.075619],[142.233359,27.075617]]],[[[142.23422,27.075673],[142.234219,27.075729],[142.234248,27.075675],[142.23422,27.075673]]],[[[142.233448,27.075711],[142.233493,27.075721],[142.233501,27.075705],[142.233448,27.075711]]],[[[142.233888,27.075694],[142.233859,27.075747],[142.233913,27.075724],[142.233888,27.075694]]],[[[142.233731,27.075795],[142.23377,27.075828],[142.23383,27.075748],[142.233731,27.075795]]],[[[142.234103,27.075777],[142.234056,27.075848],[142.234146,27.07578],[142.234103,27.075777]]],[[[142.232977,27.075834],[142.23301,27.075911],[142.232986,27.075823],[142.232977,27.075834]]],[[[142.234526,27.07593],[142.234577,27.075932],[142.234542,27.075907],[142.234526,27.07593]]],[[[142.232792,27.076158],[142.232738,27.076116],[142.232737,27.076151],[142.232792,27.076158]]],[[[142.233087,27.076252],[142.233033,27.076217],[142.233047,27.076272],[142.233087,27.076252]]],[[[142.233198,27.076357],[142.233161,27.076274],[142.233158,27.076362],[142.233198,27.076357]]],[[[142.233426,27.076428],[142.233438,27.076303],[142.233378,27.07642],[142.233426,27.076428]]],[[[142.233126,27.076468],[142.233129,27.076414],[142.233102,27.076451],[142.233126,27.076468]]],[[[142.234455,27.076669],[142.234418,27.076631],[142.234418,27.076681],[142.234455,27.076669]]],[[[142.234545,27.076696],[142.234511,27.076659],[142.234494,27.076716],[142.234545,27.076696]]],[[[142.233212,27.076776],[142.233168,27.076735],[142.233159,27.076771],[142.233212,27.076776]]],[[[142.232798,27.07679],[142.232807,27.076771],[142.232792,27.076781],[142.232798,27.07679]]],[[[142.23334,27.076767],[142.233447,27.076812],[142.233412,27.076726],[142.23334,27.076767]]],[[[142.232929,27.07681],[142.232891,27.076846],[142.232935,27.076815],[142.232929,27.07681]]],[[[142.234861,27.076922],[142.234823,27.076907],[142.234835,27.076944],[142.234861,27.076922]]],[[[142.233326,27.076964],[142.233265,27.076977],[142.233314,27.076999],[142.233326,27.076964]]],[[[142.234405,27.07689],[142.234221,27.077051],[142.234264,27.077109],[142.234405,27.07689]]],[[[142.23315,27.077123],[142.233178,27.077022],[142.233102,27.077095],[142.23315,27.077123]]],[[[142.232966,27.077169],[142.232948,27.077139],[142.232945,27.07717],[142.232966,27.077169]]],[[[142.233159,27.077205],[142.233159,27.077172],[142.233143,27.077178],[142.233159,27.077205]]],[[[142.234734,27.077238],[142.235042,27.077289],[142.234741,27.077173],[142.234734,27.077238]]],[[[142.23291,27.077351],[142.232903,27.077333],[142.232894,27.077346],[142.23291,27.077351]]],[[[142.233605,27.077378],[142.233723,27.077322],[142.233717,27.077292],[142.233605,27.077378]]],[[[142.234846,27.077447],[142.234899,27.077412],[142.234878,27.077401],[142.234846,27.077447]]],[[[142.233336,27.077238],[142.23291,27.077516],[142.23288,27.077668],[142.233336,27.077238]]],[[[142.233977,27.077663],[142.234388,27.077369],[142.23434,27.077271],[142.233977,27.077663]]],[[[142.233487,27.077488],[142.233535,27.077459],[142.233525,27.077447],[142.233487,27.077488]]],[[[142.232725,27.077603],[142.232754,27.077601],[142.232744,27.077593],[142.232725,27.077603]]],[[[142.234371,27.077643],[142.234402,27.077657],[142.234414,27.077637],[142.234371,27.077643]]],[[[142.232708,27.07769],[142.232721,27.077707],[142.232744,27.077651],[142.232708,27.07769]]],[[[142.23405,27.077776],[142.233865,27.077743],[142.233827,27.077845],[142.23405,27.077776]]],[[[142.233358,27.077712],[142.23329,27.077886],[142.233389,27.077712],[142.233358,27.077712]]],[[[142.233792,27.077912],[142.233765,27.077876],[142.233759,27.077901],[142.233792,27.077912]]],[[[142.232755,27.077936],[142.232767,27.077915],[142.232753,27.07792],[142.232755,27.077936]]],[[[142.233679,27.078066],[142.233789,27.078105],[142.233765,27.078018],[142.233679,27.078066]]],[[[142.232451,27.0782],[142.232502,27.078094],[142.232392,27.078218],[142.232451,27.0782]]],[[[142.232475,27.078203],[142.232517,27.078203],[142.232507,27.078183],[142.232475,27.078203]]],[[[142.233712,27.078226],[142.233733,27.078207],[142.233704,27.07821],[142.233712,27.078226]]],[[[142.233498,27.078334],[142.233472,27.078298],[142.233465,27.078323],[142.233498,27.078334]]],[[[142.233612,27.078399],[142.233636,27.078354],[142.233593,27.07839],[142.233612,27.078399]]],[[[142.233555,27.078449],[142.233532,27.078494],[142.233572,27.0785],[142.233555,27.078449]]],[[[142.231943,27.078561],[142.231971,27.078495],[142.231917,27.078558],[142.231943,27.078561]]],[[[142.231928,27.078709],[142.23194,27.078674],[142.231911,27.078692],[142.231928,27.078709]]],[[[142.231603,27.078795],[142.231623,27.078773],[142.231603,27.078774],[142.231603,27.078795]]],[[[142.232209,27.078966],[142.232141,27.078923],[142.232153,27.07898],[142.232209,27.078966]]],[[[142.231867,27.078917],[142.23182,27.079035],[142.231955,27.078909],[142.231867,27.078917]]],[[[142.231841,27.079061],[142.231871,27.079071],[142.23187,27.079051],[142.231841,27.079061]]],[[[142.233509,27.080737],[142.233466,27.08076],[142.233429,27.080876],[142.233509,27.080737]]],[[[142.233454,27.080934],[142.233521,27.08088],[142.233518,27.080871],[142.233454,27.080934]]],[[[142.233733,27.081004],[142.233717,27.080901],[142.233655,27.080943],[142.233733,27.081004]]],[[[142.231911,27.080958],[142.231861,27.081001],[142.231911,27.081011],[142.231911,27.080958]]],[[[142.232048,27.081046],[142.232052,27.081006],[142.232026,27.081036],[142.232048,27.081046]]],[[[142.232001,27.081109],[142.232041,27.081064],[142.232026,27.081057],[142.232001,27.081109]]],[[[142.233358,27.081113],[142.233396,27.081114],[142.233383,27.081096],[142.233358,27.081113]]],[[[142.231865,27.081133],[142.231893,27.08111],[142.231869,27.081105],[142.231865,27.081133]]],[[[142.231711,27.081237],[142.231824,27.081104],[142.231803,27.081067],[142.231711,27.081237]]],[[[142.233439,27.081206],[142.233488,27.081193],[142.233461,27.081182],[142.233439,27.081206]]],[[[142.231588,27.081243],[142.231522,27.081231],[142.231566,27.081266],[142.231588,27.081243]]],[[[142.233397,27.081257],[142.233432,27.08123],[142.233399,27.081221],[142.233397,27.081257]]],[[[142.231529,27.081346],[142.231517,27.081303],[142.231504,27.081339],[142.231529,27.081346]]],[[[142.232202,27.081289],[142.232233,27.081376],[142.23225,27.081276],[142.232202,27.081289]]],[[[142.231712,27.081352],[142.231751,27.081315],[142.231708,27.08132],[142.231712,27.081352]]],[[[142.23223,27.081436],[142.232188,27.081409],[142.232143,27.081437],[142.23223,27.081436]]],[[[142.233678,27.081501],[142.233638,27.081496],[142.233663,27.081516],[142.233678,27.081501]]],[[[142.23482,27.097232],[142.234736,27.097181],[142.234792,27.097256],[142.23482,27.097232]]],[[[142.234906,27.097229],[142.234877,27.09729],[142.234938,27.0973],[142.234906,27.097229]]],[[[142.234832,27.097357],[142.234772,27.097411],[142.234834,27.097402],[142.234832,27.097357]]],[[[142.234938,27.097472],[142.234872,27.097418],[142.234891,27.097481],[142.234938,27.097472]]],[[[142.234797,27.097595],[142.234731,27.097579],[142.234769,27.097626],[142.234797,27.097595]]],[[[142.233573,27.097718],[142.233509,27.097717],[142.233552,27.097764],[142.233573,27.097718]]],[[[142.233421,27.097829],[142.233352,27.097801],[142.233366,27.097858],[142.233421,27.097829]]],[[[142.234347,27.09797],[142.234275,27.097967],[142.234332,27.098006],[142.234347,27.09797]]],[[[142.23423,27.098002],[142.234164,27.098029],[142.234192,27.098053],[142.23423,27.098002]]],[[[142.233354,27.098248],[142.23351,27.0981],[142.233303,27.09817],[142.233354,27.098248]]],[[[142.232804,27.09918],[142.232717,27.099233],[142.232776,27.09925],[142.232804,27.09918]]],[[[142.233165,27.099277],[142.233171,27.099145],[142.233125,27.099144],[142.233165,27.099277]]],[[[142.232961,27.099547],[142.233004,27.099411],[142.232881,27.099524],[142.232961,27.099547]]],[[[142.232607,27.108971],[142.232507,27.10892],[142.232548,27.108987],[142.232607,27.108971]]],[[[142.232787,27.108985],[142.232755,27.108905],[142.232682,27.10894],[142.232787,27.108985]]],[[[142.234003,27.109057],[142.233902,27.109017],[142.233995,27.109082],[142.234003,27.109057]]],[[[142.234151,27.109631],[142.234084,27.109569],[142.234117,27.109652],[142.234151,27.109631]]],[[[142.231457,27.114355],[142.231528,27.114283],[142.231439,27.114294],[142.231457,27.114355]]],[[[142.232793,27.114412],[142.232706,27.114312],[142.232715,27.11442],[142.232793,27.114412]]],[[[142.232619,27.114378],[142.232574,27.114435],[142.23263,27.114432],[142.232619,27.114378]]],[[[142.231776,27.114443],[142.231904,27.114448],[142.231714,27.114311],[142.231776,27.114443]]],[[[142.231996,27.114482],[142.231948,27.114536],[142.231989,27.114534],[142.231996,27.114482]]],[[[142.232132,27.114587],[142.23208,27.114506],[142.232106,27.114589],[142.232132,27.114587]]],[[[142.232828,27.114577],[142.23276,27.11461],[142.232814,27.114618],[142.232828,27.114577]]],[[[153.973314,24.28912],[153.973332,24.289091],[153.973317,24.289086],[153.973314,24.28912]]],[[[153.984427,24.297446],[153.984943,24.296782],[153.984962,24.290243],[153.986673,24.28321],[153.98605,24.281526],[153.983285,24.280935],[153.978686,24.282692],[153.977913,24.280815],[153.978582,24.282974],[153.971206,24.28449],[153.972444,24.286566],[153.981168,24.294322],[153.982396,24.296549],[153.984427,24.297446]]],[[[153.975418,24.291131],[153.975367,24.291091],[153.97536,24.291119],[153.975418,24.291131]]],[[[153.976858,24.292069],[153.976876,24.292108],[153.976871,24.292064],[153.976858,24.292069]]],[[[153.976769,24.292252],[153.976732,24.292232],[153.976708,24.292249],[153.976769,24.292252]]],[[[153.977746,24.292887],[153.977724,24.292906],[153.977754,24.292903],[153.977746,24.292887]]],[[[153.978831,24.294564],[153.978806,24.29453],[153.978799,24.294558],[153.978831,24.294564]]],[[[153.978386,24.294618],[153.97836,24.294584],[153.978364,24.294612],[153.978386,24.294618]]],[[[153.97964,24.295206],[153.979632,24.295236],[153.97965,24.295234],[153.97964,24.295206]]],[[[153.979157,24.295732],[153.979146,24.295762],[153.979157,24.295757],[153.979157,24.295732]]],[[[153.98057,24.297007],[153.980523,24.297003],[153.980549,24.29702],[153.98057,24.297007]]],[[[142.240918,26.565651],[142.240868,26.565545],[142.240819,26.565628],[142.240918,26.565651]]],[[[142.235308,26.566924],[142.235228,26.566947],[142.235305,26.566972],[142.235308,26.566924]]],[[[142.237089,26.567142],[142.237084,26.567039],[142.237027,26.567056],[142.237089,26.567142]]],[[[142.236416,26.567224],[142.236361,26.567151],[142.236332,26.567198],[142.236416,26.567224]]],[[[142.236633,26.567349],[142.236611,26.567257],[142.236561,26.567322],[142.236633,26.567349]]],[[[142.23641,26.567397],[142.236314,26.567377],[142.236379,26.567447],[142.23641,26.567397]]],[[[142.242142,26.567199],[142.242083,26.567627],[142.242371,26.567252],[142.242142,26.567199]]],[[[142.239237,26.567742],[142.239171,26.567611],[142.2392,26.567742],[142.239237,26.567742]]],[[[142.240331,26.567878],[142.240598,26.567808],[142.24035,26.567602],[142.240331,26.567878]]],[[[142.238155,26.57051],[142.238099,26.57043],[142.238083,26.570476],[142.238155,26.57051]]],[[[142.237546,26.570843],[142.237456,26.570772],[142.237448,26.570819],[142.237546,26.570843]]],[[[142.235969,26.571564],[142.235906,26.571479],[142.23588,26.57155],[142.235969,26.571564]]],[[[142.239793,27.045472],[142.239911,27.045369],[142.239862,27.045302],[142.239793,27.045472]]],[[[142.239957,27.045362],[142.240024,27.045441],[142.239976,27.045355],[142.239957,27.045362]]],[[[142.240529,27.045431],[142.240438,27.045472],[142.240534,27.04551],[142.240529,27.045431]]],[[[142.23964,27.0455],[142.239289,27.045657],[142.239582,27.045748],[142.23964,27.0455]]],[[[142.241141,27.045617],[142.241094,27.045495],[142.241054,27.045586],[142.241141,27.045617]]],[[[142.240312,27.045486],[142.240339,27.045631],[142.240383,27.045536],[142.240312,27.045486]]],[[[142.241695,27.046051],[142.241742,27.045985],[142.241671,27.046012],[142.241695,27.046051]]],[[[142.239088,27.047754],[142.24132,27.046809],[142.241587,27.045647],[142.239374,27.045786],[142.239674,27.046624],[142.238681,27.047414],[142.238973,27.047967],[142.239015,27.047942],[142.239018,27.047869],[142.239024,27.047853],[142.239088,27.047754]]],[[[142.241968,27.046914],[142.241921,27.046937],[142.241966,27.046936],[142.241968,27.046914]]],[[[142.242097,27.046907],[142.242111,27.046952],[142.242143,27.046929],[142.242097,27.046907]]],[[[142.241072,27.047025],[142.24112,27.047091],[142.241086,27.047027],[142.241072,27.047025]]],[[[142.240988,27.047163],[142.240834,27.047053],[142.24084,27.047166],[142.240988,27.047163]]],[[[142.240763,27.047162],[142.240818,27.047099],[142.240762,27.047069],[142.240763,27.047162]]],[[[142.241169,27.047098],[142.241154,27.047166],[142.241184,27.047154],[142.241169,27.047098]]],[[[142.240541,27.047231],[142.240497,27.047204],[142.240531,27.047242],[142.240541,27.047231]]],[[[142.241059,27.04726],[142.241033,27.047229],[142.240972,27.047263],[142.241059,27.04726]]],[[[142.240623,27.047267],[142.24057,27.047249],[142.240566,27.047276],[142.240623,27.047267]]],[[[142.240933,27.047324],[142.240881,27.047287],[142.240895,27.047333],[142.240933,27.047324]]],[[[142.240596,27.047343],[142.240576,27.047294],[142.240545,27.047344],[142.240596,27.047343]]],[[[142.240525,27.047372],[142.240533,27.047338],[142.240495,27.04734],[142.240525,27.047372]]],[[[142.240997,27.047386],[142.240949,27.047366],[142.240977,27.04741],[142.240997,27.047386]]],[[[142.240555,27.047505],[142.24058,27.047365],[142.240416,27.047466],[142.240555,27.047505]]],[[[142.240876,27.047526],[142.240823,27.047472],[142.240831,27.047526],[142.240876,27.047526]]],[[[142.240598,27.047557],[142.24058,27.047501],[142.240546,27.047528],[142.240598,27.047557]]],[[[142.238338,27.047479],[142.238452,27.047435],[142.238375,27.047392],[142.238338,27.047479]]],[[[142.240823,27.047583],[142.240788,27.047559],[142.240803,27.047593],[142.240823,27.047583]]],[[[142.24179,27.047348],[142.241097,27.047431],[142.240733,27.047999],[142.24179,27.047348]]],[[[142.241268,27.047844],[142.241205,27.047815],[142.241246,27.047854],[142.241268,27.047844]]],[[[142.239021,27.047879],[142.239121,27.047827],[142.239107,27.047772],[142.239021,27.047879]]],[[[142.238582,27.047923],[142.238623,27.047812],[142.238546,27.047897],[142.238582,27.047923]]],[[[142.238404,27.047953],[142.238409,27.047827],[142.238334,27.047911],[142.238404,27.047953]]],[[[142.24119,27.047924],[142.24114,27.047915],[142.241163,27.04795],[142.24119,27.047924]]],[[[142.23859,27.047929],[142.238618,27.047977],[142.238618,27.04794],[142.23859,27.047929]]],[[[142.23835,27.048083],[142.238308,27.048119],[142.238343,27.048123],[142.23835,27.048083]]],[[[142.238777,27.048111],[142.238714,27.048092],[142.238713,27.048122],[142.238777,27.048111]]],[[[142.238482,27.048102],[142.238472,27.048334],[142.2386,27.048274],[142.238482,27.048102]]],[[[142.238144,27.048379],[142.238077,27.048356],[142.238103,27.048397],[142.238144,27.048379]]],[[[142.238239,27.048425],[142.238173,27.048461],[142.238223,27.048471],[142.238239,27.048425]]],[[[142.238143,27.048524],[142.238069,27.048509],[142.238093,27.048554],[142.238143,27.048524]]],[[[142.237324,27.048796],[142.237225,27.048758],[142.237231,27.048821],[142.237324,27.048796]]],[[[142.237509,27.048885],[142.237512,27.04885],[142.237495,27.048856],[142.237509,27.048885]]],[[[142.237261,27.049048],[142.237242,27.048982],[142.237227,27.049026],[142.237261,27.049048]]],[[[142.237229,27.049169],[142.237174,27.049133],[142.237167,27.049163],[142.237229,27.049169]]],[[[142.235676,27.049461],[142.235828,27.049453],[142.235674,27.049418],[142.235676,27.049461]]],[[[142.236121,27.049499],[142.236163,27.049476],[142.236123,27.049467],[142.236121,27.049499]]],[[[142.235108,27.049436],[142.235137,27.049539],[142.235137,27.04944],[142.235108,27.049436]]],[[[142.237213,27.049486],[142.237183,27.049551],[142.237236,27.049547],[142.237213,27.049486]]],[[[142.235844,27.049524],[142.235917,27.049529],[142.235847,27.049504],[142.235844,27.049524]]],[[[142.235987,27.049547],[142.235948,27.049525],[142.235949,27.049544],[142.235987,27.049547]]],[[[142.236251,27.049547],[142.236295,27.049573],[142.236296,27.049545],[142.236251,27.049547]]],[[[142.237145,27.049561],[142.237201,27.049618],[142.237231,27.049592],[142.237145,27.049561]]],[[[142.236983,27.049648],[142.236984,27.049704],[142.237032,27.049644],[142.236983,27.049648]]],[[[142.236886,27.050003],[142.236807,27.050021],[142.236867,27.050041],[142.236886,27.050003]]],[[[142.236781,27.050124],[142.236807,27.050042],[142.236748,27.050046],[142.236781,27.050124]]],[[[142.236673,27.05008],[142.236757,27.050175],[142.236716,27.050059],[142.236673,27.05008]]],[[[142.236835,27.050149],[142.236768,27.050183],[142.236784,27.050203],[142.236835,27.050149]]],[[[142.236665,27.050252],[142.236645,27.050135],[142.236605,27.050252],[142.236665,27.050252]]],[[[142.236533,27.050295],[142.236589,27.050303],[142.236585,27.050286],[142.236533,27.050295]]],[[[142.237243,27.050828],[142.237198,27.050773],[142.237187,27.050826],[142.237243,27.050828]]],[[[142.236309,27.050844],[142.236335,27.05083],[142.23632,27.050823],[142.236309,27.050844]]],[[[142.236226,27.050866],[142.236272,27.050849],[142.236254,27.050836],[142.236226,27.050866]]],[[[142.236293,27.050882],[142.236333,27.050906],[142.236304,27.050864],[142.236293,27.050882]]],[[[142.237304,27.051029],[142.237251,27.050908],[142.237291,27.051035],[142.237304,27.051029]]],[[[142.236978,27.051092],[142.237102,27.051],[142.237004,27.05099],[142.236978,27.051092]]],[[[142.23749,27.051206],[142.237441,27.051148],[142.237459,27.051212],[142.23749,27.051206]]],[[[142.237288,27.051252],[142.23723,27.051221],[142.237231,27.051257],[142.237288,27.051252]]],[[[142.237166,27.05124],[142.237126,27.051243],[142.237148,27.051266],[142.237166,27.05124]]],[[[142.23708,27.05127],[142.237048,27.051298],[142.237077,27.051308],[142.23708,27.05127]]],[[[142.238057,27.051961],[142.237986,27.051937],[142.237996,27.051985],[142.238057,27.051961]]],[[[142.237491,27.05195],[142.237529,27.05193],[142.237498,27.051929],[142.237491,27.05195]]],[[[142.238003,27.05204],[142.237907,27.052091],[142.238021,27.052047],[142.238003,27.05204]]],[[[142.237936,27.052167],[142.237939,27.052119],[142.237901,27.052169],[142.237936,27.052167]]],[[[142.23721,27.053769],[142.237196,27.053737],[142.237185,27.053756],[142.23721,27.053769]]],[[[142.23727,27.053982],[142.237241,27.053949],[142.237251,27.053997],[142.23727,27.053982]]],[[[142.236292,27.055006],[142.236376,27.054883],[142.236271,27.055004],[142.236292,27.055006]]],[[[142.236215,27.054993],[142.236191,27.055029],[142.236236,27.055019],[142.236215,27.054993]]],[[[142.235371,27.055543],[142.235295,27.05553],[142.235196,27.055615],[142.235371,27.055543]]],[[[142.235437,27.055503],[142.235356,27.05562],[142.235388,27.055654],[142.235437,27.055503]]],[[[142.235086,27.055913],[142.235244,27.055861],[142.235246,27.055799],[142.235086,27.055913]]],[[[142.23617,27.069126],[142.235039,27.068983],[142.235858,27.069325],[142.23617,27.069126]]],[[[142.234976,27.076762],[142.234952,27.076712],[142.234925,27.076748],[142.234976,27.076762]]],[[[142.235616,27.082171],[142.235676,27.082182],[142.235636,27.082138],[142.235616,27.082171]]],[[[142.235515,27.082265],[142.235499,27.082155],[142.23546,27.082229],[142.235515,27.082265]]],[[[142.237263,27.082601],[142.237223,27.082596],[142.237247,27.082616],[142.237263,27.082601]]],[[[142.235109,27.083046],[142.23508,27.082991],[142.23505,27.083032],[142.235109,27.083046]]],[[[142.236519,27.083029],[142.236546,27.083094],[142.236596,27.083019],[142.236519,27.083029]]],[[[142.23639,27.083232],[142.236414,27.083254],[142.236443,27.083216],[142.23639,27.083232]]],[[[142.236689,27.08329],[142.236747,27.08333],[142.236743,27.083236],[142.236689,27.08329]]],[[[142.236297,27.083459],[142.236225,27.083478],[142.236299,27.083484],[142.236297,27.083459]]],[[[142.236276,27.083535],[142.236243,27.083567],[142.236283,27.083559],[142.236276,27.083535]]],[[[142.236588,27.083605],[142.236626,27.083681],[142.236624,27.083587],[142.236588,27.083605]]],[[[142.235906,27.083724],[142.235888,27.083656],[142.235877,27.083724],[142.235906,27.083724]]],[[[142.235905,27.083741],[142.235934,27.083754],[142.235944,27.083727],[142.235905,27.083741]]],[[[142.236141,27.083802],[142.23614,27.083775],[142.236126,27.083797],[142.236141,27.083802]]],[[[142.235677,27.084025],[142.235598,27.084059],[142.235626,27.08408],[142.235677,27.084025]]],[[[142.236025,27.084059],[142.236049,27.084105],[142.236072,27.084062],[142.236025,27.084059]]],[[[142.235932,27.084286],[142.235966,27.084326],[142.235971,27.084258],[142.235932,27.084286]]],[[[142.235912,27.084393],[142.235926,27.084504],[142.235983,27.084379],[142.235912,27.084393]]],[[[142.23623,27.084689],[142.23616,27.084696],[142.236204,27.08472],[142.23623,27.084689]]],[[[142.235464,27.084924],[142.235477,27.084867],[142.235428,27.08489],[142.235464,27.084924]]],[[[142.235766,27.084887],[142.235798,27.084907],[142.23581,27.084883],[142.235766,27.084887]]],[[[142.235165,27.085895],[142.235281,27.085897],[142.235291,27.085843],[142.235165,27.085895]]],[[[142.235502,27.085908],[142.235434,27.085893],[142.235482,27.085939],[142.235502,27.085908]]],[[[142.238243,27.08692],[142.238237,27.086802],[142.238164,27.086891],[142.238243,27.08692]]],[[[142.238124,27.087084],[142.238078,27.086979],[142.238047,27.087078],[142.238124,27.087084]]],[[[142.237873,27.087162],[142.237834,27.087107],[142.237811,27.087123],[142.237873,27.087162]]],[[[142.236967,27.087936],[142.236885,27.087856],[142.236892,27.087962],[142.236967,27.087936]]],[[[142.236646,27.088032],[142.236553,27.088013],[142.236556,27.088053],[142.236646,27.088032]]],[[[142.236196,27.088656],[142.236152,27.088704],[142.236194,27.088709],[142.236196,27.088656]]],[[[142.236478,27.088786],[142.236376,27.08878],[142.23645,27.088823],[142.236478,27.088786]]],[[[142.252308,27.089568],[142.252378,27.089548],[142.25233,27.089512],[142.252308,27.089568]]],[[[142.252179,27.089538],[142.252183,27.089579],[142.252196,27.089549],[142.252179,27.089538]]],[[[142.252232,27.08964],[142.252274,27.089625],[142.252228,27.089611],[142.252232,27.08964]]],[[[142.252491,27.089766],[142.252488,27.089653],[142.25247,27.089647],[142.252491,27.089766]]],[[[142.252223,27.089786],[142.252056,27.08974],[142.252148,27.089878],[142.252223,27.089786]]],[[[142.25234,27.089817],[142.252317,27.089767],[142.25232,27.089807],[142.25234,27.089817]]],[[[142.246017,27.090209],[142.245958,27.090228],[142.246002,27.090242],[142.246017,27.090209]]],[[[142.24615,27.090279],[142.246083,27.090217],[142.246114,27.09029],[142.24615,27.090279]]],[[[142.246547,27.090284],[142.246521,27.090216],[142.246502,27.090276],[142.246547,27.090284]]],[[[142.245406,27.090609],[142.245363,27.090577],[142.245367,27.090623],[142.245406,27.090609]]],[[[142.247889,27.090817],[142.247873,27.090769],[142.24785,27.090791],[142.247889,27.090817]]],[[[142.248089,27.090846],[142.248044,27.090777],[142.248034,27.090808],[142.248089,27.090846]]],[[[142.248352,27.090815],[142.248515,27.090902],[142.248525,27.090857],[142.248352,27.090815]]],[[[142.247374,27.090853],[142.247423,27.090918],[142.247456,27.090871],[142.247374,27.090853]]],[[[142.247068,27.090935],[142.247029,27.090891],[142.247017,27.090906],[142.247068,27.090935]]],[[[142.247133,27.09097],[142.247195,27.090967],[142.247174,27.090939],[142.247133,27.09097]]],[[[142.247303,27.091027],[142.247289,27.090972],[142.247274,27.091014],[142.247303,27.091027]]],[[[142.245311,27.091038],[142.245264,27.091018],[142.245274,27.091057],[142.245311,27.091038]]],[[[142.248662,27.091239],[142.248679,27.091176],[142.248624,27.091207],[142.248662,27.091239]]],[[[142.248922,27.091289],[142.248957,27.091344],[142.249011,27.091289],[142.248922,27.091289]]],[[[142.244801,27.09141],[142.244759,27.091344],[142.244757,27.091409],[142.244801,27.09141]]],[[[142.249435,27.091588],[142.249114,27.091365],[142.249155,27.091709],[142.249435,27.091588]]],[[[142.249544,27.091563],[142.249496,27.091606],[142.249532,27.091612],[142.249544,27.091563]]],[[[142.249639,27.091632],[142.249611,27.091663],[142.249641,27.091669],[142.249639,27.091632]]],[[[142.244874,27.09168],[142.244832,27.091707],[142.244881,27.091715],[142.244874,27.09168]]],[[[142.244922,27.091787],[142.244879,27.091817],[142.244897,27.091836],[142.244922,27.091787]]],[[[142.249374,27.091758],[142.249331,27.091851],[142.249385,27.091853],[142.249374,27.091758]]],[[[142.244849,27.091877],[142.244793,27.091864],[142.244805,27.091904],[142.244849,27.091877]]],[[[142.244169,27.091928],[142.244373,27.091922],[142.244314,27.091787],[142.244169,27.091928]]],[[[142.247897,27.092232],[142.247934,27.092188],[142.247914,27.092192],[142.247897,27.092232]]],[[[142.243406,27.092319],[142.243346,27.092329],[142.243358,27.092366],[142.243406,27.092319]]],[[[142.243484,27.092485],[142.24342,27.09245],[142.243405,27.092506],[142.243484,27.092485]]],[[[142.243033,27.0925],[142.242965,27.092494],[142.24301,27.092542],[142.243033,27.0925]]],[[[142.243312,27.092492],[142.243249,27.092488],[142.243277,27.092533],[142.243312,27.092492]]],[[[142.239239,27.092485],[142.238833,27.092796],[142.238837,27.092963],[142.239239,27.092485]]],[[[142.240785,27.095783],[142.243984,27.095076],[142.244889,27.09552],[142.247463,27.09497],[142.246486,27.09441],[142.248153,27.093698],[142.247951,27.093167],[142.248616,27.092953],[142.247753,27.092138],[142.248865,27.091385],[142.247011,27.090976],[142.246952,27.090379],[142.245739,27.090312],[142.244745,27.092119],[142.241143,27.094622],[142.240785,27.095783]]],[[[142.242529,27.09312],[142.242457,27.093143],[142.242516,27.093168],[142.242529,27.09312]]],[[[142.248292,27.093176],[142.248354,27.093157],[142.248324,27.093135],[142.248292,27.093176]]],[[[142.238469,27.093377],[142.238389,27.093384],[142.238456,27.093409],[142.238469,27.093377]]],[[[142.248101,27.093396],[142.248063,27.093352],[142.248052,27.093399],[142.248101,27.093396]]],[[[142.242166,27.093456],[142.242105,27.093485],[142.242149,27.093503],[142.242166,27.093456]]],[[[142.238329,27.093573],[142.238367,27.093449],[142.238258,27.093454],[142.238329,27.093573]]],[[[142.248241,27.093564],[142.248281,27.093632],[142.248262,27.093557],[142.248241,27.093564]]],[[[142.241739,27.093876],[142.241859,27.093913],[142.241833,27.093829],[142.241739,27.093876]]],[[[142.241078,27.094044],[142.241081,27.093949],[142.241058,27.093946],[142.241078,27.094044]]],[[[142.240866,27.094083],[142.240956,27.093972],[142.240874,27.093942],[142.240866,27.094083]]],[[[142.241824,27.09408],[142.241782,27.094062],[142.241794,27.094101],[142.241824,27.09408]]],[[[142.240779,27.095269],[142.240799,27.095209],[142.240799,27.095129],[142.240779,27.095269]]],[[[142.243157,27.095451],[142.243079,27.095465],[142.243119,27.095494],[142.243157,27.095451]]],[[[142.245085,27.095647],[142.245001,27.09558],[142.245006,27.095645],[142.245085,27.095647]]],[[[142.242842,27.095829],[142.242771,27.095772],[142.242813,27.095854],[142.242842,27.095829]]],[[[142.244882,27.09584],[142.244815,27.095816],[142.244864,27.095858],[142.244882,27.09584]]],[[[142.245496,27.09622],[142.245579,27.096124],[142.245471,27.096126],[142.245496,27.09622]]],[[[142.243114,27.096473],[142.243048,27.096443],[142.243074,27.096511],[142.243114,27.096473]]],[[[142.235442,27.096525],[142.235513,27.096415],[142.235403,27.096482],[142.235442,27.096525]]],[[[142.235371,27.096596],[142.235316,27.096619],[142.235351,27.096655],[142.235371,27.096596]]],[[[142.235236,27.096711],[142.235143,27.096648],[142.235135,27.096704],[142.235236,27.096711]]],[[[142.235759,27.09684],[142.235724,27.096791],[142.235732,27.096851],[142.235759,27.09684]]],[[[142.235244,27.096938],[142.23515,27.096923],[142.235209,27.096965],[142.235244,27.096938]]],[[[142.23575,27.096934],[142.23568,27.096961],[142.23575,27.09696],[142.23575,27.096934]]],[[[142.235119,27.097236],[142.235035,27.097203],[142.235053,27.097241],[142.235119,27.097236]]],[[[142.236503,27.098669],[142.236631,27.098815],[142.236708,27.098689],[142.236503,27.098669]]],[[[142.236827,27.098903],[142.23677,27.098775],[142.236757,27.098897],[142.236827,27.098903]]],[[[142.235928,27.109867],[142.23586,27.109819],[142.235843,27.109867],[142.235928,27.109867]]],[[[142.236076,27.109953],[142.236121,27.1098],[142.236068,27.109789],[142.236076,27.109953]]],[[[142.236057,27.110129],[142.236019,27.110057],[142.236001,27.110116],[142.236057,27.110129]]],[[[142.23511,27.110522],[142.235079,27.110471],[142.235082,27.110538],[142.23511,27.110522]]],[[[142.235324,27.110798],[142.235274,27.110739],[142.235279,27.110816],[142.235324,27.110798]]],[[[142.235595,27.110814],[142.235404,27.110789],[142.235607,27.110836],[142.235595,27.110814]]],[[[142.235734,27.110914],[142.235747,27.110847],[142.235707,27.110865],[142.235734,27.110914]]],[[[142.235731,27.111115],[142.235704,27.11108],[142.235689,27.111115],[142.235731,27.111115]]],[[[142.236144,27.111189],[142.236095,27.11109],[142.236076,27.111093],[142.236144,27.111189]]],[[[142.235784,27.111214],[142.235737,27.111193],[142.235773,27.111232],[142.235784,27.111214]]],[[[142.236373,27.112093],[142.235873,27.112013],[142.236376,27.112148],[142.236373,27.112093]]],[[[142.235903,27.112148],[142.235864,27.112122],[142.235888,27.112158],[142.235903,27.112148]]],[[[142.236739,27.11236],[142.236614,27.112096],[142.236493,27.112336],[142.236739,27.11236]]],[[[142.236342,27.112277],[142.236308,27.112221],[142.236295,27.112238],[142.236342,27.112277]]],[[[142.237357,27.112412],[142.236967,27.112488],[142.23707,27.112683],[142.237357,27.112412]]],[[[142.236415,27.113646],[142.236316,27.113665],[142.236383,27.113692],[142.236415,27.113646]]],[[[142.236056,27.11368],[142.235763,27.114121],[142.236278,27.113732],[142.236056,27.11368]]]]}}]}