{"type":"FeatureCollection","features":[{"type":"Feature","properties":{"N03_007":"13101","N03_001":"東京都","nam_ja":"千代田区"},"geometry":{"type":"Polygon","coordinates":[[[139.773039,35.705095],[139.772794,35.70312],[139.773661,35.70304],[139.773171,35.701879],[139.776644,35.700616],[139.780394,35.700331],[139.779977,35.698078],[139.782661,35.697855],[139.781978,35.695238],[139.782589,35.694718],[139.777708,35.691768],[139.768121,35.688637],[139.770896,35.684515],[139.770291,35.682976],[139.764175,35.67359],[139.760646,35.672364],[139.758551,35.668588],[139.749962,35.670831],[139.747479,35.669656],[139.746962,35.670505],[139.743362,35.67136],[139.739061,35.674026],[139.736775,35.678873],[139.733834,35.678878],[139.73162,35.681336],[139.730001,35.685542],[139.731377,35.689401],[139.737795,35.693441],[139.744123,35.701274],[139.744131,35.702029],[139.746708,35.703174],[139.749064,35.703124],[139.757198,35.701719],[139.7613,35.701587],[139.764561,35.700009],[139.768284,35.699701],[139.767867,35.700969],[139.766401,35.701782],[139.766773,35.702646],[139.768097,35.702743],[139.768061,35.703466],[139.769895,35.703367],[139.770139,35.705352],[139.773039,35.705095]]]}},{"type":"Feature","properties":{"N03_007":"13102","N03_001":"東京都","nam_ja":"中央区"},"geometry":{"type":"Polygon","coordinates":[[[139.783406,35.696449],[139.788915,35.694704],[139.789154,35.691027],[139.792752,35.685999],[139.792387,35.683485],[139.788692,35.678522],[139.787179,35.674506],[139.787296,35.67147],[139.789066,35.665644],[139.789592,35.656259],[139.788526,35.656176],[139.772744,35.646043],[139.76949,35.649266],[139.77272,35.651453],[139.771767,35.652453],[139.768361,35.650373],[139.767646,35.651078],[139.767239,35.655209],[139.768092,35.655786],[139.769645,35.654262],[139.770651,35.65494],[139.769304,35.656271],[139.767211,35.658121],[139.764531,35.656117],[139.759477,35.658992],[139.76331,35.664553],[139.762249,35.666958],[139.758551,35.668588],[139.760646,35.672364],[139.764175,35.67359],[139.770291,35.682976],[139.770896,35.684515],[139.768121,35.688637],[139.780227,35.692975],[139.782589,35.694718],[139.782069,35.696259],[139.783406,35.696449]]]}},{"type":"Feature","properties":{"N03_007":"13103","N03_001":"東京都","nam_ja":"港区"},"geometry":{"type":"MultiPolygon","coordinates":[[[[139.771264,35.628471],[139.771164,35.628379],[139.77113,35.628451],[139.771264,35.628471]]],[[[139.766065,35.627605],[139.768158,35.629399],[139.766134,35.627278],[139.766065,35.627605]]],[[[139.755244,35.633628],[139.759226,35.633654],[139.759413,35.628],[139.757432,35.62793],[139.757549,35.624093],[139.753507,35.624049],[139.754005,35.630919],[139.755244,35.633628]]],[[[139.776759,35.635963],[139.782376,35.629509],[139.77135,35.623138],[139.768732,35.626436],[139.768982,35.626929],[139.772801,35.628597],[139.774037,35.629366],[139.773937,35.629895],[139.777247,35.631751],[139.774862,35.634793],[139.773216,35.633949],[139.772659,35.632574],[139.770858,35.633074],[139.771361,35.634647],[139.773133,35.634409],[139.776759,35.635963]]],[[[139.770357,35.63177],[139.768518,35.629979],[139.768117,35.630134],[139.76979,35.632363],[139.770357,35.63177]]],[[[139.767045,35.634178],[139.767238,35.633202],[139.765572,35.633197],[139.766008,35.634233],[139.767045,35.634178]]],[[[139.758406,35.633734],[139.758522,35.633802],[139.758521,35.633732],[139.758406,35.633734]]],[[[139.756196,35.636882],[139.756188,35.636925],[139.75623,35.636915],[139.756196,35.636882]]],[[[139.730991,35.681191],[139.731499,35.681495],[139.732633,35.680619],[139.733834,35.678878],[139.736775,35.678873],[139.739061,35.674026],[139.743206,35.67143],[139.746962,35.670505],[139.747668,35.669609],[139.749516,35.670831],[139.754317,35.669905],[139.762004,35.667128],[139.76322,35.665257],[139.763182,35.664004],[139.759477,35.659077],[139.764531,35.656117],[139.762504,35.651876],[139.7613,35.652466],[139.760987,35.651872],[139.75908,35.645411],[139.759083,35.644971],[139.760354,35.644978],[139.760426,35.636778],[139.759652,35.636775],[139.758872,35.635922],[139.758352,35.635749],[139.759603,35.636805],[139.758788,35.637281],[139.758053,35.63638],[139.75875,35.637301],[139.756748,35.638388],[139.756182,35.636938],[139.7567,35.638414],[139.754805,35.638876],[139.752626,35.634423],[139.751922,35.626101],[139.750897,35.626187],[139.751377,35.62585],[139.750253,35.624824],[139.746217,35.623117],[139.744435,35.623395],[139.743335,35.625134],[139.737787,35.624532],[139.737507,35.623446],[139.735399,35.623202],[139.73395,35.626113],[139.731229,35.626335],[139.731523,35.628712],[139.731012,35.628814],[139.730862,35.630411],[139.728834,35.631655],[139.728865,35.632645],[139.728306,35.632844],[139.72773,35.631902],[139.726716,35.632208],[139.726853,35.634271],[139.725998,35.635034],[139.722212,35.635979],[139.722029,35.635388],[139.719962,35.634577],[139.717828,35.635045],[139.718208,35.636465],[139.716679,35.63826],[139.716843,35.639902],[139.719729,35.641432],[139.719202,35.641848],[139.721317,35.644409],[139.722492,35.644397],[139.72356,35.646701],[139.722979,35.647118],[139.722406,35.65233],[139.721558,35.653616],[139.722793,35.656075],[139.721974,35.655603],[139.718045,35.656982],[139.717851,35.656559],[139.714464,35.657348],[139.712878,35.65845],[139.713793,35.659758],[139.708564,35.664067],[139.713813,35.669349],[139.714708,35.669592],[139.713735,35.670311],[139.714933,35.672994],[139.71656,35.672369],[139.716558,35.673433],[139.719476,35.674498],[139.719948,35.675324],[139.719488,35.678411],[139.721158,35.679315],[139.721557,35.678848],[139.722579,35.679063],[139.722727,35.678253],[139.723204,35.679106],[139.726748,35.679288],[139.728529,35.682832],[139.729565,35.68281],[139.730991,35.681191]]]]}},{"type":"Feature","properties":{"N03_007":"13104","N03_001":"東京都","nam_ja":"新宿区"},"geometry":{"type":"Polygon","coordinates":[[[139.745832,35.70296],[139.74369,35.701629],[139.744123,35.701274],[139.737571,35.693225],[139.731175,35.689142],[139.730001,35.685542],[139.731499,35.681495],[139.73071,35.681024],[139.729565,35.68281],[139.728529,35.682832],[139.726226,35.679034],[139.723204,35.679106],[139.722727,35.678253],[139.722579,35.679063],[139.720646,35.679126],[139.719488,35.678411],[139.719948,35.675324],[139.718145,35.67393],[139.716558,35.673433],[139.716157,35.674044],[139.715462,35.67389],[139.71486,35.675078],[139.712894,35.674618],[139.712905,35.677288],[139.71479,35.680862],[139.711407,35.683367],[139.707408,35.684463],[139.707201,35.685987],[139.70578,35.688048],[139.70271,35.687772],[139.702103,35.689169],[139.69503,35.686649],[139.687673,35.681594],[139.685651,35.683787],[139.684933,35.685746],[139.685795,35.686188],[139.68598,35.687893],[139.684188,35.687557],[139.683219,35.688716],[139.68481,35.691243],[139.68374,35.692614],[139.685612,35.694214],[139.688377,35.699065],[139.687397,35.702219],[139.688372,35.706915],[139.693212,35.709717],[139.694331,35.71104],[139.691532,35.711326],[139.691047,35.710523],[139.690041,35.710826],[139.690076,35.711484],[139.688964,35.711438],[139.682783,35.710123],[139.680389,35.711212],[139.681851,35.713156],[139.68117,35.713292],[139.68145,35.714013],[139.680704,35.714494],[139.679876,35.714188],[139.679266,35.714698],[139.679691,35.716374],[139.679101,35.718279],[139.675442,35.719819],[139.675231,35.719152],[139.673438,35.718948],[139.674629,35.721499],[139.675685,35.721499],[139.675364,35.724881],[139.677015,35.72952],[139.68135,35.727044],[139.682722,35.723644],[139.684152,35.723791],[139.684409,35.722514],[139.689395,35.722597],[139.695727,35.721742],[139.698973,35.722432],[139.699817,35.723546],[139.7046,35.723014],[139.704157,35.722217],[139.705365,35.721478],[139.705011,35.719756],[139.705939,35.718851],[139.705377,35.716491],[139.704563,35.715876],[139.705877,35.713439],[139.707346,35.713853],[139.710421,35.713459],[139.711658,35.714819],[139.714412,35.713176],[139.71588,35.713813],[139.71865,35.712547],[139.721999,35.712527],[139.723259,35.710414],[139.725665,35.709311],[139.72742,35.709939],[139.728585,35.709312],[139.731845,35.709266],[139.731685,35.70823],[139.732447,35.707394],[139.735416,35.708224],[139.735852,35.709182],[139.742808,35.708132],[139.74485,35.70362],[139.745832,35.70296]]]}},{"type":"Feature","properties":{"N03_007":"13105","N03_001":"東京都","nam_ja":"文京区"},"geometry":{"type":"Polygon","coordinates":[[[139.74504,35.735855],[139.74677,35.735337],[139.749194,35.732874],[139.750651,35.734446],[139.753625,35.735158],[139.759937,35.731578],[139.760937,35.732206],[139.762237,35.731462],[139.764967,35.727573],[139.763258,35.721873],[139.767146,35.718241],[139.768678,35.715816],[139.767783,35.715714],[139.766873,35.716935],[139.765997,35.716594],[139.765029,35.717607],[139.764509,35.717275],[139.766013,35.715431],[139.765682,35.713585],[139.76763,35.712966],[139.76764,35.71137],[139.766859,35.711195],[139.76818,35.710979],[139.768227,35.71045],[139.766669,35.710469],[139.766622,35.708708],[139.771236,35.708991],[139.771295,35.708297],[139.772216,35.708345],[139.772402,35.707842],[139.772372,35.70722],[139.770163,35.707429],[139.769895,35.703367],[139.768061,35.703466],[139.768097,35.702743],[139.766773,35.702646],[139.766401,35.701782],[139.767867,35.700969],[139.768284,35.699701],[139.764561,35.700009],[139.7613,35.701587],[139.757198,35.701719],[139.749064,35.703124],[139.74587,35.702911],[139.74485,35.70362],[139.743058,35.708051],[139.735852,35.709182],[139.735416,35.708224],[139.732447,35.707394],[139.731685,35.70823],[139.731845,35.709266],[139.728585,35.709312],[139.72742,35.709939],[139.725665,35.709311],[139.722287,35.71137],[139.722392,35.712651],[139.717477,35.714622],[139.718317,35.717757],[139.718999,35.717451],[139.719533,35.718375],[139.722463,35.718782],[139.724725,35.720009],[139.72275,35.725149],[139.724369,35.72552],[139.725339,35.726136],[139.724813,35.726637],[139.726203,35.726579],[139.726487,35.727052],[139.729162,35.725716],[139.729878,35.726283],[139.731967,35.724104],[139.734148,35.72558],[139.734489,35.725069],[139.736039,35.725296],[139.735481,35.726177],[139.73739,35.726897],[139.735968,35.729354],[139.739085,35.731847],[139.740857,35.73036],[139.741486,35.73073],[139.741471,35.73137],[139.743526,35.732891],[139.742447,35.733787],[139.74504,35.735855]]]}},{"type":"Feature","properties":{"N03_007":"13106","N03_001":"東京都","nam_ja":"台東区"},"geometry":{"type":"Polygon","coordinates":[[[139.76763,35.712966],[139.765682,35.713585],[139.766013,35.715431],[139.764509,35.717275],[139.765029,35.717607],[139.765997,35.716594],[139.766873,35.716935],[139.767783,35.715714],[139.768678,35.715816],[139.767146,35.718241],[139.763258,35.721873],[139.764967,35.727573],[139.762789,35.730747],[139.763214,35.731193],[139.764748,35.730142],[139.766053,35.727532],[139.768166,35.727475],[139.769772,35.728126],[139.775174,35.726122],[139.776743,35.724936],[139.780168,35.724611],[139.781455,35.724618],[139.782297,35.726255],[139.784457,35.72786],[139.787758,35.727975],[139.789461,35.728743],[139.791206,35.731218],[139.792353,35.730922],[139.792687,35.730118],[139.794436,35.730231],[139.795066,35.728972],[139.801431,35.729252],[139.809719,35.728135],[139.808571,35.720853],[139.80732,35.718361],[139.797023,35.707783],[139.793483,35.701223],[139.788915,35.694704],[139.782543,35.696571],[139.782661,35.697855],[139.779977,35.698078],[139.780394,35.700331],[139.776644,35.700616],[139.773171,35.701879],[139.773661,35.70304],[139.772794,35.70312],[139.773039,35.705095],[139.770139,35.705352],[139.770163,35.707429],[139.772372,35.70722],[139.772216,35.708345],[139.771295,35.708297],[139.771236,35.708991],[139.766622,35.708708],[139.766669,35.710469],[139.768227,35.71045],[139.76818,35.710979],[139.766859,35.711195],[139.76764,35.71137],[139.76763,35.712966]]]}},{"type":"Feature","properties":{"N03_007":"13107","N03_001":"東京都","nam_ja":"墨田区"},"geometry":{"type":"Polygon","coordinates":[[[139.792551,35.699758],[139.799397,35.710553],[139.80732,35.718361],[139.808571,35.720853],[139.810928,35.732164],[139.814146,35.736212],[139.814497,35.738805],[139.816583,35.741465],[139.820363,35.743429],[139.824812,35.736484],[139.842155,35.719311],[139.839046,35.717114],[139.835496,35.71787],[139.833159,35.715758],[139.834168,35.713438],[139.839605,35.71035],[139.834552,35.70529],[139.835402,35.703017],[139.830682,35.703008],[139.81869,35.708008],[139.819695,35.693034],[139.813386,35.692674],[139.813447,35.691992],[139.811469,35.691909],[139.811877,35.688557],[139.809379,35.688442],[139.809467,35.686993],[139.805005,35.686776],[139.804809,35.688502],[139.800485,35.688302],[139.79917,35.689717],[139.796729,35.688538],[139.79639,35.689751],[139.793562,35.690012],[139.79348,35.690815],[139.792495,35.690765],[139.790401,35.689293],[139.789154,35.691027],[139.788646,35.693393],[139.789155,35.695304],[139.792551,35.699758]]]}},{"type":"Feature","properties":{"N03_007":"13108","N03_001":"東京都","nam_ja":"江東区"},"geometry":{"type":"MultiPolygon","coordinates":[[[[139.79343,35.592803],[139.803778,35.59842],[139.804426,35.59764],[139.794477,35.592182],[139.79343,35.592803]]],[[[139.818944,35.608876],[139.791596,35.593958],[139.790624,35.592412],[139.790436,35.592485],[139.791495,35.593951],[139.790263,35.595455],[139.791141,35.597134],[139.79413,35.601141],[139.795214,35.601506],[139.795903,35.603525],[139.79855,35.607071],[139.799498,35.607053],[139.810593,35.613184],[139.818944,35.608876]]],[[[139.790355,35.606392],[139.790376,35.60647],[139.790414,35.606424],[139.790355,35.606392]]],[[[139.772136,35.615549],[139.772854,35.614747],[139.772808,35.61472],[139.772136,35.615549]]],[[[139.780992,35.623883],[139.792628,35.609579],[139.78673,35.60184],[139.77747,35.613796],[139.776782,35.614076],[139.77438,35.612786],[139.776743,35.614125],[139.775099,35.616131],[139.773895,35.615547],[139.775058,35.61618],[139.774625,35.616706],[139.773454,35.616126],[139.774596,35.616749],[139.772888,35.618534],[139.774252,35.619274],[139.77135,35.623138],[139.782376,35.629509],[139.784947,35.626349],[139.780992,35.623883]]],[[[139.797918,35.617732],[139.794879,35.61379],[139.794407,35.613909],[139.785288,35.625133],[139.789878,35.627623],[139.797918,35.617732]]],[[[139.811003,35.628507],[139.810989,35.628735],[139.811025,35.628509],[139.811003,35.628507]]],[[[139.811544,35.629819],[139.813742,35.630009],[139.811547,35.6298],[139.811544,35.629819]]],[[[139.810402,35.63074],[139.810575,35.629714],[139.810556,35.629713],[139.810402,35.63074]]],[[[139.810352,35.633002],[139.810915,35.628703],[139.810298,35.632996],[139.810352,35.633002]]],[[[139.810379,35.630919],[139.8101,35.632979],[139.810396,35.63092],[139.810379,35.630919]]],[[[139.811255,35.632043],[139.813424,35.632262],[139.813425,35.63225],[139.811255,35.632043]]],[[[139.810345,35.633211],[139.810331,35.633184],[139.810271,35.633178],[139.80998,35.635214],[139.810291,35.633205],[139.810345,35.633211]]],[[[139.809762,35.635225],[139.810048,35.633333],[139.810073,35.63316],[139.809762,35.635225]]],[[[139.813097,35.634483],[139.810899,35.634296],[139.813094,35.634503],[139.813097,35.634483]]],[[[139.809981,35.635222],[139.810032,35.635251],[139.810035,35.635227],[139.809981,35.635222]]],[[[139.809483,35.637146],[139.809728,35.635583],[139.80971,35.635581],[139.809483,35.637146]]],[[[139.809923,35.635609],[139.809698,35.637172],[139.809755,35.637177],[139.809729,35.637148],[139.809923,35.635609]]],[[[139.811674,35.636637],[139.810585,35.636519],[139.810583,35.636537],[139.811674,35.636637]]],[[[139.811897,35.63664],[139.81277,35.636743],[139.812773,35.636725],[139.811897,35.63664]]],[[[139.812994,35.636745],[139.813866,35.636848],[139.813869,35.63683],[139.812994,35.636745]]],[[[139.809332,35.638364],[139.809433,35.637507],[139.809312,35.638362],[139.809332,35.638364]]],[[[139.790145,35.643128],[139.782267,35.639381],[139.79019,35.643428],[139.790145,35.643128]]],[[[139.796689,35.646682],[139.790858,35.643844],[139.796838,35.647072],[139.796689,35.646682]]],[[[139.835402,35.703017],[139.845112,35.698558],[139.847706,35.694967],[139.847834,35.69256],[139.846602,35.683071],[139.845515,35.681288],[139.848227,35.679135],[139.846887,35.67385],[139.845543,35.656717],[139.842958,35.656821],[139.841366,35.647917],[139.840254,35.633892],[139.821666,35.631977],[139.821714,35.630329],[139.820622,35.630224],[139.82069,35.62975],[139.820629,35.629743],[139.820609,35.630238],[139.8217,35.630343],[139.821247,35.63344],[139.833675,35.634625],[139.83448,35.644068],[139.821673,35.642941],[139.820415,35.641631],[139.808124,35.640462],[139.807716,35.643345],[139.808786,35.64368],[139.809175,35.645682],[139.806361,35.645206],[139.80699,35.636901],[139.801369,35.636359],[139.801486,35.632811],[139.800334,35.631065],[139.802193,35.626224],[139.798619,35.621762],[139.792021,35.62987],[139.787331,35.62733],[139.778651,35.637269],[139.781215,35.638784],[139.782635,35.637688],[139.78414,35.638504],[139.78437,35.639441],[139.794438,35.644898],[139.796288,35.643176],[139.798094,35.644742],[139.797694,35.647864],[139.793986,35.650826],[139.79304,35.650307],[139.795086,35.648345],[139.794698,35.647217],[139.780161,35.639354],[139.778797,35.639369],[139.776086,35.642032],[139.792419,35.652934],[139.790946,35.654382],[139.791817,35.655274],[139.790911,35.654914],[139.790694,35.656345],[139.789592,35.656259],[139.788946,35.66654],[139.787165,35.672281],[139.787858,35.676982],[139.792636,35.684375],[139.792366,35.687107],[139.790401,35.689293],[139.792495,35.690765],[139.79348,35.690815],[139.793562,35.690012],[139.79639,35.689751],[139.796729,35.688538],[139.79917,35.689717],[139.800485,35.688302],[139.804809,35.688502],[139.805005,35.686776],[139.809467,35.686993],[139.809379,35.688442],[139.811877,35.688557],[139.811469,35.691909],[139.813447,35.691992],[139.813386,35.692674],[139.819695,35.693034],[139.81869,35.708008],[139.830682,35.703008],[139.835402,35.703017]]],[[[139.813551,35.589656],[139.805596,35.599405],[139.82026,35.607492],[139.827062,35.596938],[139.813551,35.589656]]],[[[139.819197,35.608938],[139.824229,35.609996],[139.824418,35.610069],[139.824324,35.60994],[139.819197,35.608938]]],[[[139.817691,35.617541],[139.821922,35.619306],[139.82196,35.619243],[139.817691,35.617541]]],[[[139.821962,35.628532],[139.80726,35.627124],[139.807254,35.62713],[139.811086,35.627511],[139.810941,35.628522],[139.811111,35.627514],[139.820854,35.628446],[139.820757,35.628823],[139.821962,35.628532]]],[[[139.820748,35.629332],[139.820733,35.629305],[139.820686,35.629326],[139.820748,35.629332]]],[[[139.813956,35.630051],[139.815931,35.630217],[139.813959,35.630029],[139.813956,35.630051]]],[[[139.81667,35.630287],[139.816148,35.63026],[139.818131,35.630429],[139.81667,35.630287]]],[[[139.818346,35.63045],[139.819442,35.630576],[139.819446,35.630557],[139.818346,35.63045]]],[[[139.813633,35.632283],[139.815608,35.63247],[139.813635,35.632269],[139.813633,35.632283]]],[[[139.817806,35.632685],[139.815827,35.632477],[139.815825,35.632493],[139.817806,35.632685]]],[[[139.820215,35.632915],[139.82022,35.6329],[139.818015,35.632701],[139.820215,35.632915]]],[[[139.813317,35.634524],[139.815291,35.634694],[139.81332,35.634504],[139.813317,35.634524]]],[[[139.817484,35.634926],[139.815513,35.634713],[139.81551,35.634735],[139.817484,35.634926]]],[[[139.817957,35.634952],[139.8177,35.634947],[139.819896,35.635139],[139.817957,35.634952]]],[[[139.827155,35.636947],[139.826127,35.636705],[139.826216,35.635945],[139.826105,35.636711],[139.826247,35.63686],[139.827155,35.636947]]],[[[139.814094,35.636848],[139.814967,35.636953],[139.81497,35.636933],[139.814094,35.636848]]],[[[139.815188,35.636957],[139.81606,35.637061],[139.816063,35.637042],[139.815188,35.636957]]],[[[139.817157,35.637164],[139.816287,35.63706],[139.816284,35.63708],[139.817157,35.637164]]],[[[139.817381,35.637167],[139.818252,35.637268],[139.818257,35.637249],[139.817381,35.637167]]],[[[139.819569,35.637394],[139.818478,35.637272],[139.818474,35.637291],[139.819569,35.637394]]],[[[139.824827,35.639577],[139.832954,35.640359],[139.832768,35.638205],[139.825124,35.637464],[139.825557,35.634258],[139.821158,35.634061],[139.820099,35.639048],[139.822955,35.641683],[139.822864,35.642323],[139.826129,35.64283],[139.824827,35.639577]]],[[[139.818897,35.63927],[139.809892,35.63872],[139.809651,35.637525],[139.809877,35.638741],[139.818452,35.639557],[139.818897,35.63927]]],[[[139.819822,35.638974],[139.819876,35.639028],[139.819884,35.63898],[139.819822,35.638974]]],[[[139.819346,35.638953],[139.819034,35.639119],[139.819068,35.639158],[139.819354,35.638976],[139.819597,35.639003],[139.819605,35.638955],[139.819346,35.638953]]],[[[139.818815,35.639236],[139.819042,35.639095],[139.81903,35.639084],[139.818815,35.639236]]],[[[139.8386,35.61416],[139.835524,35.61249],[139.832487,35.616227],[139.828139,35.611981],[139.828046,35.612035],[139.832447,35.616267],[139.83063,35.618486],[139.832936,35.619739],[139.831712,35.621242],[139.829411,35.61999],[139.827417,35.619798],[139.825851,35.630699],[139.837012,35.631773],[139.837115,35.631044],[139.838488,35.631072],[139.839219,35.631246],[139.839114,35.631975],[139.840111,35.632067],[139.8386,35.61416]]],[[[139.82772,35.634952],[139.827689,35.634968],[139.828435,35.635021],[139.82772,35.634952]]],[[[139.828654,35.635042],[139.82939,35.635132],[139.829393,35.635113],[139.828654,35.635042]]],[[[139.830407,35.63521],[139.829667,35.635139],[139.829665,35.635158],[139.830407,35.63521]]],[[[139.831366,35.635321],[139.830627,35.635231],[139.830624,35.63525],[139.831366,35.635321]]],[[[139.826248,35.635722],[139.826381,35.634964],[139.827421,35.634924],[139.826358,35.634955],[139.826248,35.635722]]],[[[139.832733,35.636342],[139.832666,35.635545],[139.832507,35.635412],[139.83164,35.635328],[139.832644,35.635557],[139.832733,35.636342]]],[[[139.827374,35.636949],[139.828143,35.637041],[139.828146,35.637023],[139.827374,35.636949]]],[[[139.831321,35.637327],[139.832647,35.637473],[139.832818,35.637336],[139.832753,35.63657],[139.832643,35.637454],[139.831321,35.637327]]],[[[139.828364,35.637044],[139.829129,35.637136],[139.829132,35.637117],[139.828364,35.637044]]],[[[139.830116,35.637231],[139.829351,35.637138],[139.829348,35.637157],[139.830116,35.637231]]],[[[139.830338,35.637233],[139.831101,35.637325],[139.831104,35.637306],[139.830338,35.637233]]],[[[139.827424,35.640603],[139.828189,35.640697],[139.828192,35.640679],[139.827424,35.640603]]],[[[139.82841,35.640717],[139.829182,35.640773],[139.828412,35.640699],[139.82841,35.640717]]],[[[139.830167,35.640866],[139.829396,35.64081],[139.830164,35.640884],[139.830167,35.640866]]],[[[139.830383,35.640886],[139.831147,35.640978],[139.83115,35.64096],[139.830383,35.640886]]],[[[139.826556,35.641468],[139.826208,35.640656],[139.827204,35.640585],[139.826183,35.640653],[139.826556,35.641468]]],[[[139.831372,35.64098],[139.832133,35.641073],[139.832136,35.641055],[139.831372,35.64098]]],[[[139.83318,35.642013],[139.833139,35.641297],[139.833014,35.641139],[139.832352,35.641076],[139.833001,35.641156],[139.83318,35.642013]]],[[[139.827903,35.642536],[139.826979,35.64234],[139.826636,35.641639],[139.826961,35.642351],[139.827903,35.642536]]],[[[139.828176,35.642545],[139.828916,35.642634],[139.828918,35.642617],[139.828176,35.642545]]],[[[139.832084,35.642922],[139.833107,35.643037],[139.833279,35.642907],[139.833217,35.642215],[139.8331,35.643018],[139.832084,35.642922]]],[[[139.829137,35.642637],[139.829877,35.642727],[139.82988,35.642709],[139.829137,35.642637]]],[[[139.830148,35.642753],[139.830892,35.642805],[139.830151,35.642735],[139.830148,35.642753]]],[[[139.831107,35.642844],[139.831851,35.642897],[139.83111,35.642826],[139.831107,35.642844]]]]}},{"type":"Feature","properties":{"N03_007":"13109","N03_001":"東京都","nam_ja":"品川区"},"geometry":{"type":"MultiPolygon","coordinates":[[[[139.749606,35.591485],[139.749467,35.591468],[139.74944,35.591549],[139.749606,35.591485]]],[[[139.753019,35.617648],[139.756357,35.617662],[139.756368,35.617006],[139.756946,35.617505],[139.756949,35.616992],[139.757995,35.617673],[139.760283,35.615802],[139.759775,35.615395],[139.760249,35.61486],[139.761946,35.614649],[139.763479,35.608717],[139.773149,35.595757],[139.766797,35.592565],[139.765417,35.594482],[139.762562,35.594609],[139.762567,35.58501],[139.75597,35.58493],[139.756013,35.589254],[139.750271,35.589348],[139.749475,35.588862],[139.750182,35.591354],[139.749433,35.592133],[139.748341,35.592019],[139.749004,35.600728],[139.75182,35.60542],[139.753019,35.617648]]],[[[139.719729,35.641432],[139.716797,35.639796],[139.716679,35.63826],[139.718208,35.636465],[139.717828,35.635045],[139.719962,35.634577],[139.722029,35.635388],[139.722212,35.635979],[139.725998,35.635034],[139.726853,35.634271],[139.726716,35.632208],[139.72773,35.631902],[139.728306,35.632844],[139.728865,35.632645],[139.728834,35.631655],[139.730862,35.630411],[139.731012,35.628814],[139.731523,35.628712],[139.731229,35.626335],[139.73395,35.626113],[139.735399,35.623202],[139.737507,35.623446],[139.737787,35.624532],[139.743335,35.625134],[139.744435,35.623395],[139.746022,35.623113],[139.750253,35.624824],[139.751877,35.624716],[139.751679,35.622177],[139.752212,35.622119],[139.751611,35.621286],[139.750724,35.606468],[139.74845,35.602778],[139.747716,35.602719],[139.746541,35.590169],[139.738631,35.587865],[139.730108,35.587372],[139.729703,35.588572],[139.728934,35.588833],[139.730551,35.592157],[139.728901,35.592713],[139.729008,35.593737],[139.728242,35.594383],[139.726812,35.59395],[139.726785,35.594352],[139.721088,35.59429],[139.720327,35.592396],[139.719183,35.591848],[139.717537,35.596233],[139.714685,35.597511],[139.714486,35.599969],[139.711641,35.600673],[139.701067,35.601414],[139.698209,35.603581],[139.695393,35.607492],[139.695816,35.61343],[139.702381,35.62013],[139.702671,35.621443],[139.703987,35.621879],[139.701301,35.623293],[139.696139,35.624815],[139.701465,35.625896],[139.702508,35.624829],[139.704016,35.624708],[139.707133,35.625472],[139.707503,35.626199],[139.709074,35.626384],[139.714633,35.629047],[139.714439,35.634136],[139.713229,35.637552],[139.714614,35.638566],[139.715343,35.640379],[139.717641,35.641661],[139.719729,35.641432]]],[[[139.75689,35.617641],[139.757329,35.617679],[139.75733,35.617644],[139.75689,35.617641]]],[[[139.773441,35.620266],[139.770626,35.618736],[139.768442,35.621193],[139.768778,35.621463],[139.767657,35.622077],[139.767621,35.625836],[139.768732,35.626436],[139.773441,35.620266]]],[[[139.75975,35.619353],[139.753213,35.618995],[139.752867,35.62142],[139.753507,35.624049],[139.757549,35.624093],[139.757432,35.62793],[139.759413,35.628],[139.75975,35.619353]]]]}},{"type":"Feature","properties":{"N03_007":"13110","N03_001":"東京都","nam_ja":"目黒区"},"geometry":{"type":"Polygon","coordinates":[[[139.68053,35.604454],[139.680935,35.600647],[139.680281,35.600667],[139.679248,35.605677],[139.677,35.608092],[139.673249,35.608149],[139.668309,35.606492],[139.665107,35.607488],[139.662843,35.609345],[139.663766,35.609842],[139.662677,35.611972],[139.663221,35.615662],[139.664866,35.616731],[139.66477,35.618273],[139.666496,35.618525],[139.665675,35.620701],[139.666191,35.620979],[139.663934,35.623951],[139.663455,35.626776],[139.661809,35.627485],[139.662271,35.630161],[139.661483,35.631706],[139.664152,35.631897],[139.671994,35.629708],[139.6764,35.627248],[139.67797,35.625348],[139.679597,35.625068],[139.681345,35.629829],[139.686371,35.638975],[139.684302,35.643766],[139.684207,35.652273],[139.679497,35.657329],[139.675003,35.66388],[139.679659,35.663815],[139.687024,35.661809],[139.688765,35.658927],[139.689822,35.658343],[139.695891,35.650682],[139.708624,35.642008],[139.710335,35.641458],[139.710625,35.641929],[139.715236,35.642623],[139.717641,35.641661],[139.715343,35.640379],[139.714614,35.638566],[139.713229,35.637552],[139.714439,35.634136],[139.714633,35.629047],[139.709074,35.626384],[139.707503,35.626199],[139.707133,35.625472],[139.704016,35.624708],[139.702508,35.624829],[139.701465,35.625896],[139.696139,35.624815],[139.701301,35.623293],[139.703987,35.621879],[139.702671,35.621443],[139.702381,35.62013],[139.695816,35.61343],[139.695393,35.607492],[139.691304,35.610929],[139.686128,35.611684],[139.684269,35.61321],[139.684757,35.605338],[139.68209,35.60584],[139.681452,35.604504],[139.68053,35.604454]]]}},{"type":"Feature","properties":{"N03_007":"13111","N03_001":"東京都","nam_ja":"大田区"},"geometry":{"type":"MultiPolygon","coordinates":[[[[139.810761,35.528323],[139.807089,35.531107],[139.819802,35.542383],[139.823087,35.543844],[139.826028,35.54157],[139.810761,35.528323]]],[[[139.753129,35.56271],[139.753496,35.562604],[139.753318,35.562498],[139.753129,35.56271]]],[[[139.764177,35.574958],[139.773534,35.574923],[139.773802,35.574521],[139.765611,35.564896],[139.75848,35.568442],[139.757141,35.571501],[139.757608,35.57446],[139.761583,35.574453],[139.761737,35.574906],[139.761735,35.574453],[139.763613,35.574822],[139.763804,35.57444],[139.764177,35.574958]]],[[[139.686625,35.611686],[139.690959,35.611078],[139.693833,35.609268],[139.698209,35.603581],[139.701067,35.601414],[139.711641,35.600673],[139.714486,35.599969],[139.714685,35.597511],[139.717537,35.596233],[139.719183,35.591848],[139.720327,35.592396],[139.721088,35.59429],[139.726785,35.594352],[139.726812,35.59395],[139.728242,35.594383],[139.729008,35.593737],[139.728901,35.592713],[139.730551,35.592157],[139.728934,35.588833],[139.729703,35.588572],[139.730108,35.587372],[139.735875,35.587368],[139.735941,35.58805],[139.738631,35.587865],[139.746541,35.590169],[139.747847,35.588686],[139.752097,35.578963],[139.751692,35.577179],[139.749872,35.576186],[139.750564,35.575222],[139.752342,35.575621],[139.754093,35.574485],[139.756355,35.569071],[139.756007,35.56854],[139.750238,35.567378],[139.749784,35.566626],[139.753397,35.562251],[139.754953,35.561546],[139.755685,35.56273],[139.758592,35.564368],[139.76102,35.563163],[139.763733,35.560463],[139.770997,35.568974],[139.785437,35.570561],[139.785972,35.569804],[139.786467,35.569988],[139.786328,35.569108],[139.787412,35.567584],[139.78799,35.567762],[139.788002,35.566752],[139.789209,35.56506],[139.789716,35.565237],[139.790844,35.562935],[139.791456,35.562945],[139.79228,35.560914],[139.794698,35.558227],[139.795841,35.555849],[139.7964,35.555905],[139.796249,35.555265],[139.798069,35.553468],[139.800753,35.54894],[139.803956,35.54603],[139.808503,35.540266],[139.809067,35.538581],[139.794898,35.532133],[139.787619,35.534313],[139.786545,35.535804],[139.784417,35.53538],[139.781958,35.53883],[139.778785,35.536999],[139.776496,35.53447],[139.768079,35.539339],[139.756854,35.544502],[139.750084,35.544584],[139.746777,35.543828],[139.739595,35.545156],[139.737471,35.544234],[139.734292,35.540897],[139.733027,35.541015],[139.730356,35.542914],[139.726563,35.543575],[139.722372,35.541508],[139.71866,35.53854],[139.715951,35.537667],[139.710138,35.536457],[139.705742,35.536246],[139.700742,35.537773],[139.697943,35.541452],[139.697935,35.544664],[139.703534,35.549411],[139.704226,35.551174],[139.703736,35.552608],[139.700879,35.554889],[139.698294,35.555972],[139.689618,35.557287],[139.67879,35.562988],[139.675989,35.566884],[139.668709,35.58559],[139.663801,35.589806],[139.658795,35.589434],[139.655139,35.590146],[139.65705,35.593416],[139.658195,35.593524],[139.655981,35.594511],[139.655692,35.594007],[139.655578,35.594678],[139.654128,35.594823],[139.654332,35.595216],[139.652975,35.595937],[139.653807,35.59733],[139.655776,35.596475],[139.65744,35.598941],[139.65969,35.599977],[139.662682,35.598413],[139.664396,35.599666],[139.665068,35.59897],[139.666889,35.59955],[139.666839,35.598932],[139.668152,35.598892],[139.668734,35.598186],[139.66967,35.599101],[139.675653,35.591787],[139.68067,35.594904],[139.680411,35.6044],[139.681452,35.604504],[139.68209,35.60584],[139.684757,35.605338],[139.685028,35.60645],[139.684004,35.613092],[139.686625,35.611686]]],[[[139.773149,35.595757],[139.776779,35.590288],[139.773772,35.587524],[139.772886,35.58752],[139.769059,35.584011],[139.772887,35.587474],[139.775488,35.585181],[139.776007,35.585632],[139.77557,35.585121],[139.776337,35.585827],[139.777162,35.585227],[139.777833,35.585844],[139.777443,35.586161],[139.777858,35.585866],[139.778534,35.586484],[139.777797,35.587161],[139.78142,35.584537],[139.784024,35.58605],[139.781832,35.584433],[139.787408,35.580058],[139.78727,35.579023],[139.787331,35.579689],[139.786291,35.579453],[139.785135,35.57725],[139.76667,35.577144],[139.766531,35.578543],[139.767873,35.578719],[139.770409,35.581065],[139.769119,35.580098],[139.767813,35.581516],[139.762477,35.577156],[139.755866,35.577068],[139.75433,35.578023],[139.749475,35.588862],[139.750271,35.589348],[139.756013,35.589254],[139.75597,35.58493],[139.762567,35.58501],[139.762562,35.594609],[139.765417,35.594482],[139.766797,35.592565],[139.773149,35.595757]]],[[[139.805832,35.585448],[139.794477,35.592182],[139.804426,35.59764],[139.811715,35.588639],[139.805832,35.585448]]]]}},{"type":"Feature","properties":{"N03_007":"13112","N03_001":"東京都","nam_ja":"世田谷区"},"geometry":{"type":"Polygon","coordinates":[[[139.585501,35.682624],[139.592071,35.682095],[139.593304,35.681738],[139.594409,35.682153],[139.597944,35.681817],[139.603264,35.680649],[139.606846,35.677733],[139.607363,35.675955],[139.60823,35.676439],[139.608784,35.67592],[139.608917,35.670352],[139.610522,35.670855],[139.610989,35.670087],[139.613647,35.670114],[139.615718,35.669425],[139.616187,35.669902],[139.616559,35.67264],[139.613289,35.672904],[139.613317,35.674075],[139.610313,35.676644],[139.611805,35.676369],[139.611843,35.675543],[139.612481,35.676167],[139.621018,35.672994],[139.623281,35.671222],[139.623521,35.670372],[139.625032,35.670133],[139.625047,35.669135],[139.632595,35.668085],[139.636936,35.666683],[139.636685,35.666014],[139.637404,35.665879],[139.639112,35.665844],[139.641279,35.667195],[139.646965,35.668115],[139.65033,35.669903],[139.655117,35.670552],[139.661756,35.672523],[139.662059,35.671443],[139.672704,35.672296],[139.672806,35.667481],[139.674186,35.664599],[139.684587,35.65135],[139.68391,35.649204],[139.684715,35.645891],[139.684302,35.643766],[139.686371,35.638975],[139.681345,35.629829],[139.679597,35.625068],[139.67797,35.625348],[139.6764,35.627248],[139.671994,35.629708],[139.664152,35.631897],[139.661483,35.631706],[139.662271,35.630161],[139.661809,35.627485],[139.663455,35.626776],[139.663934,35.623951],[139.666191,35.620979],[139.665675,35.620701],[139.666496,35.618525],[139.66477,35.618273],[139.664866,35.616731],[139.663221,35.615662],[139.662677,35.611972],[139.663766,35.609842],[139.662843,35.609345],[139.665107,35.607488],[139.668309,35.606492],[139.673404,35.608175],[139.677258,35.607939],[139.679248,35.605677],[139.68026,35.602887],[139.680623,35.594856],[139.675653,35.591787],[139.66967,35.599101],[139.668734,35.598186],[139.668152,35.598892],[139.666839,35.598932],[139.666889,35.59955],[139.665068,35.59897],[139.664396,35.599666],[139.662682,35.598413],[139.65969,35.599977],[139.65744,35.598941],[139.655776,35.596475],[139.653807,35.59733],[139.652975,35.595937],[139.654332,35.595216],[139.654128,35.594823],[139.655578,35.594678],[139.655692,35.594007],[139.655981,35.594511],[139.658195,35.593524],[139.65705,35.593416],[139.655139,35.590146],[139.650433,35.592584],[139.648765,35.595041],[139.639763,35.600215],[139.637003,35.60305],[139.635177,35.603463],[139.631948,35.605682],[139.631848,35.606833],[139.625436,35.609409],[139.623723,35.611161],[139.618601,35.613752],[139.615581,35.613328],[139.612192,35.615853],[139.609671,35.616411],[139.605348,35.615573],[139.599835,35.618459],[139.595812,35.618392],[139.593101,35.617571],[139.590236,35.618431],[139.589333,35.621225],[139.589575,35.623814],[139.590215,35.624534],[139.591396,35.623726],[139.592488,35.623802],[139.594116,35.626828],[139.592383,35.627521],[139.592948,35.629427],[139.591271,35.631055],[139.591406,35.633063],[139.589757,35.63442],[139.587668,35.635067],[139.584436,35.641144],[139.587044,35.643144],[139.587638,35.646167],[139.589566,35.645141],[139.592062,35.64591],[139.591961,35.651359],[139.593083,35.651524],[139.592862,35.654182],[139.592334,35.655432],[139.590918,35.655359],[139.589933,35.657111],[139.590018,35.661175],[139.588969,35.662445],[139.587343,35.66259],[139.586561,35.663958],[139.590124,35.665792],[139.588501,35.670514],[139.582489,35.673394],[139.58345,35.674037],[139.587304,35.673758],[139.586502,35.676941],[139.588338,35.67893],[139.58828,35.679644],[139.58532,35.682045],[139.591803,35.681678],[139.585501,35.682624]]]}},{"type":"Feature","properties":{"N03_007":"13113","N03_001":"東京都","nam_ja":"渋谷区"},"geometry":{"type":"Polygon","coordinates":[[[139.684818,35.691423],[139.683219,35.688716],[139.684188,35.687557],[139.68598,35.687893],[139.685795,35.686188],[139.684933,35.685746],[139.685651,35.683787],[139.687673,35.681594],[139.69503,35.686649],[139.702103,35.689169],[139.70271,35.687772],[139.70578,35.688048],[139.707201,35.685987],[139.707408,35.684463],[139.711407,35.683367],[139.71479,35.680862],[139.712905,35.677288],[139.712894,35.674618],[139.71486,35.675078],[139.717006,35.672573],[139.714933,35.672994],[139.713735,35.670311],[139.714708,35.669592],[139.713813,35.669349],[139.708564,35.664067],[139.713793,35.659758],[139.712878,35.65845],[139.714464,35.657348],[139.717851,35.656559],[139.718045,35.656982],[139.721974,35.655603],[139.722793,35.656075],[139.721558,35.653616],[139.722406,35.65233],[139.722979,35.647118],[139.72356,35.646701],[139.722492,35.644397],[139.721317,35.644409],[139.718884,35.641686],[139.717293,35.641654],[139.715236,35.642623],[139.710625,35.641929],[139.710335,35.641458],[139.708624,35.642008],[139.695891,35.650682],[139.689822,35.658343],[139.688765,35.658927],[139.687024,35.661809],[139.679938,35.663767],[139.6747,35.664017],[139.672806,35.667481],[139.672704,35.672296],[139.661856,35.671642],[139.662055,35.675622],[139.665392,35.676985],[139.667627,35.679776],[139.671303,35.681493],[139.680336,35.689798],[139.683628,35.69197],[139.684455,35.692025],[139.684818,35.691423]]]}},{"type":"Feature","properties":{"N03_007":"13114","N03_001":"東京都","nam_ja":"中野区"},"geometry":{"type":"Polygon","coordinates":[[[139.627168,35.735106],[139.633543,35.735284],[139.635074,35.732304],[139.63643,35.732278],[139.638099,35.728154],[139.639241,35.727857],[139.639842,35.726373],[139.643574,35.725308],[139.647397,35.725489],[139.647435,35.726745],[139.650474,35.726886],[139.651782,35.726327],[139.659622,35.72583],[139.659627,35.726636],[139.662589,35.727245],[139.665059,35.731294],[139.668175,35.731395],[139.668356,35.732073],[139.670393,35.732331],[139.671455,35.733541],[139.67468,35.733059],[139.677969,35.730679],[139.675364,35.724881],[139.675685,35.721499],[139.674629,35.721499],[139.674346,35.720195],[139.673676,35.720263],[139.673517,35.718664],[139.675418,35.719248],[139.675442,35.719819],[139.679101,35.718279],[139.679691,35.716374],[139.679266,35.714698],[139.679876,35.714188],[139.680704,35.714494],[139.68145,35.714013],[139.68117,35.713292],[139.681851,35.713156],[139.680342,35.711264],[139.682783,35.710123],[139.688964,35.711438],[139.690076,35.711484],[139.690041,35.710826],[139.691047,35.710523],[139.691532,35.711326],[139.694331,35.71104],[139.693212,35.709717],[139.688372,35.706915],[139.687397,35.702219],[139.688377,35.699065],[139.685612,35.694214],[139.68374,35.692614],[139.68399,35.691991],[139.680336,35.689798],[139.671303,35.681493],[139.667839,35.679949],[139.664393,35.676445],[139.663238,35.677902],[139.664823,35.677613],[139.664999,35.679015],[139.66258,35.679434],[139.661461,35.680402],[139.659647,35.67993],[139.660473,35.680935],[139.659272,35.681903],[139.659527,35.683265],[139.660572,35.684432],[139.660185,35.685061],[139.659663,35.684732],[139.65922,35.686685],[139.662405,35.687435],[139.666408,35.690425],[139.666751,35.691518],[139.667547,35.691751],[139.667216,35.693304],[139.667769,35.693782],[139.666668,35.693737],[139.665993,35.69496],[139.665433,35.694769],[139.664645,35.695638],[139.661168,35.695196],[139.660619,35.696524],[139.661711,35.697265],[139.662538,35.699241],[139.661085,35.701427],[139.66091,35.704678],[139.658199,35.705038],[139.658222,35.709221],[139.65104,35.708994],[139.642842,35.711503],[139.641663,35.712812],[139.641788,35.714757],[139.636968,35.716497],[139.632189,35.716947],[139.631353,35.718513],[139.631874,35.719719],[139.628996,35.72101],[139.624328,35.729564],[139.627303,35.733958],[139.627168,35.735106]]]}},{"type":"Feature","properties":{"N03_007":"13115","N03_001":"東京都","nam_ja":"杉並区"},"geometry":{"type":"Polygon","coordinates":[[[139.624343,35.729842],[139.628996,35.72101],[139.631874,35.719719],[139.631353,35.718513],[139.632189,35.716947],[139.636968,35.716497],[139.641788,35.714757],[139.641663,35.712812],[139.642842,35.711503],[139.65104,35.708994],[139.658222,35.709221],[139.658199,35.705038],[139.66091,35.704678],[139.661085,35.701427],[139.662538,35.699241],[139.661711,35.697265],[139.660619,35.696524],[139.661168,35.695196],[139.664645,35.695638],[139.665433,35.694769],[139.665993,35.69496],[139.666668,35.693737],[139.667769,35.693782],[139.667216,35.693304],[139.667547,35.691751],[139.666751,35.691518],[139.666408,35.690425],[139.662405,35.687435],[139.65922,35.686685],[139.659663,35.684732],[139.660185,35.685061],[139.660572,35.684432],[139.659527,35.683265],[139.659272,35.681903],[139.660473,35.680935],[139.659647,35.67993],[139.661461,35.680402],[139.66258,35.679434],[139.664999,35.679015],[139.664823,35.677613],[139.663238,35.677902],[139.664121,35.676348],[139.662179,35.675703],[139.661595,35.674751],[139.662141,35.67367],[139.661756,35.672523],[139.655117,35.670552],[139.65033,35.669903],[139.646965,35.668115],[139.641279,35.667195],[139.639112,35.665844],[139.636685,35.666014],[139.636936,35.666683],[139.632595,35.668085],[139.625047,35.669135],[139.625032,35.670133],[139.623521,35.670372],[139.623281,35.671222],[139.621018,35.672994],[139.612481,35.676167],[139.611843,35.675543],[139.611805,35.676369],[139.610313,35.676644],[139.613317,35.674075],[139.613289,35.672904],[139.616559,35.67264],[139.616187,35.669902],[139.615718,35.669425],[139.613647,35.670114],[139.610989,35.670087],[139.610522,35.670855],[139.608917,35.670352],[139.609186,35.674887],[139.608373,35.676359],[139.607363,35.675955],[139.606846,35.677733],[139.603264,35.680649],[139.594179,35.682141],[139.593089,35.682903],[139.593612,35.684128],[139.590565,35.687001],[139.593165,35.68799],[139.593103,35.688863],[139.594055,35.688997],[139.586717,35.693963],[139.588287,35.695617],[139.590255,35.69482],[139.592892,35.701246],[139.595473,35.705435],[139.586651,35.711912],[139.586815,35.713265],[139.584967,35.716451],[139.585794,35.718916],[139.586812,35.719759],[139.589454,35.720281],[139.591191,35.719777],[139.593359,35.71807],[139.595655,35.722172],[139.599798,35.723914],[139.601948,35.726008],[139.609553,35.728708],[139.615395,35.730285],[139.61647,35.729833],[139.62178,35.730449],[139.624343,35.729842]]]}},{"type":"Feature","properties":{"N03_007":"13116","N03_001":"東京都","nam_ja":"豊島区"},"geometry":{"type":"Polygon","coordinates":[[[139.71363,35.745305],[139.714802,35.745745],[139.719513,35.745043],[139.720012,35.741785],[139.724324,35.739748],[139.72535,35.739991],[139.72449,35.740827],[139.727909,35.744714],[139.732635,35.745088],[139.731784,35.743313],[139.734573,35.740685],[139.735557,35.740546],[139.741061,35.742349],[139.7419,35.742114],[139.744417,35.740789],[139.744036,35.738955],[139.744412,35.739337],[139.746168,35.73884],[139.746574,35.739847],[139.748354,35.738694],[139.749557,35.736541],[139.75276,35.735057],[139.750651,35.734446],[139.749194,35.732874],[139.74677,35.735337],[139.744618,35.735833],[139.743989,35.734668],[139.742447,35.733787],[139.743526,35.732891],[139.741471,35.73137],[139.741486,35.73073],[139.740857,35.73036],[139.739085,35.731847],[139.735968,35.729354],[139.73739,35.726897],[139.735481,35.726177],[139.736039,35.725296],[139.734489,35.725069],[139.734148,35.72558],[139.731967,35.724104],[139.729878,35.726283],[139.729162,35.725716],[139.726487,35.727052],[139.726203,35.726579],[139.724813,35.726637],[139.725339,35.726136],[139.724369,35.72552],[139.72275,35.725149],[139.724725,35.720009],[139.722463,35.718782],[139.719533,35.718375],[139.718999,35.717451],[139.718317,35.717757],[139.717473,35.714788],[139.720772,35.713566],[139.722608,35.712504],[139.72251,35.712266],[139.717917,35.712703],[139.71588,35.713813],[139.714412,35.713176],[139.711658,35.714819],[139.710421,35.713459],[139.707346,35.713853],[139.705877,35.713439],[139.704563,35.715876],[139.705377,35.716491],[139.705939,35.718851],[139.705011,35.719756],[139.705365,35.721478],[139.704157,35.722217],[139.7046,35.723014],[139.699817,35.723546],[139.698973,35.722432],[139.695727,35.721742],[139.689395,35.722597],[139.684409,35.722514],[139.684152,35.723791],[139.682722,35.723644],[139.68135,35.727044],[139.677344,35.729373],[139.678424,35.731228],[139.677969,35.731696],[139.679247,35.733368],[139.679095,35.735344],[139.68065,35.737782],[139.681307,35.737803],[139.68076,35.738756],[139.689611,35.741324],[139.692578,35.743634],[139.694512,35.743055],[139.694535,35.742227],[139.698866,35.742393],[139.699222,35.739725],[139.700993,35.739908],[139.702132,35.736385],[139.703814,35.735872],[139.704123,35.737287],[139.708303,35.741638],[139.710428,35.745793],[139.71363,35.745305]]]}},{"type":"Feature","properties":{"N03_007":"13117","N03_001":"東京都","nam_ja":"北区"},"geometry":{"type":"Polygon","coordinates":[[[139.710859,35.791929],[139.720736,35.791428],[139.722241,35.790727],[139.723145,35.788389],[139.724462,35.787274],[139.726589,35.787491],[139.733872,35.790047],[139.738186,35.78778],[139.738279,35.77875],[139.735723,35.772593],[139.735891,35.771055],[139.736727,35.770219],[139.746406,35.767012],[139.754318,35.768168],[139.757938,35.770178],[139.759279,35.769305],[139.760139,35.766993],[139.758892,35.765198],[139.748888,35.759811],[139.748282,35.758912],[139.748594,35.757572],[139.750068,35.75646],[139.757964,35.754855],[139.757587,35.753169],[139.750887,35.753706],[139.749637,35.751188],[139.750121,35.751139],[139.749779,35.75012],[139.754704,35.749188],[139.755383,35.747577],[139.7578,35.74761],[139.757199,35.745462],[139.761504,35.743181],[139.761736,35.743772],[139.763842,35.744137],[139.763933,35.742848],[139.765891,35.741619],[139.768177,35.741462],[139.769005,35.739259],[139.771125,35.737899],[139.763762,35.734934],[139.764247,35.734437],[139.76342,35.733692],[139.761321,35.73381],[139.761615,35.732826],[139.759937,35.731578],[139.753805,35.735084],[139.750084,35.736139],[139.748354,35.738694],[139.746574,35.739847],[139.746168,35.73884],[139.744412,35.739337],[139.744036,35.738955],[139.744417,35.740789],[139.7419,35.742114],[139.741061,35.742349],[139.735557,35.740546],[139.734573,35.740685],[139.731784,35.743313],[139.732635,35.745088],[139.727909,35.744714],[139.72449,35.740827],[139.72535,35.739991],[139.724523,35.739748],[139.720012,35.741785],[139.719513,35.745043],[139.720614,35.746698],[139.72141,35.746311],[139.721525,35.747379],[139.722202,35.747322],[139.721785,35.747783],[139.722702,35.753228],[139.720423,35.755062],[139.715213,35.761633],[139.713168,35.763267],[139.710895,35.763622],[139.710281,35.765018],[139.709494,35.764845],[139.706404,35.766669],[139.702312,35.781444],[139.703027,35.783568],[139.702152,35.784077],[139.698441,35.782127],[139.69498,35.782622],[139.691279,35.784409],[139.689398,35.787032],[139.690637,35.790573],[139.696151,35.797239],[139.69686,35.798904],[139.705258,35.793408],[139.710859,35.791929]]]}},{"type":"Feature","properties":{"N03_007":"13118","N03_001":"東京都","nam_ja":"荒川区"},"geometry":{"type":"Polygon","coordinates":[[[139.770355,35.753647],[139.782855,35.75414],[139.788796,35.752505],[139.790604,35.751132],[139.791232,35.749653],[139.790908,35.748489],[139.788688,35.747025],[139.788681,35.744907],[139.791106,35.741692],[139.794803,35.739825],[139.802044,35.738568],[139.809938,35.741036],[139.813697,35.740322],[139.814592,35.737215],[139.810928,35.732164],[139.809719,35.728135],[139.801431,35.729252],[139.795066,35.728972],[139.794436,35.730231],[139.792687,35.730118],[139.792353,35.730922],[139.791206,35.731218],[139.789461,35.728743],[139.787758,35.727975],[139.784457,35.72786],[139.782297,35.726255],[139.781455,35.724618],[139.776743,35.724936],[139.775174,35.726122],[139.769772,35.728126],[139.768166,35.727475],[139.766053,35.727532],[139.763987,35.73088],[139.763214,35.731193],[139.762789,35.730747],[139.760937,35.732206],[139.761615,35.732826],[139.761321,35.73381],[139.76342,35.733692],[139.764247,35.734437],[139.763762,35.734934],[139.771125,35.737899],[139.769005,35.739259],[139.768177,35.741462],[139.765488,35.741791],[139.763933,35.742848],[139.763842,35.744137],[139.761736,35.743772],[139.761504,35.743181],[139.760316,35.743452],[139.757199,35.745462],[139.7578,35.74761],[139.755383,35.747577],[139.755167,35.748926],[139.751219,35.749878],[139.750887,35.749554],[139.749779,35.75012],[139.750121,35.751139],[139.749637,35.751188],[139.750887,35.753706],[139.757587,35.753169],[139.757964,35.754855],[139.770355,35.753647]]]}},{"type":"Feature","properties":{"N03_007":"13119","N03_001":"東京都","nam_ja":"板橋区"},"geometry":{"type":"Polygon","coordinates":[[[139.69686,35.798904],[139.696151,35.797239],[139.690637,35.790573],[139.689469,35.786797],[139.691279,35.784409],[139.695654,35.782458],[139.698441,35.782127],[139.702152,35.784077],[139.702751,35.783915],[139.703078,35.782608],[139.702312,35.781444],[139.706404,35.766669],[139.709494,35.764845],[139.710281,35.765018],[139.710895,35.763622],[139.713168,35.763267],[139.715213,35.761633],[139.720423,35.755062],[139.722702,35.753228],[139.721785,35.747783],[139.722202,35.747322],[139.721525,35.747379],[139.72141,35.746311],[139.720614,35.746698],[139.719513,35.745043],[139.710428,35.745793],[139.708303,35.741638],[139.704123,35.737287],[139.703814,35.735872],[139.702132,35.736385],[139.700993,35.739908],[139.699222,35.739725],[139.698866,35.742393],[139.694535,35.742227],[139.694512,35.743055],[139.692578,35.743634],[139.689611,35.741324],[139.680478,35.738715],[139.679097,35.740627],[139.680841,35.743817],[139.675879,35.745395],[139.675379,35.744918],[139.6744,35.74546],[139.672136,35.744526],[139.675025,35.751887],[139.673345,35.754512],[139.673534,35.758932],[139.671285,35.76103],[139.668218,35.767567],[139.66724,35.767291],[139.661133,35.768669],[139.655821,35.769023],[139.651124,35.769174],[139.647914,35.768616],[139.642964,35.770926],[139.640845,35.76916],[139.63483,35.768797],[139.63473,35.769875],[139.633476,35.769862],[139.633488,35.770489],[139.630209,35.772337],[139.629356,35.771735],[139.629396,35.776881],[139.628701,35.777495],[139.625189,35.777934],[139.625453,35.779074],[139.624489,35.780498],[139.627737,35.783129],[139.627875,35.784658],[139.629066,35.785738],[139.630346,35.785362],[139.631692,35.786336],[139.632131,35.787438],[139.631567,35.788203],[139.632294,35.788954],[139.634231,35.790335],[139.637918,35.7912],[139.637654,35.791546],[139.63941,35.792849],[139.640857,35.797943],[139.643691,35.798218],[139.647872,35.797473],[139.653362,35.800226],[139.657777,35.800502],[139.667371,35.800455],[139.678382,35.798823],[139.689814,35.800854],[139.693834,35.800227],[139.69686,35.798904]]]}},{"type":"Feature","properties":{"N03_007":"13120","N03_001":"東京都","nam_ja":"練馬区"},"geometry":{"type":"Polygon","coordinates":[[[139.629396,35.776881],[139.629356,35.771735],[139.630209,35.772337],[139.633488,35.770489],[139.633476,35.769862],[139.63473,35.769875],[139.63483,35.768797],[139.640845,35.76916],[139.642964,35.770926],[139.647914,35.768616],[139.651124,35.769174],[139.655821,35.769023],[139.661133,35.768669],[139.66724,35.767291],[139.668218,35.767567],[139.671285,35.76103],[139.673534,35.758932],[139.673345,35.754512],[139.675025,35.751887],[139.672136,35.744526],[139.6744,35.74546],[139.675379,35.744918],[139.675879,35.745395],[139.680841,35.743817],[139.679097,35.740627],[139.681307,35.737803],[139.68065,35.737782],[139.679095,35.735344],[139.679247,35.733368],[139.677969,35.731696],[139.678424,35.731228],[139.677969,35.730679],[139.67468,35.733059],[139.671455,35.733541],[139.670393,35.732331],[139.668356,35.732073],[139.668175,35.731395],[139.664987,35.731257],[139.662589,35.727245],[139.659627,35.726636],[139.659622,35.72583],[139.651782,35.726327],[139.650474,35.726886],[139.647435,35.726745],[139.647397,35.725489],[139.643574,35.725308],[139.639842,35.726373],[139.639241,35.727857],[139.638099,35.728154],[139.63643,35.732278],[139.635074,35.732304],[139.633543,35.735284],[139.627694,35.735233],[139.624545,35.730146],[139.62178,35.730449],[139.615995,35.729831],[139.615395,35.730285],[139.601948,35.726008],[139.599798,35.723914],[139.595655,35.722172],[139.593359,35.71807],[139.590489,35.720094],[139.586812,35.719759],[139.584919,35.717184],[139.586815,35.713265],[139.586651,35.711912],[139.580571,35.71479],[139.575126,35.718992],[139.56564,35.721657],[139.565258,35.724268],[139.566083,35.727325],[139.569424,35.734156],[139.56733,35.736361],[139.568252,35.73808],[139.568164,35.742759],[139.566765,35.747431],[139.568831,35.747589],[139.567795,35.750061],[139.569276,35.74999],[139.569011,35.751922],[139.567697,35.753224],[139.56777,35.755066],[139.565835,35.756821],[139.56611,35.757424],[139.564136,35.759657],[139.563779,35.761397],[139.562786,35.761595],[139.563585,35.762838],[139.564737,35.762823],[139.565612,35.761876],[139.566779,35.761964],[139.566794,35.762823],[139.568369,35.762823],[139.568238,35.763508],[139.569311,35.763634],[139.569734,35.763007],[139.571076,35.763343],[139.57004,35.765587],[139.572432,35.76582],[139.572388,35.766446],[139.574591,35.766228],[139.574337,35.768191],[139.576889,35.768074],[139.578071,35.769473],[139.578165,35.770851],[139.580682,35.771091],[139.580653,35.77179],[139.581003,35.77112],[139.582243,35.771207],[139.581863,35.772446],[139.583774,35.772854],[139.583985,35.774832],[139.586683,35.775284],[139.588761,35.778529],[139.593414,35.777188],[139.594144,35.778704],[139.597201,35.778366],[139.596938,35.776412],[139.604384,35.775017],[139.603975,35.774216],[139.602677,35.774362],[139.59844,35.772142],[139.59739,35.770976],[139.598353,35.770174],[139.597682,35.769927],[139.598207,35.76914],[139.60286,35.770962],[139.604289,35.769971],[139.606357,35.77095],[139.607145,35.769376],[139.608749,35.768837],[139.611272,35.771067],[139.61171,35.769376],[139.612483,35.770425],[139.615424,35.770874],[139.617233,35.770348],[139.616818,35.768437],[139.617729,35.766648],[139.622992,35.766872],[139.624083,35.771253],[139.625602,35.773015],[139.624209,35.774331],[139.624714,35.779826],[139.625453,35.779074],[139.625189,35.777934],[139.628701,35.777495],[139.629396,35.776881]]]}},{"type":"Feature","properties":{"N03_007":"13121","N03_001":"東京都","nam_ja":"足立区"},"geometry":{"type":"Polygon","coordinates":[[[139.771307,35.817202],[139.77885,35.808605],[139.781137,35.80723],[139.78723,35.806878],[139.794001,35.805198],[139.798841,35.806194],[139.802304,35.808553],[139.812394,35.808258],[139.814696,35.808709],[139.81793,35.810425],[139.818604,35.811767],[139.818608,35.811062],[139.819654,35.81178],[139.821098,35.811438],[139.82011,35.812804],[139.821056,35.815077],[139.823392,35.814152],[139.824927,35.811905],[139.824855,35.811003],[139.822921,35.809407],[139.820752,35.805535],[139.819624,35.799335],[139.820486,35.797539],[139.822476,35.79565],[139.826418,35.793381],[139.832765,35.79568],[139.837219,35.800638],[139.839522,35.800701],[139.84387,35.799494],[139.846748,35.796506],[139.84465,35.79474],[139.84422,35.793587],[139.845266,35.787707],[139.848531,35.78115],[139.85802,35.770414],[139.8588,35.76791],[139.858073,35.765873],[139.856571,35.764427],[139.85218,35.765749],[139.851299,35.769882],[139.845798,35.769515],[139.843596,35.768394],[139.841928,35.766518],[139.837821,35.765973],[139.837478,35.763188],[139.83173,35.763708],[139.830906,35.762272],[139.830938,35.758823],[139.829867,35.757661],[139.827549,35.75735],[139.825625,35.758247],[139.826247,35.761685],[139.826973,35.762085],[139.82437,35.761786],[139.823541,35.755869],[139.822597,35.755576],[139.820253,35.755979],[139.819737,35.760449],[139.817255,35.760211],[139.817163,35.760733],[139.81354,35.759666],[139.813375,35.754643],[139.814887,35.753463],[139.814539,35.752337],[139.817922,35.748003],[139.820363,35.743429],[139.817253,35.742093],[139.814497,35.738805],[139.813697,35.740322],[139.811577,35.741068],[139.809107,35.74086],[139.802044,35.738568],[139.794803,35.739825],[139.792423,35.740775],[139.789975,35.742853],[139.788473,35.745789],[139.788688,35.747025],[139.790908,35.748489],[139.79087,35.75077],[139.788796,35.752505],[139.784663,35.753863],[139.764413,35.753995],[139.752966,35.755691],[139.74928,35.756892],[139.748299,35.758342],[139.748888,35.759811],[139.758165,35.764593],[139.759845,35.766284],[139.760148,35.767546],[139.759279,35.769305],[139.757938,35.770178],[139.754318,35.768168],[139.746406,35.767012],[139.736727,35.770219],[139.735705,35.772208],[139.738188,35.778254],[139.738049,35.780221],[139.74582,35.783283],[139.746768,35.78685],[139.750033,35.785937],[139.755001,35.786896],[139.756262,35.788639],[139.755596,35.790029],[139.75997,35.794338],[139.760601,35.797883],[139.755099,35.803373],[139.750656,35.806669],[139.750773,35.810171],[139.751908,35.810938],[139.755201,35.810732],[139.755611,35.81271],[139.757588,35.811973],[139.761274,35.812888],[139.765784,35.815745],[139.765147,35.816435],[139.767165,35.817653],[139.771307,35.817202]]]}},{"type":"Feature","properties":{"N03_007":"13122","N03_001":"東京都","nam_ja":"葛飾区"},"geometry":{"type":"Polygon","coordinates":[[[139.876265,35.794794],[139.876358,35.792614],[139.873258,35.790395],[139.871194,35.786634],[139.871758,35.784751],[139.872035,35.785039],[139.874542,35.781776],[139.877249,35.781166],[139.887748,35.784023],[139.893778,35.782746],[139.894331,35.781644],[139.894464,35.779918],[139.893417,35.778316],[139.881752,35.772858],[139.87939,35.768013],[139.882475,35.762584],[139.883208,35.758623],[139.889982,35.750765],[139.885915,35.750673],[139.882706,35.74954],[139.880753,35.749731],[139.880444,35.748479],[139.88299,35.748336],[139.882829,35.747485],[139.884898,35.746536],[139.885016,35.745601],[139.881853,35.744382],[139.882144,35.743495],[139.880689,35.741644],[139.879794,35.74153],[139.880508,35.740283],[139.877579,35.740915],[139.876542,35.737036],[139.875245,35.737282],[139.874661,35.736749],[139.873176,35.737699],[139.872934,35.737373],[139.873945,35.736017],[139.87217,35.734443],[139.872183,35.730045],[139.870139,35.729019],[139.870553,35.724708],[139.868743,35.723801],[139.866269,35.71853],[139.868569,35.714582],[139.867399,35.712119],[139.866572,35.712302],[139.866606,35.712911],[139.864848,35.713205],[139.86224,35.712833],[139.860558,35.714339],[139.859624,35.713662],[139.856268,35.714458],[139.851356,35.710853],[139.834644,35.72633],[139.823823,35.737708],[139.817922,35.748003],[139.814539,35.752337],[139.814887,35.753463],[139.813375,35.754643],[139.813275,35.7593],[139.817163,35.760733],[139.817255,35.760211],[139.819737,35.760449],[139.820253,35.755979],[139.822597,35.755576],[139.823541,35.755869],[139.82437,35.761786],[139.826973,35.762085],[139.826247,35.761685],[139.825625,35.758247],[139.827549,35.75735],[139.829867,35.757661],[139.830938,35.758823],[139.830906,35.762272],[139.83173,35.763708],[139.837478,35.763188],[139.837821,35.765973],[139.841928,35.766518],[139.843596,35.768394],[139.845798,35.769515],[139.851299,35.769882],[139.85218,35.765749],[139.856571,35.764427],[139.858452,35.766491],[139.858535,35.769255],[139.848055,35.781872],[139.844808,35.789263],[139.844192,35.792738],[139.84465,35.79474],[139.846748,35.796506],[139.853563,35.791558],[139.855917,35.790823],[139.857368,35.791768],[139.858991,35.79485],[139.859895,35.795333],[139.863849,35.794828],[139.868309,35.796886],[139.871758,35.79734],[139.874313,35.796859],[139.876265,35.794794]]]}},{"type":"Feature","properties":{"N03_007":"13123","N03_001":"東京都","nam_ja":"江戸川区"},"geometry":{"type":"MultiPolygon","coordinates":[[[[139.86514,35.63677],[139.867532,35.635004],[139.867386,35.63422],[139.866427,35.632947],[139.866052,35.632715],[139.867361,35.634678],[139.864468,35.636719],[139.863171,35.635699],[139.861065,35.63692],[139.858155,35.634591],[139.861192,35.637132],[139.863089,35.637338],[139.86514,35.63677]]],[[[139.862284,35.635315],[139.863529,35.635341],[139.863635,35.635081],[139.862284,35.635315]]],[[[139.855539,35.638602],[139.858177,35.638093],[139.858977,35.637415],[139.858954,35.636519],[139.857576,35.635042],[139.858406,35.636888],[139.853296,35.63854],[139.849914,35.638467],[139.849567,35.635743],[139.84977,35.63921],[139.850705,35.640224],[139.852345,35.64028],[139.855539,35.638602]]],[[[139.889982,35.750765],[139.892878,35.748082],[139.898559,35.74541],[139.900683,35.741351],[139.900886,35.737458],[139.897263,35.729278],[139.897982,35.724289],[139.90478,35.718885],[139.908123,35.713862],[139.913437,35.710508],[139.916211,35.708001],[139.916986,35.703523],[139.918908,35.698274],[139.913853,35.69093],[139.907154,35.684384],[139.903789,35.683116],[139.892045,35.681644],[139.887945,35.679993],[139.886432,35.678566],[139.885531,35.672769],[139.887368,35.667921],[139.887389,35.656166],[139.883146,35.644757],[139.871461,35.638642],[139.869044,35.639202],[139.864313,35.638539],[139.85993,35.638842],[139.849441,35.642762],[139.850381,35.656526],[139.845543,35.656717],[139.846887,35.67385],[139.848227,35.679135],[139.845515,35.681288],[139.846602,35.683071],[139.847588,35.688094],[139.847706,35.694967],[139.844528,35.699078],[139.835046,35.703307],[139.834388,35.704732],[139.834899,35.705833],[139.839605,35.71035],[139.834168,35.713438],[139.833159,35.715758],[139.835496,35.71787],[139.839046,35.717114],[139.842155,35.719311],[139.851356,35.710853],[139.856268,35.714458],[139.859624,35.713662],[139.860558,35.714339],[139.86224,35.712833],[139.864848,35.713205],[139.866606,35.712911],[139.866572,35.712302],[139.867399,35.712119],[139.868569,35.714582],[139.866269,35.71853],[139.868743,35.723801],[139.870553,35.724708],[139.870139,35.729019],[139.872183,35.730045],[139.87217,35.734443],[139.873945,35.736017],[139.872934,35.737373],[139.873176,35.737699],[139.874661,35.736749],[139.875245,35.737282],[139.876542,35.737036],[139.877579,35.740915],[139.880508,35.740283],[139.879794,35.74153],[139.880689,35.741644],[139.882144,35.743495],[139.881853,35.744382],[139.885016,35.745601],[139.884898,35.746536],[139.882829,35.747485],[139.88299,35.748336],[139.880444,35.748479],[139.880753,35.749731],[139.882706,35.74954],[139.885915,35.750673],[139.889982,35.750765]]]]}},{"type":"Feature","properties":{"N03_007":"13201","N03_001":"東京都","nam_ja":"八王子市"},"geometry":{"type":"Polygon","coordinates":[[[139.323273,35.715772],[139.327638,35.710396],[139.329058,35.710033],[139.329087,35.712308],[139.332258,35.714008],[139.332486,35.712612],[139.331441,35.711876],[139.331322,35.709767],[139.333083,35.70453],[139.336822,35.701511],[139.335596,35.699058],[139.336064,35.695963],[139.340256,35.693714],[139.342311,35.693668],[139.343201,35.692844],[139.346447,35.691985],[139.352056,35.692453],[139.354477,35.693276],[139.363327,35.693744],[139.367625,35.692141],[139.376266,35.691631],[139.380344,35.687418],[139.379643,35.68677],[139.377969,35.687673],[139.375201,35.685782],[139.376013,35.683591],[139.375039,35.681909],[139.376711,35.678383],[139.376502,35.676454],[139.373163,35.673453],[139.37047,35.668562],[139.372425,35.665753],[139.370028,35.665081],[139.37031,35.66453],[139.360846,35.660016],[139.358889,35.659359],[139.357349,35.659998],[139.359453,35.657273],[139.358305,35.655759],[139.357354,35.655808],[139.358149,35.654112],[139.366378,35.645664],[139.371024,35.643747],[139.373713,35.643981],[139.376549,35.645403],[139.378879,35.643633],[139.378698,35.641958],[139.378026,35.642304],[139.378071,35.641116],[139.377181,35.641013],[139.378084,35.639323],[139.379783,35.639713],[139.3819,35.64131],[139.384064,35.641348],[139.387375,35.64072],[139.390263,35.641142],[139.39266,35.639465],[139.393741,35.640267],[139.395003,35.639723],[139.39606,35.640504],[139.396943,35.639824],[139.398398,35.639792],[139.399361,35.64119],[139.404703,35.643678],[139.406404,35.645257],[139.410523,35.644904],[139.412835,35.6466],[139.415004,35.647034],[139.415573,35.645161],[139.417603,35.6432],[139.42025,35.643081],[139.420163,35.642077],[139.422885,35.641031],[139.423982,35.639448],[139.426797,35.637979],[139.426906,35.636784],[139.428519,35.635186],[139.429329,35.63511],[139.429787,35.631967],[139.426924,35.63196],[139.426675,35.63091],[139.425016,35.629862],[139.422515,35.629596],[139.421484,35.629066],[139.42193,35.6286],[139.419841,35.628598],[139.418722,35.627774],[139.418967,35.62696],[139.41733,35.626965],[139.415408,35.625509],[139.413191,35.625617],[139.411791,35.62435],[139.407869,35.622604],[139.407388,35.621344],[139.404408,35.620592],[139.40286,35.61773],[139.401254,35.616319],[139.400819,35.614562],[139.398668,35.612862],[139.398527,35.611955],[139.393666,35.608627],[139.392968,35.607364],[139.390084,35.606847],[139.38897,35.605352],[139.388585,35.605701],[139.387555,35.604907],[139.388349,35.602407],[139.386808,35.599773],[139.386884,35.597941],[139.381678,35.602123],[139.379812,35.602484],[139.377072,35.604165],[139.373388,35.604219],[139.372349,35.605127],[139.371146,35.605031],[139.370979,35.606127],[139.369951,35.605692],[139.365833,35.60872],[139.361222,35.605092],[139.359688,35.605521],[139.359392,35.606574],[139.353654,35.607324],[139.351615,35.608683],[139.349509,35.608227],[139.349276,35.609057],[139.347167,35.609012],[139.346227,35.6107],[139.345946,35.61031],[139.343832,35.611877],[139.342712,35.610036],[139.343341,35.611581],[139.342579,35.611635],[139.343383,35.611998],[139.342936,35.612801],[139.341387,35.612541],[139.342307,35.613259],[139.339914,35.614203],[139.340397,35.615539],[139.339455,35.61692],[139.339983,35.618219],[139.341153,35.618376],[139.341567,35.619749],[139.340049,35.620788],[139.338279,35.623504],[139.33746,35.622837],[139.33779,35.622412],[139.336962,35.622485],[139.337994,35.621677],[139.337395,35.621044],[139.338323,35.620369],[139.338535,35.619445],[139.337847,35.619004],[139.338447,35.618911],[139.338266,35.617655],[139.338979,35.616949],[139.337827,35.616419],[139.337375,35.614208],[139.335619,35.614898],[139.334051,35.614371],[139.333469,35.615224],[139.331299,35.61532],[139.330128,35.616413],[139.328439,35.615002],[139.326973,35.615764],[139.325557,35.61498],[139.323914,35.615369],[139.322786,35.614819],[139.321308,35.615574],[139.317717,35.615341],[139.315467,35.612868],[139.313628,35.614464],[139.307617,35.61624],[139.303488,35.615177],[139.298037,35.616107],[139.296786,35.615502],[139.293541,35.615467],[139.294756,35.616925],[139.293643,35.618569],[139.293434,35.62075],[139.292051,35.621026],[139.289297,35.620188],[139.288527,35.621515],[139.287034,35.622027],[139.285768,35.620809],[139.28455,35.621094],[139.283601,35.6203],[139.282979,35.620861],[139.281853,35.619787],[139.279916,35.620066],[139.27914,35.618791],[139.277777,35.619462],[139.276372,35.616388],[139.274504,35.614972],[139.27437,35.614137],[139.271535,35.613978],[139.269164,35.61262],[139.268799,35.609355],[139.266025,35.60791],[139.266135,35.605627],[139.264775,35.602459],[139.2612,35.602869],[139.257705,35.604231],[139.252224,35.601667],[139.250748,35.603201],[139.247216,35.605096],[139.238638,35.606977],[139.2378,35.609798],[139.236495,35.609835],[139.229881,35.614568],[139.23048,35.616897],[139.229665,35.618991],[139.226166,35.622316],[139.225906,35.623477],[139.219641,35.625895],[139.219479,35.626678],[139.221434,35.629466],[139.21916,35.631972],[139.218542,35.633651],[139.216789,35.634478],[139.215371,35.637076],[139.215522,35.639266],[139.214427,35.641551],[139.215456,35.646122],[139.211461,35.649117],[139.207323,35.649715],[139.205636,35.651361],[139.203557,35.651692],[139.202109,35.653007],[139.201308,35.652537],[139.198258,35.653],[139.19573,35.651287],[139.193992,35.651785],[139.192475,35.650256],[139.191633,35.647435],[139.184233,35.645075],[139.181369,35.645739],[139.179034,35.645596],[139.176118,35.648188],[139.175489,35.649546],[139.17374,35.650351],[139.171791,35.650341],[139.169566,35.65149],[139.166955,35.651066],[139.166593,35.652338],[139.167836,35.653862],[139.168628,35.656819],[139.16836,35.658556],[139.167017,35.659304],[139.167226,35.66176],[139.165134,35.663337],[139.164981,35.665279],[139.162099,35.666982],[139.161604,35.667907],[139.16475,35.670322],[139.166011,35.6752],[139.167947,35.676835],[139.169978,35.680051],[139.170529,35.682879],[139.171767,35.684065],[139.171138,35.685888],[139.171415,35.688743],[139.178788,35.689241],[139.181987,35.688059],[139.18433,35.689068],[139.189706,35.687594],[139.191808,35.687972],[139.193368,35.689078],[139.195533,35.688424],[139.197756,35.688584],[139.198461,35.687837],[139.19939,35.688246],[139.200162,35.690134],[139.200769,35.696663],[139.200139,35.698286],[139.200493,35.699153],[139.203426,35.699177],[139.204924,35.699842],[139.205348,35.703202],[139.204371,35.704801],[139.204438,35.707147],[139.205378,35.708349],[139.206458,35.712425],[139.212857,35.715172],[139.217245,35.718868],[139.218878,35.716913],[139.222001,35.716199],[139.223448,35.716639],[139.226064,35.715904],[139.228857,35.716284],[139.230052,35.71537],[139.232943,35.715354],[139.234787,35.714424],[139.235621,35.71484],[139.237496,35.713236],[139.240652,35.714201],[139.243209,35.712491],[139.245123,35.713339],[139.246526,35.71089],[139.248418,35.711028],[139.24963,35.710493],[139.251946,35.712262],[139.256187,35.712661],[139.258107,35.712243],[139.260862,35.710441],[139.265949,35.709776],[139.267195,35.710317],[139.268807,35.709963],[139.271075,35.71087],[139.272216,35.712646],[139.271893,35.714414],[139.273911,35.715008],[139.276807,35.713971],[139.281852,35.713644],[139.283484,35.712753],[139.28538,35.713352],[139.294118,35.713413],[139.295925,35.71145],[139.301352,35.711774],[139.304048,35.713875],[139.303501,35.712395],[139.304541,35.711469],[139.306441,35.712598],[139.306436,35.713406],[139.308005,35.714508],[139.308496,35.715886],[139.313593,35.713951],[139.316112,35.714327],[139.319316,35.719097],[139.323273,35.715772]]]}},{"type":"Feature","properties":{"N03_007":"13202","N03_001":"東京都","nam_ja":"立川市"},"geometry":{"type":"Polygon","coordinates":[[[139.387311,35.739086],[139.388068,35.739383],[139.39531,35.733503],[139.399111,35.735011],[139.399946,35.734895],[139.400775,35.733482],[139.402,35.73339],[139.402374,35.734003],[139.406936,35.733614],[139.409264,35.734086],[139.408822,35.733625],[139.409457,35.732594],[139.414416,35.733028],[139.416225,35.732084],[139.423201,35.731073],[139.426682,35.731483],[139.426438,35.73017],[139.423014,35.730726],[139.422848,35.730308],[139.433583,35.727085],[139.435628,35.724756],[139.446122,35.722875],[139.443981,35.711704],[139.441612,35.715827],[139.436552,35.714772],[139.433098,35.719298],[139.430993,35.718966],[139.431361,35.717848],[139.428265,35.71736],[139.429098,35.71599],[139.432451,35.716375],[139.432764,35.715865],[139.429407,35.715425],[139.429747,35.714447],[139.431556,35.714241],[139.431897,35.713615],[139.430643,35.713233],[139.431709,35.711649],[139.433053,35.71164],[139.431763,35.711237],[139.43381,35.707204],[139.437065,35.707444],[139.437313,35.706982],[139.434223,35.706575],[139.435628,35.703729],[139.430318,35.703543],[139.429522,35.704415],[139.427273,35.703629],[139.425594,35.701883],[139.426541,35.699822],[139.428782,35.701118],[139.429027,35.700412],[139.427202,35.699445],[139.4274,35.698441],[139.431647,35.696937],[139.4299,35.693933],[139.431051,35.693575],[139.431216,35.690281],[139.428412,35.69112],[139.426315,35.68857],[139.426614,35.687998],[139.425208,35.687777],[139.42539,35.686776],[139.422296,35.687751],[139.421575,35.688644],[139.417568,35.682761],[139.410491,35.684154],[139.395136,35.68918],[139.385089,35.691283],[139.388823,35.693384],[139.38853,35.695155],[139.39025,35.698842],[139.392951,35.699076],[139.393961,35.70242],[139.393401,35.70321],[139.393825,35.704155],[139.394591,35.703946],[139.394852,35.704511],[139.394051,35.705146],[139.398531,35.711561],[139.3957,35.712888],[139.394506,35.711652],[139.391039,35.715333],[139.388988,35.714393],[139.387097,35.716672],[139.388845,35.717896],[139.385502,35.720457],[139.382495,35.720756],[139.381982,35.720251],[139.379315,35.721723],[139.381791,35.723116],[139.380092,35.72559],[139.377708,35.724212],[139.37636,35.725452],[139.370048,35.724509],[139.370286,35.725834],[139.365413,35.725026],[139.365274,35.725761],[139.361866,35.726292],[139.361947,35.725104],[139.362866,35.72457],[139.362413,35.724173],[139.357169,35.725801],[139.356879,35.725285],[139.355047,35.725078],[139.35521,35.726456],[139.354141,35.727963],[139.35335,35.727959],[139.352329,35.732594],[139.353462,35.733058],[139.352926,35.736093],[139.359007,35.737331],[139.358779,35.73872],[139.359375,35.739421],[139.365463,35.739064],[139.369466,35.735877],[139.370274,35.737356],[139.374049,35.736666],[139.377962,35.735093],[139.378478,35.733515],[139.381162,35.734863],[139.383496,35.733034],[139.384402,35.733724],[139.38386,35.735523],[139.388527,35.733666],[139.391146,35.73339],[139.387289,35.737046],[139.384825,35.737876],[139.384916,35.741448],[139.383341,35.742661],[139.383452,35.745098],[139.383631,35.743822],[139.387071,35.741205],[139.387311,35.739086]]]}},{"type":"Feature","properties":{"N03_007":"13203","N03_001":"東京都","nam_ja":"武蔵野市"},"geometry":{"type":"Polygon","coordinates":[[[139.532601,35.701073],[139.532543,35.709109],[139.527161,35.709909],[139.527388,35.712816],[139.525247,35.712944],[139.526913,35.718514],[139.530001,35.717501],[139.529423,35.712793],[139.537361,35.71132],[139.549406,35.716919],[139.554584,35.720777],[139.559938,35.721997],[139.565828,35.721621],[139.575126,35.718992],[139.580571,35.71479],[139.587707,35.711404],[139.595473,35.705435],[139.592892,35.701246],[139.590255,35.69482],[139.588287,35.695617],[139.586717,35.693963],[139.584827,35.697249],[139.579915,35.698823],[139.576655,35.701434],[139.575375,35.70117],[139.574518,35.699771],[139.572585,35.698886],[139.572301,35.697359],[139.570515,35.698928],[139.550168,35.706781],[139.55066,35.695009],[139.542443,35.696719],[139.542191,35.695294],[139.536519,35.695331],[139.536417,35.698291],[139.533935,35.698973],[139.533557,35.701082],[139.532601,35.701073]]]}},{"type":"Feature","properties":{"N03_007":"13204","N03_001":"東京都","nam_ja":"三鷹市"},"geometry":{"type":"Polygon","coordinates":[[[139.572078,35.697647],[139.572585,35.698886],[139.574518,35.699771],[139.575375,35.70117],[139.576655,35.701434],[139.579915,35.698823],[139.584827,35.697249],[139.586826,35.693856],[139.594055,35.688997],[139.593103,35.688863],[139.593165,35.68799],[139.590565,35.687001],[139.593612,35.684128],[139.593089,35.682903],[139.594179,35.682141],[139.593304,35.681738],[139.592071,35.682095],[139.586675,35.682801],[139.585501,35.682624],[139.591803,35.681678],[139.58532,35.682045],[139.58828,35.679644],[139.588338,35.67893],[139.586502,35.676941],[139.586724,35.674586],[139.587404,35.674024],[139.58345,35.674037],[139.582489,35.673394],[139.588501,35.670514],[139.588889,35.66941],[139.585167,35.671288],[139.584504,35.6704],[139.581255,35.670245],[139.580454,35.670715],[139.580044,35.672523],[139.579464,35.672247],[139.576732,35.673554],[139.575072,35.673137],[139.578447,35.671914],[139.57894,35.670397],[139.57809,35.670232],[139.577715,35.66886],[139.578358,35.668319],[139.578307,35.668895],[139.578908,35.668915],[139.579805,35.665537],[139.582141,35.665026],[139.578336,35.662474],[139.576908,35.660387],[139.575394,35.660118],[139.572631,35.662714],[139.572601,35.663303],[139.57459,35.661463],[139.575209,35.661706],[139.572805,35.664231],[139.568497,35.663502],[139.566144,35.664254],[139.564398,35.668543],[139.56438,35.672628],[139.560871,35.682843],[139.556746,35.682733],[139.55675,35.682309],[139.552144,35.68134],[139.552163,35.680841],[139.545439,35.682063],[139.544709,35.680324],[139.542939,35.680461],[139.541396,35.669899],[139.542293,35.667457],[139.544431,35.666605],[139.541989,35.664448],[139.538377,35.664745],[139.538832,35.665474],[139.537451,35.665474],[139.537157,35.666555],[139.538489,35.667128],[139.53559,35.669292],[139.53475,35.668856],[139.534451,35.667551],[139.53137,35.667699],[139.532436,35.669899],[139.530711,35.670753],[139.530663,35.671929],[139.529539,35.672523],[139.529452,35.675608],[139.528508,35.675612],[139.527944,35.674453],[139.526757,35.67468],[139.5267,35.676296],[139.527404,35.676323],[139.52782,35.677286],[139.526259,35.677243],[139.526595,35.679138],[139.525338,35.679584],[139.525389,35.6809],[139.528681,35.681198],[139.528206,35.682199],[139.528843,35.682859],[139.52706,35.683739],[139.526258,35.686941],[139.524469,35.688414],[139.524875,35.690104],[139.526832,35.689488],[139.528541,35.690672],[139.532162,35.688779],[139.53137,35.694614],[139.534198,35.694881],[139.533935,35.698973],[139.536417,35.698291],[139.536519,35.695331],[139.542191,35.695294],[139.542443,35.696719],[139.55066,35.695009],[139.550168,35.706781],[139.570515,35.698928],[139.572078,35.697647]]]}},{"type":"Feature","properties":{"N03_007":"13205","N03_001":"東京都","nam_ja":"青梅市"},"geometry":{"type":"Polygon","coordinates":[[[139.163531,35.850868],[139.168968,35.850018],[139.171113,35.84861],[139.174358,35.848312],[139.175444,35.847202],[139.181073,35.844765],[139.181831,35.843787],[139.183628,35.843575],[139.184158,35.842792],[139.186762,35.842916],[139.189277,35.841371],[139.192819,35.840222],[139.19581,35.840046],[139.198246,35.841102],[139.203444,35.841297],[139.204802,35.843028],[139.204943,35.844663],[139.206326,35.845907],[139.207606,35.846437],[139.212649,35.846611],[139.213687,35.845531],[139.214922,35.84578],[139.215838,35.844307],[139.219333,35.842521],[139.22018,35.841295],[139.224547,35.840499],[139.231272,35.83664],[139.232811,35.836747],[139.234232,35.838133],[139.235361,35.838049],[139.237024,35.840153],[139.239038,35.840525],[139.241234,35.840038],[139.24278,35.8366],[139.251134,35.837556],[139.252255,35.838249],[139.256416,35.837769],[139.256695,35.837065],[139.258805,35.837272],[139.258885,35.836389],[139.260426,35.835992],[139.263115,35.837311],[139.26824,35.838242],[139.271522,35.839682],[139.27992,35.839246],[139.280265,35.840687],[139.281679,35.839764],[139.282884,35.837169],[139.284941,35.836008],[139.286564,35.837071],[139.290911,35.837957],[139.295604,35.833845],[139.296615,35.835446],[139.301169,35.83496],[139.302077,35.834129],[139.301387,35.83394],[139.301756,35.831087],[139.301173,35.829693],[139.302691,35.826014],[139.30244,35.824206],[139.304865,35.823868],[139.304767,35.822398],[139.311604,35.825332],[139.315242,35.824987],[139.316192,35.823588],[139.316497,35.819359],[139.31505,35.816891],[139.315,35.814347],[139.316752,35.812689],[139.316789,35.81147],[139.318339,35.809829],[139.319091,35.806979],[139.322619,35.800269],[139.322254,35.799497],[139.325404,35.79541],[139.33036,35.794339],[139.330099,35.792922],[139.328483,35.791769],[139.330071,35.790612],[139.326264,35.787031],[139.32172,35.789736],[139.321218,35.789595],[139.32365,35.7875],[139.323801,35.786675],[139.322759,35.786306],[139.322009,35.788511],[139.32058,35.789909],[139.318008,35.789524],[139.320786,35.788299],[139.32066,35.783363],[139.32349,35.781822],[139.32412,35.781084],[139.323749,35.780045],[139.320686,35.776808],[139.31844,35.778411],[139.312281,35.775525],[139.31137,35.776762],[139.309187,35.775706],[139.308022,35.777234],[139.306896,35.776669],[139.306065,35.777826],[139.303319,35.778134],[139.301945,35.779895],[139.300782,35.77997],[139.2999,35.781159],[139.297554,35.78077],[139.295503,35.777656],[139.292133,35.775342],[139.292786,35.772505],[139.295113,35.769994],[139.296693,35.76605],[139.296555,35.762934],[139.297442,35.760081],[139.296542,35.754545],[139.293862,35.75567],[139.293546,35.757068],[139.292329,35.757555],[139.290091,35.760073],[139.288143,35.759614],[139.28752,35.760982],[139.276323,35.761684],[139.274432,35.760899],[139.269323,35.76113],[139.266904,35.759975],[139.264275,35.760552],[139.263515,35.759969],[139.261527,35.759832],[139.257389,35.760336],[139.256238,35.761887],[139.255257,35.761957],[139.254295,35.764026],[139.251913,35.764482],[139.249452,35.766601],[139.245628,35.767395],[139.242641,35.766808],[139.238308,35.767009],[139.23812,35.768624],[139.235363,35.769374],[139.233744,35.768618],[139.232103,35.768757],[139.230781,35.769974],[139.228289,35.770809],[139.227441,35.772023],[139.225933,35.771862],[139.224142,35.772883],[139.222584,35.772446],[139.220852,35.774034],[139.216885,35.772811],[139.21434,35.774086],[139.21053,35.773178],[139.209314,35.774603],[139.209377,35.775866],[139.206439,35.778435],[139.205673,35.778292],[139.204883,35.779732],[139.203572,35.780158],[139.200531,35.783849],[139.198896,35.784451],[139.198345,35.786377],[139.194304,35.787377],[139.192215,35.78919],[139.1912,35.788679],[139.18879,35.789075],[139.186184,35.787784],[139.181804,35.787592],[139.175619,35.784863],[139.171926,35.782112],[139.166569,35.780922],[139.165676,35.779564],[139.16143,35.777116],[139.158632,35.777915],[139.157932,35.77575],[139.158431,35.774239],[139.157738,35.773171],[139.157001,35.773658],[139.153719,35.773546],[139.151731,35.776622],[139.148795,35.778938],[139.148242,35.775291],[139.146379,35.77537],[139.144746,35.776946],[139.142857,35.776406],[139.142276,35.774831],[139.140995,35.774213],[139.139383,35.772054],[139.138444,35.771918],[139.137638,35.772432],[139.137355,35.778311],[139.140485,35.778995],[139.142726,35.781025],[139.147812,35.781991],[139.146479,35.785755],[139.147418,35.78608],[139.146626,35.787685],[139.14774,35.790668],[139.146779,35.792631],[139.14982,35.796378],[139.156305,35.798625],[139.159141,35.798428],[139.164816,35.8016],[139.167321,35.801725],[139.171454,35.803472],[139.171665,35.805094],[139.173579,35.806755],[139.17569,35.807078],[139.174209,35.812827],[139.177412,35.820398],[139.175242,35.827134],[139.178431,35.830589],[139.176892,35.833086],[139.17735,35.83515],[139.17495,35.836308],[139.174337,35.837924],[139.173272,35.838279],[139.171999,35.839958],[139.169709,35.840414],[139.166118,35.842972],[139.166419,35.844569],[139.162576,35.849551],[139.163531,35.850868]]]}},{"type":"Feature","properties":{"N03_007":"13206","N03_001":"東京都","nam_ja":"府中市"},"geometry":{"type":"MultiPolygon","coordinates":[[[[139.463074,35.699743],[139.464033,35.697247],[139.463262,35.696955],[139.463773,35.695432],[139.465294,35.695004],[139.466816,35.695335],[139.467791,35.692498],[139.465891,35.691565],[139.466223,35.69039],[139.463718,35.689715],[139.466542,35.688443],[139.473313,35.689454],[139.473594,35.68908],[139.477373,35.68934],[139.478217,35.690372],[139.481041,35.6907],[139.481322,35.691435],[139.483526,35.691255],[139.484544,35.692092],[139.486611,35.69221],[139.487911,35.694794],[139.489588,35.695451],[139.487812,35.691978],[139.489634,35.692489],[139.489035,35.690956],[139.490258,35.690563],[139.490178,35.690052],[139.491401,35.690228],[139.495787,35.688643],[139.495715,35.688212],[139.496953,35.688471],[139.495441,35.686901],[139.497353,35.686756],[139.497003,35.686311],[139.497814,35.685664],[139.49871,35.68563],[139.499894,35.687176],[139.502948,35.687273],[139.500529,35.684268],[139.502174,35.684102],[139.505947,35.687238],[139.505886,35.686561],[139.514571,35.686091],[139.514517,35.688421],[139.51527,35.690003],[139.518078,35.691383],[139.521498,35.688357],[139.522269,35.687362],[139.520499,35.681634],[139.52126,35.68144],[139.520935,35.680532],[139.524338,35.679688],[139.524676,35.677511],[139.523835,35.678094],[139.522128,35.677717],[139.522099,35.677183],[139.524735,35.676425],[139.526457,35.672385],[139.525431,35.669232],[139.524336,35.669163],[139.524151,35.667865],[139.523218,35.667789],[139.519437,35.660443],[139.517461,35.658385],[139.518195,35.658183],[139.517036,35.655309],[139.518838,35.655179],[139.520791,35.653592],[139.520835,35.646195],[139.517403,35.649012],[139.512094,35.651202],[139.506798,35.650879],[139.503319,35.650033],[139.50215,35.649102],[139.50132,35.649185],[139.50147,35.650517],[139.499462,35.651448],[139.491625,35.65209],[139.489018,35.6515],[139.486128,35.652677],[139.479246,35.651977],[139.473997,35.650747],[139.473807,35.649334],[139.47255,35.649281],[139.467882,35.651208],[139.442015,35.657961],[139.440917,35.659975],[139.429828,35.670818],[139.431729,35.672677],[139.435914,35.67151],[139.437212,35.672149],[139.441477,35.670715],[139.441967,35.671427],[139.440542,35.671683],[139.44338,35.672373],[139.445145,35.671817],[139.444173,35.672588],[139.4457,35.673502],[139.450805,35.671555],[139.45351,35.671555],[139.449597,35.67434],[139.451109,35.673474],[139.450727,35.67665],[139.45165,35.676816],[139.451288,35.677951],[139.452382,35.67865],[139.451587,35.679473],[139.451452,35.681279],[139.452347,35.683468],[139.45293,35.683557],[139.453641,35.687905],[139.456079,35.691305],[139.457108,35.691113],[139.457459,35.691937],[139.458212,35.691702],[139.458581,35.692256],[139.459597,35.691851],[139.458798,35.69351],[139.459556,35.693913],[139.460249,35.699849],[139.463074,35.699743]]],[[[139.496955,35.687245],[139.496792,35.687785],[139.497522,35.687708],[139.497618,35.687316],[139.496955,35.687245]]]]}},{"type":"Feature","properties":{"N03_007":"13207","N03_001":"東京都","nam_ja":"昭島市"},"geometry":{"type":"Polygon","coordinates":[[[139.365391,35.725592],[139.365413,35.725026],[139.366077,35.725029],[139.370286,35.725834],[139.370048,35.724509],[139.37636,35.725452],[139.377708,35.724212],[139.380092,35.72559],[139.381791,35.723116],[139.379315,35.721723],[139.381982,35.720251],[139.382495,35.720756],[139.385502,35.720457],[139.388845,35.717896],[139.387097,35.716672],[139.388988,35.714393],[139.391039,35.715333],[139.394506,35.711652],[139.3957,35.712888],[139.398531,35.711561],[139.394051,35.705146],[139.394852,35.704511],[139.394591,35.703946],[139.393825,35.704155],[139.393401,35.70321],[139.393961,35.70242],[139.392951,35.699076],[139.39025,35.698842],[139.390279,35.698079],[139.389388,35.697579],[139.388589,35.69307],[139.385089,35.691283],[139.371159,35.69168],[139.367625,35.692141],[139.363327,35.693744],[139.354477,35.693276],[139.352056,35.692453],[139.346447,35.691985],[139.343201,35.692844],[139.342311,35.693668],[139.340387,35.693653],[139.336211,35.695786],[139.335596,35.699058],[139.336822,35.701511],[139.333083,35.70453],[139.331322,35.709767],[139.331441,35.711876],[139.333488,35.713419],[139.338862,35.715865],[139.339448,35.717389],[139.338597,35.718948],[139.341619,35.721309],[139.343168,35.721572],[139.343659,35.721084],[139.346276,35.720946],[139.346638,35.721658],[139.351576,35.722143],[139.352979,35.723532],[139.352944,35.724837],[139.356756,35.725255],[139.357169,35.725801],[139.362413,35.724173],[139.362866,35.72457],[139.361947,35.725104],[139.361838,35.726286],[139.365391,35.725592]]]}},{"type":"Feature","properties":{"N03_007":"13208","N03_001":"東京都","nam_ja":"調布市"},"geometry":{"type":"Polygon","coordinates":[[[139.523781,35.688016],[139.525447,35.686885],[139.525157,35.686016],[139.525942,35.684754],[139.528843,35.682859],[139.528206,35.682199],[139.528681,35.681198],[139.525389,35.6809],[139.525338,35.679584],[139.526595,35.679138],[139.526259,35.677243],[139.52782,35.677286],[139.527404,35.676323],[139.5267,35.676296],[139.526757,35.67468],[139.527944,35.674453],[139.528508,35.675612],[139.529452,35.675608],[139.529539,35.672523],[139.530663,35.671929],[139.530711,35.670753],[139.532436,35.669899],[139.53137,35.667699],[139.534451,35.667551],[139.53475,35.668856],[139.53559,35.669292],[139.538489,35.667128],[139.537157,35.666555],[139.537451,35.665474],[139.538832,35.665474],[139.538377,35.664745],[139.541599,35.664273],[139.544393,35.666506],[139.542133,35.667634],[139.54143,35.670531],[139.542939,35.680461],[139.544709,35.680324],[139.545439,35.682063],[139.552163,35.680841],[139.552144,35.68134],[139.55675,35.682309],[139.556746,35.682733],[139.560871,35.682843],[139.56438,35.672628],[139.564363,35.668754],[139.565571,35.665069],[139.567935,35.66353],[139.573014,35.664144],[139.575209,35.661706],[139.57459,35.661463],[139.572601,35.663303],[139.572631,35.662714],[139.575502,35.660041],[139.576908,35.660387],[139.578336,35.662474],[139.582141,35.665026],[139.579805,35.665537],[139.578908,35.668915],[139.578307,35.668895],[139.578358,35.668319],[139.577715,35.66886],[139.57809,35.670232],[139.57894,35.670397],[139.578447,35.671914],[139.575072,35.673137],[139.576732,35.673554],[139.579464,35.672247],[139.580044,35.672523],[139.580454,35.670715],[139.581255,35.670245],[139.584504,35.6704],[139.585167,35.671288],[139.588838,35.669461],[139.590124,35.665792],[139.586561,35.663958],[139.587343,35.66259],[139.588969,35.662445],[139.590018,35.661175],[139.589933,35.657111],[139.590918,35.655359],[139.592334,35.655432],[139.592862,35.654182],[139.593083,35.651524],[139.591961,35.651359],[139.591994,35.645816],[139.589566,35.645141],[139.587298,35.646492],[139.585579,35.645511],[139.584311,35.646845],[139.584189,35.648699],[139.582299,35.648464],[139.582785,35.647257],[139.580775,35.647274],[139.579101,35.648182],[139.580857,35.64916],[139.580615,35.649546],[139.57892,35.6487],[139.577334,35.649235],[139.576523,35.650338],[139.5745,35.650745],[139.571562,35.649315],[139.569924,35.649258],[139.569478,35.647796],[139.565753,35.64717],[139.565868,35.646249],[139.563368,35.641371],[139.563064,35.636396],[139.561971,35.632591],[139.557425,35.633995],[139.549428,35.634375],[139.547721,35.636693],[139.545959,35.63742],[139.535951,35.639482],[139.530888,35.641958],[139.525389,35.642648],[139.523923,35.643432],[139.520835,35.646195],[139.520713,35.653737],[139.518838,35.655179],[139.517036,35.655309],[139.518195,35.658183],[139.517461,35.658385],[139.519437,35.660443],[139.523218,35.667789],[139.524151,35.667865],[139.524336,35.669163],[139.525431,35.669232],[139.526457,35.672385],[139.524735,35.676425],[139.522099,35.677183],[139.522128,35.677717],[139.523835,35.678094],[139.524676,35.677511],[139.524338,35.679688],[139.520935,35.680532],[139.52126,35.68144],[139.520499,35.681634],[139.522269,35.687362],[139.523781,35.688016]]]}},{"type":"Feature","properties":{"N03_007":"13209","N03_001":"東京都","nam_ja":"町田市"},"geometry":{"type":"Polygon","coordinates":[[[139.338279,35.623504],[139.341567,35.619749],[139.341153,35.618376],[139.339983,35.618219],[139.339455,35.61692],[139.340397,35.615539],[139.339914,35.614203],[139.342307,35.613259],[139.341387,35.612541],[139.342936,35.612801],[139.343383,35.611998],[139.342579,35.611635],[139.343341,35.611581],[139.342712,35.610036],[139.343832,35.611877],[139.345946,35.61031],[139.346227,35.6107],[139.347167,35.609012],[139.349276,35.609057],[139.349509,35.608227],[139.351615,35.608683],[139.353654,35.607324],[139.359392,35.606574],[139.359688,35.605521],[139.361222,35.605092],[139.365833,35.60872],[139.369951,35.605692],[139.370979,35.606127],[139.371146,35.605031],[139.372349,35.605127],[139.373388,35.604219],[139.377072,35.604165],[139.379812,35.602484],[139.381678,35.602123],[139.386884,35.597941],[139.386808,35.599773],[139.388349,35.602407],[139.38764,35.605012],[139.388585,35.605701],[139.38897,35.605352],[139.390227,35.606908],[139.392097,35.606843],[139.393901,35.608189],[139.395644,35.608209],[139.396638,35.609627],[139.398583,35.610437],[139.400691,35.61045],[139.401394,35.608635],[139.407934,35.612044],[139.408158,35.611016],[139.410185,35.610062],[139.412703,35.61228],[139.414571,35.611609],[139.415759,35.612163],[139.417184,35.611689],[139.417998,35.61034],[139.420613,35.609725],[139.423111,35.606635],[139.424592,35.606955],[139.426281,35.605447],[139.42817,35.606135],[139.428576,35.608138],[139.433867,35.605866],[139.434284,35.604698],[139.434429,35.60601],[139.436178,35.606641],[139.438735,35.610055],[139.443382,35.609021],[139.444331,35.609421],[139.445935,35.608705],[139.447656,35.610877],[139.449281,35.611776],[139.452866,35.607684],[139.452515,35.606718],[139.453517,35.604476],[139.457918,35.607477],[139.460634,35.608412],[139.463074,35.608027],[139.463798,35.609161],[139.465036,35.608753],[139.466049,35.609501],[139.466665,35.608632],[139.466467,35.606731],[139.470275,35.603486],[139.47106,35.601158],[139.473973,35.599697],[139.476578,35.599625],[139.478021,35.598974],[139.479635,35.595092],[139.479491,35.595886],[139.480781,35.595742],[139.480303,35.594695],[139.481886,35.595368],[139.482932,35.594867],[139.48391,35.595298],[139.483184,35.593415],[139.484537,35.594163],[139.484255,35.592817],[139.485118,35.592921],[139.485778,35.591912],[139.487096,35.591717],[139.487115,35.590022],[139.487881,35.590949],[139.488629,35.590719],[139.488232,35.589948],[139.489176,35.590144],[139.490688,35.588991],[139.491194,35.589371],[139.491935,35.588469],[139.493678,35.589076],[139.493605,35.587612],[139.494459,35.586236],[139.493103,35.584282],[139.493753,35.584164],[139.493936,35.58273],[139.49532,35.582686],[139.496602,35.581562],[139.497406,35.582095],[139.499216,35.58097],[139.500624,35.579142],[139.502265,35.578224],[139.502359,35.577061],[139.503673,35.576696],[139.505457,35.574787],[139.507013,35.575822],[139.507591,35.575141],[139.506894,35.574852],[139.507349,35.573766],[139.506575,35.571716],[139.500602,35.570443],[139.500829,35.568534],[139.497893,35.567797],[139.496267,35.56464],[139.49467,35.564856],[139.492997,35.562626],[139.491129,35.561445],[139.489248,35.561807],[139.487358,35.567064],[139.486037,35.567583],[139.486358,35.569041],[139.482868,35.571384],[139.483749,35.571958],[139.486058,35.578363],[139.488379,35.578475],[139.489869,35.583579],[139.489602,35.584395],[139.488281,35.583937],[139.486837,35.584696],[139.485167,35.584686],[139.48188,35.581502],[139.480513,35.581676],[139.477822,35.580639],[139.477193,35.581192],[139.477833,35.582222],[139.476385,35.581941],[139.47324,35.576674],[139.473252,35.573851],[139.471731,35.571045],[139.469667,35.569498],[139.469175,35.566742],[139.469651,35.565302],[139.468266,35.563139],[139.469477,35.56244],[139.47041,35.560405],[139.47474,35.559605],[139.476486,35.562552],[139.47789,35.560441],[139.479763,35.559344],[139.48199,35.555629],[139.482564,35.548393],[139.482303,35.547222],[139.480883,35.545958],[139.480333,35.543146],[139.481637,35.539946],[139.483982,35.539181],[139.484921,35.538184],[139.484532,35.536098],[139.486816,35.535526],[139.485786,35.531128],[139.487798,35.527882],[139.48653,35.526499],[139.487595,35.524775],[139.485694,35.522208],[139.486338,35.519839],[139.484544,35.519958],[139.483283,35.519153],[139.480352,35.514734],[139.476973,35.511396],[139.481061,35.505355],[139.484938,35.503969],[139.480352,35.502971],[139.476383,35.501354],[139.473814,35.501252],[139.471429,35.50206],[139.467745,35.502312],[139.468268,35.506206],[139.464609,35.511466],[139.463443,35.517624],[139.461121,35.51928],[139.455766,35.520468],[139.454774,35.521691],[139.454823,35.522741],[139.457589,35.527061],[139.458419,35.526727],[139.458317,35.527989],[139.455482,35.529558],[139.454145,35.531435],[139.448956,35.534887],[139.44815,35.537802],[139.445097,35.541131],[139.445099,35.542072],[139.444354,35.542417],[139.443773,35.541907],[139.440439,35.543096],[139.438775,35.544268],[139.438147,35.545581],[139.436007,35.54683],[139.435214,35.546227],[139.433392,35.546355],[139.431986,35.548739],[139.427369,35.5512],[139.427848,35.552269],[139.423644,35.556223],[139.422441,35.559435],[139.417998,35.561918],[139.416233,35.561886],[139.416234,35.563813],[139.412849,35.56622],[139.409104,35.575221],[139.407347,35.575828],[139.403324,35.57553],[139.402662,35.576016],[139.402992,35.576605],[139.402106,35.576453],[139.401512,35.577028],[139.401052,35.580135],[139.400331,35.580612],[139.400696,35.581469],[139.399644,35.581935],[139.399212,35.583333],[139.399797,35.584426],[139.396674,35.584459],[139.396081,35.583876],[139.394858,35.584084],[139.394157,35.585642],[139.391085,35.58526],[139.388618,35.588533],[139.384369,35.587608],[139.384511,35.588477],[139.38296,35.589117],[139.382993,35.58995],[139.381997,35.589515],[139.381007,35.589924],[139.380722,35.590523],[139.379157,35.590202],[139.37504,35.594095],[139.373327,35.594909],[139.370137,35.594507],[139.366273,35.597486],[139.362766,35.599132],[139.357933,35.59871],[139.356183,35.599228],[139.354837,35.600549],[139.353358,35.600028],[139.353071,35.600805],[139.348281,35.601631],[139.348301,35.602242],[139.347428,35.601896],[139.347293,35.602346],[139.347245,35.601952],[139.344198,35.602595],[139.342995,35.603649],[139.342563,35.603151],[139.341883,35.604545],[139.339955,35.605537],[139.337891,35.604347],[139.335146,35.604536],[139.333457,35.603723],[139.331009,35.604246],[139.330234,35.603153],[139.329571,35.603679],[139.326872,35.603873],[139.324888,35.605151],[139.324714,35.604694],[139.323404,35.605538],[139.322996,35.605246],[139.32075,35.606526],[139.319832,35.606265],[139.320019,35.605734],[139.318962,35.606094],[139.317121,35.605379],[139.314619,35.605479],[139.314284,35.604295],[139.312802,35.604684],[139.30923,35.604219],[139.307595,35.604793],[139.307709,35.605336],[139.306141,35.605468],[139.305529,35.604938],[139.304518,35.605268],[139.304837,35.604727],[139.304186,35.604621],[139.301072,35.605815],[139.301156,35.606501],[139.299168,35.60624],[139.29843,35.60708],[139.298754,35.607639],[139.297003,35.608],[139.296603,35.609937],[139.294354,35.611166],[139.293295,35.610671],[139.292543,35.611843],[139.290161,35.612585],[139.28962,35.611962],[139.285998,35.612514],[139.285248,35.613389],[139.281565,35.612842],[139.279879,35.611481],[139.274058,35.611021],[139.268799,35.609355],[139.26906,35.612525],[139.271535,35.613978],[139.27437,35.614137],[139.274504,35.614972],[139.276372,35.616388],[139.277655,35.619386],[139.27914,35.618791],[139.279916,35.620066],[139.281853,35.619787],[139.282979,35.620861],[139.283601,35.6203],[139.28455,35.621094],[139.285768,35.620809],[139.287034,35.622027],[139.288527,35.621515],[139.289297,35.620188],[139.292051,35.621026],[139.293434,35.62075],[139.293643,35.618569],[139.294756,35.616925],[139.293541,35.615467],[139.296786,35.615502],[139.298037,35.616107],[139.303488,35.615177],[139.307617,35.61624],[139.313628,35.614464],[139.315467,35.612868],[139.317717,35.615341],[139.321308,35.615574],[139.322786,35.614819],[139.323914,35.615369],[139.325557,35.61498],[139.326973,35.615764],[139.328439,35.615002],[139.330128,35.616413],[139.331299,35.61532],[139.333469,35.615224],[139.334051,35.614371],[139.335619,35.614898],[139.337375,35.614208],[139.337827,35.616419],[139.338979,35.616949],[139.338266,35.617655],[139.338447,35.618911],[139.337847,35.619004],[139.338535,35.619445],[139.338323,35.620369],[139.337395,35.621044],[139.337994,35.621677],[139.336966,35.622559],[139.33779,35.622412],[139.33746,35.622837],[139.338279,35.623504]],[[139.380931,35.590292],[139.380817,35.590503],[139.380853,35.590321],[139.380931,35.590292]]]}},{"type":"Feature","properties":{"N03_007":"13210","N03_001":"東京都","nam_ja":"小金井市"},"geometry":{"type":"Polygon","coordinates":[[[139.525426,35.712921],[139.527388,35.712816],[139.527161,35.709909],[139.532543,35.709109],[139.532204,35.702541],[139.532601,35.701073],[139.533557,35.701082],[139.53419,35.695212],[139.53137,35.694614],[139.532162,35.688779],[139.528541,35.690672],[139.526832,35.689488],[139.524875,35.690104],[139.524469,35.688414],[139.526258,35.686941],[139.526917,35.684216],[139.525201,35.685846],[139.525588,35.686584],[139.524512,35.687939],[139.523577,35.688161],[139.522269,35.687362],[139.518078,35.691383],[139.51527,35.690003],[139.514517,35.688421],[139.514571,35.686091],[139.505886,35.686561],[139.505947,35.687238],[139.501858,35.684016],[139.500323,35.684637],[139.501125,35.684577],[139.502948,35.687273],[139.499894,35.687176],[139.49871,35.68563],[139.497814,35.685664],[139.497003,35.686311],[139.497353,35.686756],[139.495441,35.686901],[139.496953,35.688471],[139.495715,35.688212],[139.495787,35.688643],[139.491401,35.690228],[139.490178,35.690052],[139.490258,35.690563],[139.489035,35.690956],[139.489634,35.692489],[139.487812,35.691978],[139.491056,35.69734],[139.491441,35.700249],[139.484458,35.702255],[139.485521,35.704329],[139.486588,35.704281],[139.487433,35.706456],[139.486028,35.708601],[139.491499,35.708039],[139.492555,35.710197],[139.495397,35.709638],[139.4959,35.713164],[139.500577,35.712327],[139.507821,35.712218],[139.508591,35.716364],[139.523147,35.719066],[139.522923,35.717638],[139.526451,35.717283],[139.525426,35.712921]],[[139.496792,35.687259],[139.497618,35.687316],[139.497619,35.687591],[139.496792,35.687785],[139.496792,35.687259]]]}},{"type":"Feature","properties":{"N03_007":"13211","N03_001":"東京都","nam_ja":"小平市"},"geometry":{"type":"Polygon","coordinates":[[[139.50337,35.741667],[139.504723,35.741026],[139.503959,35.736746],[139.504779,35.736654],[139.504441,35.732201],[139.505606,35.732056],[139.506753,35.739996],[139.505665,35.740295],[139.506731,35.742024],[139.50857,35.741269],[139.507767,35.740015],[139.508173,35.738392],[139.512636,35.737976],[139.512848,35.741434],[139.513362,35.741425],[139.513008,35.738778],[139.514244,35.738757],[139.514337,35.741419],[139.515281,35.741248],[139.515107,35.739117],[139.521108,35.738952],[139.520168,35.733443],[139.516706,35.730585],[139.517677,35.727445],[139.523331,35.723249],[139.524671,35.719405],[139.508591,35.716364],[139.507821,35.712218],[139.500577,35.712327],[139.4959,35.713164],[139.495397,35.709638],[139.492555,35.710197],[139.491499,35.708039],[139.485719,35.708375],[139.480238,35.714364],[139.478494,35.708701],[139.476586,35.70893],[139.471938,35.711028],[139.472021,35.715384],[139.458666,35.71789],[139.457893,35.720815],[139.435628,35.724756],[139.433583,35.727085],[139.422848,35.730308],[139.423014,35.730726],[139.428677,35.730059],[139.442473,35.736353],[139.445533,35.735034],[139.447096,35.735218],[139.466391,35.744082],[139.471979,35.742406],[139.477263,35.739901],[139.477102,35.737583],[139.478777,35.737208],[139.478827,35.735222],[139.483273,35.735043],[139.483204,35.734538],[139.486223,35.734506],[139.487323,35.740918],[139.485156,35.740887],[139.484719,35.742198],[139.485608,35.742374],[139.485319,35.743299],[139.487531,35.745058],[139.487904,35.744141],[139.489655,35.744851],[139.491134,35.74147],[139.498169,35.744341],[139.498105,35.745858],[139.503796,35.742846],[139.50337,35.741667]]]}},{"type":"Feature","properties":{"N03_007":"13212","N03_001":"東京都","nam_ja":"日野市"},"geometry":{"type":"Polygon","coordinates":[[[139.38391,35.691453],[139.395136,35.68918],[139.410491,35.684154],[139.419001,35.682167],[139.441605,35.659012],[139.442015,35.657961],[139.439199,35.65714],[139.440542,35.656201],[139.439043,35.655602],[139.43834,35.65458],[139.437811,35.650037],[139.43405,35.650856],[139.433093,35.648276],[139.429798,35.647391],[139.430863,35.646309],[139.427707,35.645364],[139.427149,35.643722],[139.41681,35.649051],[139.415004,35.647034],[139.412835,35.6466],[139.410612,35.644923],[139.406404,35.645257],[139.404703,35.643678],[139.399361,35.64119],[139.398398,35.639792],[139.396943,35.639824],[139.39606,35.640504],[139.395003,35.639723],[139.393741,35.640267],[139.39266,35.639465],[139.390263,35.641142],[139.387375,35.64072],[139.384064,35.641348],[139.3819,35.64131],[139.379783,35.639713],[139.378084,35.639323],[139.377181,35.641013],[139.378071,35.641116],[139.378026,35.642304],[139.378698,35.641958],[139.378879,35.643633],[139.376549,35.645403],[139.373713,35.643981],[139.3705,35.643764],[139.365656,35.646218],[139.358149,35.654112],[139.357354,35.655808],[139.358305,35.655759],[139.359453,35.657273],[139.357408,35.660124],[139.358889,35.659359],[139.360846,35.660016],[139.37031,35.66453],[139.370028,35.665081],[139.372425,35.665753],[139.37047,35.668562],[139.373163,35.673453],[139.376502,35.676454],[139.376711,35.678383],[139.375039,35.681909],[139.376013,35.683591],[139.375201,35.685782],[139.377969,35.687673],[139.379643,35.68677],[139.380344,35.687418],[139.376266,35.691631],[139.38391,35.691453]]]}},{"type":"Feature","properties":{"N03_007":"13213","N03_001":"東京都","nam_ja":"東村山市"},"geometry":{"type":"Polygon","coordinates":[[[139.493494,35.7817],[139.496054,35.781436],[139.497583,35.772452],[139.499255,35.771675],[139.501209,35.765629],[139.497201,35.762434],[139.50479,35.761102],[139.494763,35.758286],[139.495232,35.756516],[139.493948,35.755947],[139.493879,35.753824],[139.492256,35.752879],[139.493395,35.751877],[139.490698,35.752057],[139.487415,35.749051],[139.486358,35.748832],[139.486855,35.746465],[139.486428,35.745504],[139.485528,35.745644],[139.484528,35.744376],[139.485733,35.743874],[139.485608,35.742374],[139.484719,35.742198],[139.485156,35.740887],[139.487323,35.740918],[139.486223,35.734506],[139.478827,35.735222],[139.478777,35.737208],[139.477102,35.737583],[139.477263,35.739901],[139.471979,35.742406],[139.466391,35.744082],[139.450988,35.736995],[139.450465,35.737244],[139.45014,35.738893],[139.45154,35.739075],[139.451573,35.741283],[139.450923,35.741283],[139.450694,35.741993],[139.451176,35.746489],[139.450333,35.746441],[139.449935,35.747573],[139.448765,35.747834],[139.448524,35.749097],[139.449143,35.749556],[139.447542,35.749245],[139.446899,35.752036],[139.447526,35.752601],[139.446199,35.755657],[139.444154,35.755747],[139.441831,35.75866],[139.442013,35.759324],[139.440501,35.760275],[139.440907,35.762203],[139.440004,35.763741],[139.440772,35.767002],[139.444968,35.76666],[139.446503,35.768089],[139.45102,35.769326],[139.453192,35.768504],[139.453797,35.769354],[139.455043,35.7696],[139.458058,35.769308],[139.459196,35.772157],[139.46079,35.772574],[139.461338,35.773435],[139.463323,35.772879],[139.464669,35.773719],[139.469846,35.774207],[139.471155,35.773404],[139.472259,35.774326],[139.474073,35.774658],[139.473971,35.775684],[139.476714,35.775332],[139.476944,35.775744],[139.476312,35.776349],[139.475637,35.776168],[139.475348,35.776847],[139.478421,35.778357],[139.479499,35.779937],[139.48252,35.78109],[139.485488,35.780705],[139.488579,35.779388],[139.489697,35.780077],[139.488959,35.779468],[139.489579,35.779147],[139.490243,35.780895],[139.491056,35.780008],[139.493751,35.779581],[139.493494,35.7817]]]}},{"type":"Feature","properties":{"N03_007":"13214","N03_001":"東京都","nam_ja":"国分寺市"},"geometry":{"type":"Polygon","coordinates":[[[139.430318,35.703543],[139.435628,35.703729],[139.434223,35.706575],[139.437313,35.706982],[139.437065,35.707444],[139.43381,35.707204],[139.431763,35.711237],[139.433053,35.71164],[139.431709,35.711649],[139.430643,35.713233],[139.431897,35.713615],[139.431556,35.714241],[139.429747,35.714447],[139.429407,35.715425],[139.432764,35.715865],[139.432451,35.716375],[139.429098,35.71599],[139.428265,35.71736],[139.431361,35.717848],[139.430993,35.718966],[139.433098,35.719298],[139.436552,35.714772],[139.441612,35.715827],[139.443981,35.711704],[139.446122,35.722875],[139.457893,35.720815],[139.458666,35.71789],[139.472021,35.715384],[139.471938,35.711028],[139.476586,35.70893],[139.478494,35.708701],[139.480238,35.714364],[139.487433,35.706456],[139.486588,35.704281],[139.485521,35.704329],[139.484458,35.702255],[139.488812,35.701101],[139.488826,35.700639],[139.490966,35.700581],[139.491394,35.698788],[139.490924,35.697094],[139.489588,35.695451],[139.487911,35.694794],[139.486611,35.69221],[139.484544,35.692092],[139.483526,35.691255],[139.481322,35.691435],[139.481041,35.6907],[139.478217,35.690372],[139.477373,35.68934],[139.473594,35.68908],[139.473313,35.689454],[139.467906,35.688328],[139.467654,35.688811],[139.466542,35.688443],[139.463718,35.689643],[139.466223,35.69039],[139.465891,35.691565],[139.467813,35.692353],[139.466816,35.695335],[139.465294,35.695004],[139.463773,35.695432],[139.463262,35.696955],[139.464033,35.697247],[139.462972,35.699873],[139.460249,35.699849],[139.459556,35.693913],[139.458798,35.69351],[139.459405,35.692387],[139.454704,35.695439],[139.4487,35.700914],[139.444928,35.70025],[139.441616,35.700365],[139.441002,35.701323],[139.433985,35.701006],[139.433523,35.70166],[139.432004,35.701656],[139.430318,35.703543]]]}},{"type":"Feature","properties":{"N03_007":"13215","N03_001":"東京都","nam_ja":"国立市"},"geometry":{"type":"Polygon","coordinates":[[[139.419261,35.681954],[139.417568,35.682616],[139.417648,35.683143],[139.421575,35.688644],[139.422296,35.687751],[139.42539,35.686776],[139.425208,35.687777],[139.426614,35.687998],[139.426315,35.68857],[139.428412,35.69112],[139.431216,35.690281],[139.431051,35.693575],[139.4299,35.693933],[139.431647,35.696937],[139.4274,35.698441],[139.427202,35.699445],[139.429027,35.700412],[139.428782,35.701118],[139.426541,35.699822],[139.425594,35.701883],[139.427273,35.703629],[139.429522,35.704415],[139.432004,35.701656],[139.433523,35.70166],[139.433985,35.701006],[139.441002,35.701323],[139.441616,35.700365],[139.444928,35.70025],[139.4487,35.700914],[139.454704,35.695439],[139.459597,35.692007],[139.457459,35.691937],[139.457108,35.691113],[139.456079,35.691305],[139.455937,35.690411],[139.455041,35.690414],[139.453641,35.687905],[139.45293,35.683557],[139.451572,35.681705],[139.451587,35.679473],[139.452382,35.67865],[139.451288,35.677951],[139.45165,35.676816],[139.450727,35.67665],[139.451109,35.673474],[139.449597,35.67434],[139.45351,35.671604],[139.452772,35.671271],[139.4457,35.673502],[139.444173,35.672588],[139.445145,35.671817],[139.44338,35.672373],[139.440542,35.671683],[139.441967,35.671427],[139.441477,35.670715],[139.437212,35.672149],[139.435914,35.67151],[139.431729,35.672677],[139.429828,35.670818],[139.419261,35.681954]]]}},{"type":"Feature","properties":{"N03_007":"13218","N03_001":"東京都","nam_ja":"福生市"},"geometry":{"type":"Polygon","coordinates":[[[139.324927,35.754845],[139.325527,35.753954],[139.326447,35.754427],[139.327381,35.752924],[139.328916,35.753607],[139.329384,35.752378],[139.331555,35.753114],[139.331934,35.751699],[139.333532,35.751938],[139.333684,35.751072],[139.335776,35.751146],[139.336538,35.751932],[139.337059,35.75131],[139.33776,35.751949],[139.33874,35.75011],[139.342638,35.749844],[139.342329,35.746146],[139.345522,35.747073],[139.352073,35.74124],[139.353335,35.742534],[139.350431,35.745141],[139.350005,35.747701],[139.356046,35.745086],[139.35491,35.742769],[139.358702,35.741126],[139.358403,35.740338],[139.359876,35.739579],[139.358779,35.73872],[139.359007,35.737331],[139.352926,35.736093],[139.353462,35.733058],[139.352329,35.732594],[139.35335,35.727959],[139.354141,35.727963],[139.355302,35.726298],[139.355047,35.725078],[139.352944,35.724837],[139.352979,35.723532],[139.351576,35.722143],[139.346638,35.721658],[139.346276,35.720946],[139.343659,35.721084],[139.343168,35.721572],[139.341619,35.721309],[139.338597,35.718948],[139.339448,35.717389],[139.338862,35.715865],[139.332486,35.712612],[139.332258,35.714008],[139.33123,35.713461],[139.328541,35.723285],[139.328608,35.727671],[139.321988,35.732727],[139.320157,35.733242],[139.316936,35.742863],[139.313868,35.747124],[139.317486,35.749067],[139.3188,35.7507],[139.320941,35.750049],[139.321587,35.750375],[139.321167,35.751696],[139.322843,35.752557],[139.322058,35.753599],[139.324927,35.754845]]]}},{"type":"Feature","properties":{"N03_007":"13219","N03_001":"東京都","nam_ja":"狛江市"},"geometry":{"type":"Polygon","coordinates":[[[139.561971,35.632591],[139.563064,35.636396],[139.563368,35.641371],[139.565868,35.646249],[139.565753,35.64717],[139.568778,35.647477],[139.569668,35.647929],[139.56947,35.649031],[139.57193,35.649441],[139.574322,35.650745],[139.576523,35.650338],[139.577334,35.649235],[139.57892,35.6487],[139.580615,35.649546],[139.580857,35.64916],[139.579101,35.648182],[139.580775,35.647274],[139.582785,35.647257],[139.582299,35.648464],[139.584189,35.648699],[139.584311,35.646845],[139.585579,35.645511],[139.587298,35.646492],[139.587875,35.645723],[139.587095,35.645374],[139.587044,35.643144],[139.584436,35.641144],[139.585597,35.638156],[139.587715,35.635022],[139.589757,35.63442],[139.591406,35.633063],[139.591271,35.631055],[139.592948,35.629427],[139.592383,35.627521],[139.594116,35.626828],[139.592488,35.623802],[139.591396,35.623726],[139.590215,35.624534],[139.589575,35.623814],[139.589333,35.621225],[139.590236,35.618431],[139.584993,35.62102],[139.579732,35.622063],[139.576546,35.621982],[139.572459,35.623682],[139.567928,35.626839],[139.56563,35.627202],[139.56616,35.629544],[139.562657,35.63139],[139.562657,35.632264],[139.561971,35.632591]]]}},{"type":"Feature","properties":{"N03_007":"13220","N03_001":"東京都","nam_ja":"東大和市"},"geometry":{"type":"Polygon","coordinates":[[[139.43963,35.769161],[139.440772,35.767002],[139.440004,35.763741],[139.440907,35.762203],[139.440501,35.760275],[139.442013,35.759324],[139.441831,35.75866],[139.444154,35.755747],[139.446199,35.755657],[139.447526,35.752601],[139.446899,35.752036],[139.447542,35.749245],[139.449143,35.749556],[139.448524,35.749097],[139.448765,35.747834],[139.449935,35.747573],[139.450333,35.746441],[139.451176,35.746489],[139.450694,35.741993],[139.450923,35.741283],[139.451573,35.741283],[139.45154,35.739075],[139.45014,35.738893],[139.450988,35.736995],[139.446124,35.734973],[139.442473,35.736353],[139.428354,35.730013],[139.426438,35.73017],[139.426682,35.731483],[139.423201,35.731073],[139.414516,35.732794],[139.413569,35.736433],[139.412678,35.736359],[139.412745,35.73696],[139.41116,35.737392],[139.412454,35.738991],[139.410719,35.74185],[139.410625,35.747762],[139.407354,35.748735],[139.407489,35.75322],[139.409585,35.756753],[139.408394,35.75996],[139.404974,35.762076],[139.402608,35.761081],[139.396331,35.762792],[139.393005,35.762249],[139.391685,35.763354],[139.398242,35.764298],[139.400474,35.768034],[139.40459,35.769144],[139.412861,35.76809],[139.415903,35.766275],[139.418849,35.765916],[139.420212,35.76605],[139.422212,35.767803],[139.427623,35.766446],[139.429169,35.766975],[139.432051,35.766376],[139.43322,35.767346],[139.436099,35.767148],[139.437997,35.767747],[139.43848,35.768541],[139.437982,35.76915],[139.438656,35.769589],[139.43963,35.769161]]]}},{"type":"Feature","properties":{"N03_007":"13221","N03_001":"東京都","nam_ja":"清瀬市"},"geometry":{"type":"Polygon","coordinates":[[[139.540235,35.794048],[139.537331,35.791502],[139.537579,35.790759],[139.540773,35.789855],[139.543793,35.788194],[139.543739,35.782078],[139.542643,35.779545],[139.53977,35.778335],[139.539872,35.777782],[139.537494,35.776879],[139.535954,35.775178],[139.533372,35.773779],[139.530747,35.773226],[139.528081,35.773437],[139.528446,35.773044],[139.526346,35.771616],[139.525952,35.77214],[139.522816,35.771893],[139.516267,35.765457],[139.508588,35.762047],[139.50479,35.761102],[139.497201,35.762434],[139.501209,35.765629],[139.50029,35.769537],[139.498757,35.772325],[139.497685,35.772147],[139.496684,35.775586],[139.496779,35.7787],[139.498031,35.781208],[139.499381,35.782173],[139.50434,35.783134],[139.506703,35.78277],[139.508463,35.784659],[139.512561,35.785358],[139.51404,35.788501],[139.51684,35.788953],[139.520283,35.78837],[139.522558,35.78923],[139.523721,35.790326],[139.523108,35.79171],[139.525325,35.791812],[139.52817,35.79324],[139.531767,35.796835],[139.53686,35.803943],[139.542235,35.807234],[139.544292,35.806636],[139.545259,35.804576],[139.546994,35.80328],[139.547083,35.801653],[139.544786,35.796758],[139.540235,35.794048]]]}},{"type":"Feature","properties":{"N03_007":"13222","N03_001":"東京都","nam_ja":"東久留米市"},"geometry":{"type":"Polygon","coordinates":[[[139.546971,35.769072],[139.547636,35.766172],[139.546688,35.762692],[139.54698,35.760303],[139.544774,35.756795],[139.544584,35.754761],[139.533198,35.744642],[139.52842,35.744724],[139.527172,35.743653],[139.531318,35.740266],[139.520168,35.733443],[139.521108,35.738952],[139.515107,35.739117],[139.515227,35.741281],[139.514337,35.741419],[139.514244,35.738757],[139.513008,35.738778],[139.513362,35.741425],[139.512848,35.741434],[139.512636,35.737976],[139.508173,35.738392],[139.507767,35.740015],[139.50857,35.741269],[139.506731,35.742024],[139.505665,35.740295],[139.506753,35.739996],[139.505606,35.732056],[139.504441,35.732201],[139.504779,35.736654],[139.503959,35.736746],[139.504723,35.741026],[139.503284,35.741414],[139.503796,35.742846],[139.498105,35.745858],[139.498169,35.744341],[139.491134,35.74147],[139.489556,35.74492],[139.487904,35.744141],[139.487531,35.745058],[139.485442,35.743724],[139.484528,35.744376],[139.485528,35.745644],[139.486428,35.745504],[139.486855,35.746465],[139.486417,35.748884],[139.487415,35.749051],[139.490698,35.752057],[139.493395,35.751877],[139.492256,35.752879],[139.493879,35.753824],[139.493948,35.755947],[139.495232,35.756516],[139.494763,35.758286],[139.497084,35.759302],[139.508588,35.762047],[139.521378,35.76757],[139.530302,35.768349],[139.547663,35.774228],[139.546971,35.769072]]]}},{"type":"Feature","properties":{"N03_007":"13223","N03_001":"東京都","nam_ja":"武蔵村山市"},"geometry":{"type":"Polygon","coordinates":[[[139.37091,35.771434],[139.373262,35.77133],[139.373267,35.768817],[139.374748,35.770051],[139.374459,35.767142],[139.375671,35.769926],[139.379026,35.771197],[139.379693,35.767209],[139.380977,35.765937],[139.385069,35.765229],[139.389602,35.767136],[139.391661,35.767409],[139.390474,35.763894],[139.39271,35.762329],[139.396331,35.762792],[139.402608,35.761081],[139.404974,35.762076],[139.407539,35.760849],[139.409587,35.756888],[139.407489,35.75322],[139.407354,35.748735],[139.410625,35.747762],[139.410719,35.74185],[139.412454,35.738991],[139.41116,35.737392],[139.412745,35.73696],[139.412678,35.736359],[139.413569,35.736433],[139.414416,35.733028],[139.409457,35.732594],[139.408822,35.733625],[139.409264,35.734086],[139.406936,35.733614],[139.402374,35.734003],[139.402,35.73339],[139.400775,35.733482],[139.399946,35.734895],[139.399111,35.735011],[139.39531,35.733503],[139.388068,35.739383],[139.387311,35.739086],[139.387071,35.741205],[139.383631,35.743822],[139.38369,35.745135],[139.383341,35.742661],[139.384901,35.741515],[139.384825,35.737876],[139.387289,35.737046],[139.391146,35.73339],[139.388527,35.733666],[139.38386,35.735523],[139.384402,35.733724],[139.383496,35.733034],[139.381162,35.734863],[139.378478,35.733515],[139.377962,35.735093],[139.375377,35.736146],[139.370274,35.737356],[139.369466,35.735877],[139.365463,35.739064],[139.359876,35.739579],[139.358403,35.740338],[139.358702,35.741126],[139.35491,35.742769],[139.356046,35.745086],[139.354665,35.745599],[139.356424,35.746765],[139.356046,35.747281],[139.355377,35.747008],[139.35536,35.748218],[139.356608,35.750785],[139.357903,35.750116],[139.357507,35.753635],[139.358359,35.753281],[139.359016,35.754491],[139.356799,35.755819],[139.358629,35.755792],[139.358149,35.756479],[139.358917,35.756976],[139.358824,35.757928],[139.360191,35.758698],[139.360871,35.760241],[139.362343,35.759854],[139.362624,35.760229],[139.360951,35.761103],[139.361263,35.761441],[139.362708,35.760754],[139.363789,35.76094],[139.362052,35.762069],[139.363801,35.764043],[139.365125,35.763754],[139.364107,35.764456],[139.3656,35.766215],[139.365595,35.767436],[139.367382,35.767799],[139.367132,35.768715],[139.367754,35.768957],[139.367121,35.769255],[139.368488,35.770646],[139.367819,35.772923],[139.368335,35.77436],[139.369948,35.773357],[139.369996,35.772037],[139.37091,35.771434]],[[139.356357,35.744976],[139.357756,35.744448],[139.358231,35.745372],[139.356833,35.745889],[139.356357,35.744976]]]}},{"type":"Feature","properties":{"N03_007":"13224","N03_001":"東京都","nam_ja":"多摩市"},"geometry":{"type":"Polygon","coordinates":[[[139.393901,35.608189],[139.393666,35.608627],[139.398527,35.611955],[139.398668,35.612862],[139.400819,35.614562],[139.401254,35.616319],[139.40286,35.61773],[139.404547,35.62069],[139.407388,35.621344],[139.407869,35.622604],[139.411791,35.62435],[139.413191,35.625617],[139.415408,35.625509],[139.41733,35.626965],[139.418967,35.62696],[139.418722,35.627774],[139.419841,35.628598],[139.42193,35.6286],[139.421484,35.629066],[139.422515,35.629596],[139.425016,35.629862],[139.426675,35.63091],[139.426924,35.63196],[139.429975,35.632147],[139.428965,35.634647],[139.429329,35.63511],[139.428519,35.635186],[139.426906,35.636784],[139.426797,35.637979],[139.423982,35.639448],[139.42274,35.64114],[139.420277,35.641979],[139.42025,35.643081],[139.417722,35.643117],[139.415573,35.645161],[139.414952,35.646889],[139.41681,35.649051],[139.420974,35.646994],[139.421415,35.646262],[139.424618,35.645352],[139.427273,35.643748],[139.427707,35.645364],[139.430863,35.646309],[139.429798,35.647391],[139.433093,35.648276],[139.43405,35.650856],[139.437811,35.650037],[139.43834,35.65458],[139.439043,35.655602],[139.440542,35.656201],[139.439199,35.65714],[139.441851,35.65796],[139.467882,35.651208],[139.47255,35.649281],[139.473807,35.649334],[139.473849,35.646845],[139.47237,35.646602],[139.46878,35.644564],[139.46901,35.640162],[139.47159,35.633515],[139.46989,35.632451],[139.468772,35.633009],[139.468576,35.631642],[139.464526,35.629621],[139.465206,35.628739],[139.464158,35.624514],[139.462164,35.624877],[139.460736,35.622161],[139.455161,35.61809],[139.453017,35.618558],[139.452414,35.615783],[139.451302,35.614892],[139.450719,35.613184],[139.447656,35.610877],[139.445935,35.608705],[139.444331,35.609421],[139.443951,35.608995],[139.439429,35.609531],[139.438855,35.610077],[139.436178,35.606641],[139.434484,35.606077],[139.434284,35.604698],[139.433867,35.605866],[139.428442,35.608155],[139.42817,35.606135],[139.426222,35.605441],[139.424592,35.606955],[139.423111,35.606635],[139.422159,35.608414],[139.420536,35.609781],[139.417998,35.61034],[139.417043,35.611787],[139.415605,35.612168],[139.414152,35.611647],[139.412703,35.61228],[139.410498,35.610096],[139.408158,35.611016],[139.407934,35.612044],[139.401479,35.608651],[139.400691,35.61045],[139.398583,35.610437],[139.396638,35.609627],[139.395644,35.608209],[139.393901,35.608189]]]}},{"type":"Feature","properties":{"N03_007":"13225","N03_001":"東京都","nam_ja":"稲城市"},"geometry":{"type":"MultiPolygon","coordinates":[[[[139.489018,35.6515],[139.491625,35.65209],[139.498982,35.651536],[139.50147,35.650517],[139.50132,35.649185],[139.50215,35.649102],[139.503319,35.650033],[139.506798,35.650879],[139.512284,35.651162],[139.517403,35.649012],[139.525389,35.642648],[139.524283,35.641528],[139.523392,35.63882],[139.522107,35.637545],[139.520963,35.637632],[139.523492,35.632394],[139.517273,35.630516],[139.516075,35.625619],[139.510404,35.62335],[139.50929,35.624104],[139.506078,35.622824],[139.503419,35.622862],[139.499403,35.620399],[139.497898,35.618319],[139.494678,35.617286],[139.494364,35.615697],[139.495277,35.613249],[139.499816,35.607649],[139.499765,35.605467],[139.497575,35.604869],[139.493636,35.605824],[139.489586,35.604312],[139.487906,35.60769],[139.486551,35.608434],[139.483257,35.608708],[139.481119,35.610226],[139.479659,35.613264],[139.478145,35.613762],[139.476953,35.613022],[139.476044,35.61324],[139.476744,35.615047],[139.475987,35.617625],[139.476325,35.61863],[139.475467,35.619701],[139.467588,35.620634],[139.465864,35.622376],[139.465459,35.623976],[139.464158,35.624514],[139.465206,35.628739],[139.464526,35.629621],[139.468576,35.631642],[139.468772,35.633009],[139.46989,35.632451],[139.47159,35.633515],[139.46901,35.640162],[139.46878,35.644564],[139.47237,35.646602],[139.473849,35.646845],[139.473866,35.65067],[139.479246,35.651977],[139.486128,35.652677],[139.489018,35.6515]]],[[[139.517403,35.629884],[139.518181,35.62921],[139.517051,35.629479],[139.517403,35.629884]]]]}},{"type":"Feature","properties":{"N03_007":"13227","N03_001":"東京都","nam_ja":"羽村市"},"geometry":{"type":"Polygon","coordinates":[[[139.300782,35.77997],[139.301945,35.779895],[139.303319,35.778134],[139.306065,35.777826],[139.306896,35.776669],[139.308022,35.777234],[139.309187,35.775706],[139.31137,35.776762],[139.312281,35.775525],[139.31844,35.778411],[139.320686,35.776808],[139.321073,35.77722],[139.328786,35.771338],[139.331517,35.77292],[139.332806,35.771035],[139.333641,35.770951],[139.333192,35.767603],[139.336426,35.766044],[139.335013,35.765985],[139.335408,35.765091],[139.334785,35.764926],[139.336283,35.763754],[139.335285,35.763231],[139.336115,35.762447],[139.335844,35.759294],[139.338454,35.75687],[139.338391,35.755509],[139.339166,35.755455],[139.33932,35.754431],[139.340363,35.753725],[139.342203,35.754217],[139.343013,35.753837],[139.342638,35.749844],[139.33874,35.75011],[139.33776,35.751949],[139.337059,35.75131],[139.336538,35.751932],[139.335776,35.751146],[139.333684,35.751072],[139.333532,35.751938],[139.331934,35.751699],[139.331555,35.753114],[139.329384,35.752378],[139.328916,35.753607],[139.327381,35.752924],[139.326447,35.754427],[139.325527,35.753954],[139.324927,35.754845],[139.322058,35.753599],[139.322843,35.752557],[139.321167,35.751696],[139.321587,35.750375],[139.320941,35.750049],[139.3188,35.7507],[139.317486,35.749067],[139.313868,35.747124],[139.310337,35.751158],[139.307213,35.752106],[139.302606,35.755198],[139.296542,35.754545],[139.297442,35.760081],[139.296555,35.762934],[139.296693,35.76605],[139.295113,35.769994],[139.292786,35.772505],[139.292133,35.775342],[139.295503,35.777656],[139.298119,35.781166],[139.2999,35.781159],[139.300782,35.77997]]]}},{"type":"Feature","properties":{"N03_007":"13228","N03_001":"東京都","nam_ja":"あきる野市"},"geometry":{"type":"Polygon","coordinates":[[[139.151676,35.776679],[139.154039,35.773381],[139.156034,35.77373],[139.157738,35.773171],[139.158453,35.774365],[139.157932,35.77575],[139.158373,35.777743],[139.161215,35.777064],[139.163044,35.778245],[139.166603,35.775542],[139.167101,35.77605],[139.177055,35.77077],[139.178985,35.770353],[139.180825,35.768322],[139.180337,35.765484],[139.181483,35.762896],[139.185419,35.762457],[139.187521,35.761115],[139.189187,35.76225],[139.193674,35.760766],[139.197972,35.757746],[139.200026,35.758062],[139.20433,35.755793],[139.205083,35.753796],[139.20639,35.753745],[139.209005,35.752205],[139.212761,35.752048],[139.212388,35.748443],[139.214775,35.746676],[139.214997,35.744894],[139.215672,35.744413],[139.218586,35.744438],[139.2206,35.743064],[139.221882,35.743223],[139.223611,35.741286],[139.225345,35.740891],[139.226476,35.739915],[139.228222,35.740124],[139.229072,35.739477],[139.232623,35.738895],[139.239524,35.739771],[139.24014,35.739101],[139.243217,35.739026],[139.244101,35.738766],[139.245429,35.736634],[139.250629,35.736431],[139.25147,35.735824],[139.252945,35.736356],[139.258079,35.735344],[139.258025,35.734494],[139.261899,35.733781],[139.26292,35.732383],[139.278145,35.733666],[139.283648,35.731356],[139.284432,35.732238],[139.283647,35.737693],[139.284654,35.740589],[139.282786,35.740414],[139.279306,35.742113],[139.279235,35.743273],[139.279968,35.743321],[139.280472,35.744376],[139.280674,35.747084],[139.279894,35.749346],[139.278503,35.749774],[139.277614,35.752291],[139.275464,35.753626],[139.269649,35.753477],[139.267563,35.754838],[139.26185,35.755588],[139.255859,35.759387],[139.255864,35.760234],[139.256865,35.760708],[139.261527,35.759832],[139.263515,35.759969],[139.264275,35.760552],[139.266904,35.759975],[139.269323,35.76113],[139.274432,35.760899],[139.276323,35.761684],[139.287727,35.760919],[139.288143,35.759614],[139.290091,35.760073],[139.290774,35.759584],[139.291382,35.7584],[139.293546,35.757068],[139.294336,35.755361],[139.296756,35.754432],[139.302606,35.755198],[139.307213,35.752106],[139.309991,35.751391],[139.311383,35.750267],[139.316789,35.743168],[139.320157,35.733242],[139.321988,35.732727],[139.328608,35.727671],[139.328451,35.723698],[139.33123,35.713461],[139.329087,35.712308],[139.329058,35.710033],[139.327638,35.710396],[139.322937,35.71628],[139.319485,35.71912],[139.316112,35.714327],[139.313593,35.713951],[139.308496,35.715886],[139.308005,35.714508],[139.306436,35.713406],[139.306441,35.712598],[139.304541,35.711469],[139.303501,35.712395],[139.304048,35.713875],[139.301352,35.711774],[139.295925,35.71145],[139.294118,35.713413],[139.28538,35.713352],[139.283484,35.712753],[139.281852,35.713644],[139.276807,35.713971],[139.273911,35.715008],[139.271983,35.714525],[139.271787,35.711697],[139.268807,35.709963],[139.267195,35.710317],[139.265423,35.709792],[139.260862,35.710441],[139.258107,35.712243],[139.255379,35.712686],[139.251946,35.712262],[139.24963,35.710493],[139.246199,35.71103],[139.245123,35.713339],[139.243209,35.712491],[139.240652,35.714201],[139.237496,35.713236],[139.235621,35.71484],[139.234787,35.714424],[139.232943,35.715354],[139.230052,35.71537],[139.228857,35.716284],[139.226064,35.715904],[139.223448,35.716639],[139.222001,35.716199],[139.218878,35.716913],[139.217245,35.718868],[139.212857,35.715172],[139.206458,35.712425],[139.205378,35.708349],[139.204438,35.707147],[139.204371,35.704801],[139.205348,35.703202],[139.204924,35.699842],[139.203426,35.699177],[139.200493,35.699153],[139.200139,35.698286],[139.200769,35.696663],[139.200162,35.690134],[139.19939,35.688246],[139.198461,35.687837],[139.197756,35.688584],[139.195533,35.688424],[139.193368,35.689078],[139.191808,35.687972],[139.189706,35.687594],[139.18433,35.689068],[139.181987,35.688059],[139.178788,35.689241],[139.171096,35.688813],[139.16956,35.690048],[139.172274,35.693619],[139.172256,35.701483],[139.165312,35.706275],[139.165122,35.711275],[139.166441,35.714057],[139.16572,35.718504],[139.166758,35.719619],[139.166384,35.720294],[139.167271,35.721933],[139.166944,35.722802],[139.165494,35.722576],[139.165347,35.727105],[139.166238,35.729303],[139.164911,35.730412],[139.164319,35.732492],[139.165869,35.736091],[139.164522,35.73776],[139.164102,35.741327],[139.156431,35.744806],[139.155898,35.746824],[139.153943,35.748694],[139.153983,35.7501],[139.149344,35.754247],[139.147397,35.754029],[139.144116,35.755389],[139.140634,35.755525],[139.139929,35.757637],[139.140489,35.759116],[139.142184,35.759979],[139.144647,35.760207],[139.147212,35.762132],[139.143713,35.766166],[139.13914,35.768005],[139.136095,35.770256],[139.137638,35.772432],[139.139383,35.772054],[139.140995,35.774213],[139.142276,35.774831],[139.142857,35.776406],[139.144746,35.776946],[139.146379,35.77537],[139.148242,35.775291],[139.148719,35.778922],[139.151676,35.776679]]]}},{"type":"Feature","properties":{"N03_007":"13229","N03_001":"東京都","nam_ja":"西東京市"},"geometry":{"type":"Polygon","coordinates":[[[139.563779,35.761397],[139.566046,35.757553],[139.566385,35.756033],[139.56777,35.755066],[139.567697,35.753224],[139.569011,35.751922],[139.569276,35.74999],[139.567795,35.750061],[139.568831,35.747589],[139.566765,35.747431],[139.568164,35.742759],[139.568252,35.73808],[139.56733,35.736361],[139.569424,35.734156],[139.566083,35.727325],[139.565258,35.724268],[139.56564,35.721657],[139.558964,35.721953],[139.555249,35.721043],[139.549406,35.716919],[139.537361,35.71132],[139.529423,35.712793],[139.530001,35.717501],[139.526913,35.718514],[139.526451,35.717283],[139.522923,35.717638],[139.523147,35.719066],[139.524671,35.719405],[139.523331,35.723249],[139.517677,35.727445],[139.516706,35.730585],[139.521102,35.734118],[139.531318,35.740266],[139.527172,35.743653],[139.52842,35.744724],[139.533198,35.744642],[139.544584,35.754761],[139.546779,35.755089],[139.547158,35.753384],[139.550061,35.754375],[139.550003,35.755264],[139.551505,35.755249],[139.552045,35.755964],[139.555246,35.755736],[139.556151,35.758883],[139.557784,35.759583],[139.55987,35.759204],[139.561834,35.759603],[139.561805,35.761074],[139.562786,35.761595],[139.563779,35.761397]]]}},{"type":"Feature","properties":{"N03_007":"13303","N03_001":"東京都","nam_ja":"瑞穂町"},"geometry":{"type":"MultiPolygon","coordinates":[[[[139.357756,35.744448],[139.356357,35.744976],[139.356833,35.745889],[139.358231,35.745372],[139.357756,35.744448]]],[[[139.350161,35.793638],[139.352713,35.793497],[139.353487,35.792874],[139.354918,35.793718],[139.356655,35.793477],[139.358575,35.792976],[139.358893,35.791931],[139.359842,35.791622],[139.369921,35.791727],[139.370258,35.790903],[139.368714,35.790289],[139.369869,35.787607],[139.367827,35.787041],[139.368154,35.786058],[139.367194,35.785602],[139.367672,35.784157],[139.369895,35.782615],[139.369911,35.781542],[139.371449,35.781601],[139.371729,35.780393],[139.373008,35.779716],[139.370268,35.778288],[139.375521,35.780459],[139.379934,35.778907],[139.380004,35.776926],[139.381544,35.777028],[139.381514,35.774362],[139.380341,35.773305],[139.380015,35.771988],[139.377662,35.770447],[139.375671,35.769926],[139.374528,35.767146],[139.374748,35.770051],[139.373267,35.768817],[139.373262,35.77133],[139.37091,35.771434],[139.369996,35.772037],[139.369948,35.773357],[139.368224,35.774231],[139.367819,35.772923],[139.368488,35.770646],[139.367121,35.769255],[139.367754,35.768957],[139.367132,35.768715],[139.367382,35.767799],[139.365595,35.767436],[139.3656,35.766215],[139.364107,35.764456],[139.365125,35.763754],[139.363801,35.764043],[139.362052,35.762069],[139.363789,35.76094],[139.362708,35.760754],[139.361263,35.761441],[139.360951,35.761103],[139.362624,35.760229],[139.362343,35.759854],[139.360871,35.760241],[139.360191,35.758698],[139.358824,35.757928],[139.358917,35.756976],[139.358149,35.756479],[139.358629,35.755792],[139.356633,35.755466],[139.359016,35.754491],[139.358359,35.753281],[139.357507,35.753635],[139.357903,35.750116],[139.356608,35.750785],[139.35536,35.748218],[139.355377,35.747008],[139.356208,35.747199],[139.356315,35.74644],[139.354665,35.745599],[139.349901,35.747725],[139.350431,35.745141],[139.353335,35.742534],[139.352073,35.74124],[139.345522,35.747073],[139.342329,35.746146],[139.343068,35.753699],[139.342203,35.754217],[139.340363,35.753725],[139.33932,35.754431],[139.339166,35.755455],[139.338391,35.755509],[139.338454,35.75687],[139.335844,35.759294],[139.336115,35.762447],[139.335285,35.763231],[139.336283,35.763754],[139.334785,35.764926],[139.335408,35.765091],[139.335013,35.765985],[139.336426,35.766044],[139.333192,35.767603],[139.333641,35.770951],[139.332806,35.771035],[139.331517,35.77292],[139.328786,35.771338],[139.321073,35.77722],[139.32412,35.781084],[139.32066,35.783363],[139.320786,35.788299],[139.317972,35.789415],[139.32058,35.789909],[139.322009,35.788511],[139.322759,35.786306],[139.323801,35.786675],[139.32365,35.7875],[139.321218,35.789595],[139.322049,35.789782],[139.326264,35.787031],[139.330071,35.790612],[139.328483,35.791769],[139.330366,35.793617],[139.332783,35.79189],[139.334879,35.793699],[139.338499,35.794594],[139.34288,35.794026],[139.346859,35.796413],[139.347868,35.795246],[139.349709,35.794907],[139.350161,35.793638]]]]}},{"type":"Feature","properties":{"N03_007":"13305","N03_001":"東京都","nam_ja":"日の出町"},"geometry":{"type":"Polygon","coordinates":[[[139.192215,35.78919],[139.194304,35.787377],[139.198345,35.786377],[139.198896,35.784451],[139.200531,35.783849],[139.203572,35.780158],[139.204883,35.779732],[139.205673,35.778292],[139.206439,35.778435],[139.209377,35.775866],[139.209314,35.774603],[139.21053,35.773178],[139.21434,35.774086],[139.216885,35.772811],[139.220852,35.774034],[139.222584,35.772446],[139.224142,35.772883],[139.225933,35.771862],[139.227441,35.772023],[139.228289,35.770809],[139.230781,35.769974],[139.232103,35.768757],[139.233744,35.768618],[139.235363,35.769374],[139.23812,35.768624],[139.238308,35.767009],[139.242641,35.766808],[139.245628,35.767395],[139.249452,35.766601],[139.251913,35.764482],[139.254295,35.764026],[139.255257,35.761957],[139.256238,35.761887],[139.256944,35.761006],[139.255864,35.760234],[139.255859,35.759387],[139.26185,35.755588],[139.267563,35.754838],[139.269649,35.753477],[139.273441,35.753914],[139.275573,35.753581],[139.277614,35.752291],[139.278503,35.749774],[139.279894,35.749346],[139.280631,35.747314],[139.280554,35.74468],[139.279968,35.743321],[139.279235,35.743273],[139.279306,35.742113],[139.282786,35.740414],[139.284654,35.740589],[139.283647,35.737693],[139.284415,35.732596],[139.28401,35.731547],[139.278145,35.733666],[139.26292,35.732383],[139.261899,35.733781],[139.258025,35.734494],[139.258079,35.735344],[139.252945,35.736356],[139.25147,35.735824],[139.250629,35.736431],[139.245429,35.736634],[139.244101,35.738766],[139.243217,35.739026],[139.24014,35.739101],[139.239524,35.739771],[139.232623,35.738895],[139.229072,35.739477],[139.228222,35.740124],[139.226287,35.739973],[139.225345,35.740891],[139.223611,35.741286],[139.221882,35.743223],[139.2206,35.743064],[139.218586,35.744438],[139.215131,35.744744],[139.214775,35.746676],[139.212388,35.748443],[139.212585,35.752153],[139.211006,35.751793],[139.209005,35.752205],[139.20639,35.753745],[139.205083,35.753796],[139.20433,35.755793],[139.200026,35.758062],[139.197972,35.757746],[139.193674,35.760766],[139.189187,35.76225],[139.187521,35.761115],[139.185419,35.762457],[139.181483,35.762896],[139.180337,35.765484],[139.180825,35.768322],[139.178985,35.770353],[139.177055,35.77077],[139.167101,35.77605],[139.166603,35.775542],[139.163044,35.778245],[139.165676,35.779564],[139.166569,35.780922],[139.171926,35.782112],[139.175619,35.784863],[139.18153,35.7875],[139.186184,35.787784],[139.188863,35.789092],[139.1912,35.788679],[139.192215,35.78919]]]}},{"type":"Feature","properties":{"N03_007":"13307","N03_001":"東京都","nam_ja":"檜原村"},"geometry":{"type":"Polygon","coordinates":[[[139.105597,35.779123],[139.107543,35.776839],[139.113841,35.773851],[139.116784,35.771567],[139.118157,35.77144],[139.121153,35.769561],[139.122783,35.769511],[139.125247,35.767538],[139.128213,35.766981],[139.130669,35.765116],[139.132657,35.766231],[139.136095,35.770256],[139.13914,35.768005],[139.143495,35.766321],[139.14722,35.762045],[139.144647,35.760207],[139.142184,35.759979],[139.140489,35.759116],[139.139929,35.757637],[139.140448,35.75573],[139.144527,35.755295],[139.147397,35.754029],[139.149344,35.754247],[139.153983,35.7501],[139.153943,35.748694],[139.155898,35.746824],[139.156431,35.744806],[139.164102,35.741327],[139.164522,35.73776],[139.165869,35.736091],[139.164319,35.732492],[139.164911,35.730412],[139.166238,35.729303],[139.165347,35.727105],[139.165494,35.722576],[139.166944,35.722802],[139.167271,35.721933],[139.166384,35.720294],[139.166758,35.719619],[139.16572,35.718504],[139.166441,35.714057],[139.165122,35.711275],[139.165312,35.706275],[139.167958,35.704065],[139.17032,35.703236],[139.172346,35.701195],[139.172274,35.693619],[139.16956,35.690048],[139.171644,35.688354],[139.171138,35.685888],[139.171767,35.684065],[139.170799,35.683474],[139.169978,35.680051],[139.167947,35.676835],[139.166011,35.6752],[139.164617,35.67016],[139.161851,35.667997],[139.157081,35.66646],[139.153598,35.666022],[139.151396,35.666717],[139.14716,35.666817],[139.143148,35.669032],[139.142788,35.670008],[139.138931,35.670544],[139.136731,35.672412],[139.133515,35.672897],[139.131093,35.67201],[139.127741,35.676252],[139.124826,35.677714],[139.123325,35.677517],[139.119516,35.680303],[139.116486,35.683825],[139.112615,35.684964],[139.108263,35.689742],[139.105859,35.69098],[139.097408,35.692332],[139.095707,35.691118],[139.09311,35.691514],[139.092107,35.690553],[139.087671,35.691803],[139.085789,35.693083],[139.084395,35.693077],[139.082015,35.695553],[139.078162,35.695709],[139.076323,35.694886],[139.074808,35.695559],[139.072206,35.69536],[139.070607,35.697626],[139.066736,35.698402],[139.065306,35.697836],[139.062721,35.700727],[139.052088,35.704833],[139.050682,35.707369],[139.048422,35.708006],[139.047376,35.70925],[139.043619,35.70952],[139.039033,35.711125],[139.034778,35.714959],[139.03235,35.716215],[139.029735,35.716413],[139.025468,35.719154],[139.022083,35.722659],[139.022065,35.724804],[139.020899,35.727281],[139.01793,35.731218],[139.014979,35.733234],[139.012911,35.736878],[139.012562,35.738995],[139.014623,35.738579],[139.01756,35.739675],[139.021886,35.740187],[139.026815,35.742163],[139.028186,35.744512],[139.031759,35.744329],[139.034875,35.742391],[139.039869,35.744511],[139.041412,35.746177],[139.039686,35.750414],[139.042697,35.755108],[139.042924,35.757613],[139.045791,35.758048],[139.048196,35.759882],[139.054325,35.759864],[139.057757,35.764175],[139.060948,35.764103],[139.063615,35.765603],[139.066811,35.765785],[139.073278,35.769731],[139.075029,35.771995],[139.081715,35.76989],[139.086777,35.771244],[139.088474,35.770189],[139.093214,35.769892],[139.094753,35.771259],[139.09539,35.774722],[139.096621,35.775918],[139.102536,35.778498],[139.105597,35.779123]]]}},{"type":"Feature","properties":{"N03_007":"13308","N03_001":"東京都","nam_ja":"奥多摩町"},"geometry":{"type":"Polygon","coordinates":[[[139.019117,35.898264],[139.020892,35.897158],[139.024007,35.897294],[139.025446,35.895528],[139.02933,35.892908],[139.037415,35.889217],[139.040349,35.886307],[139.042871,35.885601],[139.047294,35.881497],[139.048327,35.881209],[139.049842,35.878833],[139.05539,35.877477],[139.057969,35.877441],[139.059315,35.874898],[139.061632,35.873629],[139.070072,35.871577],[139.072055,35.87158],[139.076555,35.875022],[139.078671,35.875387],[139.082272,35.87494],[139.083993,35.87343],[139.089228,35.871034],[139.091657,35.869034],[139.094496,35.869506],[139.099091,35.868674],[139.101372,35.865691],[139.102677,35.866579],[139.109669,35.865707],[139.111734,35.86468],[139.114446,35.865369],[139.115772,35.864465],[139.11927,35.864291],[139.126084,35.865037],[139.127415,35.865638],[139.129197,35.865561],[139.131888,35.864429],[139.135361,35.865387],[139.14176,35.863263],[139.147647,35.862682],[139.153299,35.859325],[139.159401,35.857065],[139.162154,35.852108],[139.163531,35.850868],[139.16268,35.84906],[139.166419,35.844569],[139.166118,35.842972],[139.169709,35.840414],[139.171999,35.839958],[139.173272,35.838279],[139.174337,35.837924],[139.17495,35.836308],[139.177417,35.835053],[139.176892,35.833086],[139.178431,35.830589],[139.175234,35.826939],[139.177412,35.82019],[139.174209,35.812827],[139.17569,35.807078],[139.173579,35.806755],[139.171665,35.805094],[139.171454,35.803472],[139.167321,35.801725],[139.164816,35.8016],[139.159141,35.798428],[139.156305,35.798625],[139.14982,35.796378],[139.146779,35.792631],[139.14774,35.790668],[139.146626,35.787685],[139.147418,35.78608],[139.146479,35.785755],[139.147812,35.781991],[139.142726,35.781025],[139.140485,35.778995],[139.137355,35.778311],[139.137638,35.772432],[139.132795,35.766366],[139.130751,35.765116],[139.128213,35.766981],[139.125247,35.767538],[139.122964,35.769425],[139.121153,35.769561],[139.118157,35.77144],[139.116784,35.771567],[139.113841,35.773851],[139.109716,35.775515],[139.107543,35.776839],[139.105851,35.779113],[139.103366,35.778698],[139.096621,35.775918],[139.09539,35.774722],[139.094753,35.771259],[139.093214,35.769892],[139.088474,35.770189],[139.086777,35.771244],[139.081715,35.76989],[139.075029,35.771995],[139.073278,35.769731],[139.066811,35.765785],[139.063615,35.765603],[139.060948,35.764103],[139.057757,35.764175],[139.054325,35.759864],[139.048196,35.759882],[139.045791,35.758048],[139.042924,35.757613],[139.042697,35.755108],[139.039686,35.750414],[139.041412,35.746177],[139.039869,35.744511],[139.034875,35.742391],[139.031759,35.744329],[139.028186,35.744512],[139.026605,35.74206],[139.021886,35.740187],[139.01756,35.739675],[139.014623,35.738579],[139.013589,35.73914],[139.011881,35.738863],[139.010389,35.742292],[139.005183,35.748959],[139.005155,35.750452],[139.000383,35.750486],[138.997218,35.751978],[138.995611,35.753768],[138.992432,35.755518],[138.992752,35.757583],[138.991096,35.75936],[138.989362,35.76349],[138.984397,35.767765],[138.983773,35.769475],[138.983665,35.772231],[138.985254,35.774209],[138.986705,35.780895],[138.986084,35.781516],[138.986355,35.782363],[138.984689,35.783836],[138.984975,35.785425],[138.981877,35.787076],[138.97952,35.787088],[138.976876,35.789029],[138.976065,35.791692],[138.977105,35.792752],[138.974679,35.794894],[138.973586,35.797577],[138.971369,35.800058],[138.971402,35.803076],[138.970211,35.80502],[138.970856,35.809446],[138.972234,35.811524],[138.971849,35.81438],[138.969629,35.816214],[138.969729,35.82451],[138.970479,35.827357],[138.969766,35.831225],[138.964254,35.829382],[138.962195,35.829608],[138.961388,35.830656],[138.959076,35.831544],[138.95832,35.83291],[138.953262,35.836517],[138.949119,35.840471],[138.947323,35.843179],[138.948548,35.849544],[138.94612,35.853728],[138.943933,35.854819],[138.942868,35.860162],[138.946584,35.864472],[138.945261,35.868119],[138.949931,35.869486],[138.955234,35.875305],[138.965204,35.877786],[138.966655,35.879367],[138.967584,35.882026],[138.973034,35.88212],[138.978928,35.885011],[138.985564,35.881166],[138.988751,35.881147],[138.994582,35.883257],[138.995881,35.884447],[139.000931,35.884008],[139.005679,35.888238],[139.006657,35.889625],[139.006805,35.893638],[139.010323,35.897172],[139.013379,35.898256],[139.019117,35.898264]]]}}]}