{"type":"FeatureCollection","features":[{"type":"Feature","properties":{"N03_007":"14101","N03_001":"神奈川県","nam_ja":"横浜市"},"geometry":{"type":"MultiPolygon","coordinates":[[[[139.676031,35.456292],[139.675704,35.455913],[139.675981,35.456309],[139.676031,35.456292]]],[[[139.676713,35.457643],[139.677032,35.458135],[139.676764,35.457626],[139.676713,35.457643]]],[[[139.694868,35.463767],[139.687211,35.460072],[139.688056,35.458899],[139.68797,35.458625],[139.687153,35.460046],[139.684858,35.458627],[139.688427,35.457001],[139.698061,35.461646],[139.702248,35.455121],[139.707183,35.456679],[139.700486,35.454492],[139.693731,35.447862],[139.695499,35.449819],[139.677198,35.45816],[139.670816,35.461891],[139.670153,35.463097],[139.670876,35.461918],[139.673109,35.460617],[139.673973,35.462205],[139.672586,35.465226],[139.670575,35.464499],[139.67803,35.467414],[139.692397,35.472012],[139.694448,35.469167],[139.694868,35.463767]]],[[[139.707022,35.472304],[139.707405,35.471877],[139.707327,35.471841],[139.707022,35.472304]]],[[[139.714146,35.485995],[139.725328,35.469796],[139.712707,35.464254],[139.705946,35.474535],[139.703634,35.475095],[139.700266,35.478685],[139.703598,35.481441],[139.714146,35.485995]]],[[[139.671591,35.483327],[139.671606,35.483385],[139.671633,35.483347],[139.671591,35.483327]]],[[[139.711412,35.485751],[139.710568,35.485378],[139.710605,35.485425],[139.711412,35.485751]]],[[[139.678002,35.539682],[139.684914,35.539986],[139.685001,35.536482],[139.6844,35.535576],[139.685009,35.534559],[139.683804,35.532832],[139.683701,35.530942],[139.683975,35.530152],[139.684826,35.530331],[139.686583,35.528677],[139.686278,35.527364],[139.688695,35.526392],[139.687721,35.524944],[139.688241,35.522661],[139.689667,35.520691],[139.689043,35.520091],[139.689397,35.519023],[139.691645,35.519475],[139.696614,35.505876],[139.698584,35.50601],[139.698875,35.502756],[139.700642,35.503839],[139.700972,35.503401],[139.703403,35.504442],[139.704745,35.500993],[139.711457,35.490801],[139.696301,35.484044],[139.694886,35.488015],[139.698281,35.4895],[139.697937,35.490968],[139.69462,35.489455],[139.693214,35.492413],[139.691828,35.492135],[139.690277,35.491515],[139.691114,35.489305],[139.690947,35.488183],[139.690641,35.489632],[139.690479,35.488881],[139.68925,35.490272],[139.687976,35.495305],[139.688186,35.491345],[139.687052,35.490859],[139.68833,35.489762],[139.690179,35.485181],[139.692857,35.482681],[139.692801,35.481406],[139.689489,35.478915],[139.686572,35.478977],[139.68647,35.4798],[139.681772,35.478356],[139.681774,35.47289],[139.67567,35.471353],[139.675925,35.469215],[139.675604,35.470451],[139.674594,35.469575],[139.668418,35.467829],[139.667905,35.473563],[139.67314,35.475132],[139.67234,35.477639],[139.671317,35.477614],[139.66957,35.480463],[139.669995,35.481497],[139.674643,35.48338],[139.674232,35.484172],[139.67396,35.4845],[139.668479,35.48229],[139.665754,35.486573],[139.66408,35.486817],[139.660626,35.491005],[139.661285,35.49274],[139.660619,35.493148],[139.659473,35.492703],[139.658984,35.494029],[139.657568,35.494597],[139.65758,35.497717],[139.654037,35.49852],[139.653316,35.499747],[139.650894,35.500987],[139.644566,35.502049],[139.643322,35.503259],[139.644681,35.505131],[139.643618,35.505574],[139.641014,35.505126],[139.639339,35.506268],[139.639609,35.508789],[139.637312,35.510641],[139.635421,35.515488],[139.63836,35.515864],[139.640631,35.518114],[139.642418,35.518411],[139.642674,35.520061],[139.642263,35.520644],[139.641472,35.520153],[139.641192,35.520501],[139.640527,35.521589],[139.640844,35.522534],[139.641573,35.522709],[139.643186,35.521737],[139.643783,35.523067],[139.647431,35.523281],[139.647104,35.528248],[139.647874,35.531062],[139.646613,35.533201],[139.648686,35.534279],[139.650393,35.537219],[139.65347,35.538621],[139.655543,35.538832],[139.657248,35.537583],[139.659702,35.537207],[139.665072,35.53463],[139.666453,35.532999],[139.668268,35.534796],[139.670536,35.535409],[139.670662,35.536714],[139.674883,35.537184],[139.674856,35.538185],[139.675626,35.538095],[139.675623,35.540649],[139.678002,35.539682]]]]}},{"type":"Feature","properties":{"N03_007":"14102","N03_001":"神奈川県","nam_ja":"横浜市"},"geometry":{"type":"MultiPolygon","coordinates":[[[[139.658218,35.460101],[139.657903,35.460807],[139.656493,35.463006],[139.657898,35.46089],[139.658218,35.460101]]],[[[139.656024,35.463585],[139.655885,35.463673],[139.655929,35.463697],[139.656024,35.463585]]],[[[139.655897,35.463685],[139.655591,35.464087],[139.655932,35.463704],[139.655897,35.463685]]],[[[139.645388,35.474607],[139.650392,35.474446],[139.655961,35.470224],[139.652279,35.466973],[139.653328,35.466193],[139.654726,35.464985],[139.655543,35.464126],[139.650998,35.467729],[139.650513,35.467294],[139.654099,35.464576],[139.653006,35.46359],[139.645267,35.46942],[139.642121,35.468371],[139.641841,35.468987],[139.643633,35.469902],[139.641833,35.471861],[139.645388,35.474607]]],[[[139.641669,35.505219],[139.643618,35.505574],[139.644681,35.505131],[139.643322,35.503259],[139.644566,35.502049],[139.650894,35.500987],[139.653316,35.499747],[139.654037,35.49852],[139.65758,35.497717],[139.657568,35.494597],[139.658984,35.494029],[139.659473,35.492703],[139.660619,35.493148],[139.661285,35.49274],[139.660626,35.491005],[139.66408,35.486817],[139.665754,35.486573],[139.667099,35.484353],[139.667249,35.483517],[139.66597,35.482819],[139.669191,35.47752],[139.653895,35.476644],[139.651452,35.481516],[139.648324,35.480384],[139.651574,35.477787],[139.651679,35.476506],[139.644618,35.476019],[139.641971,35.473438],[139.640374,35.474275],[139.641866,35.473305],[139.639967,35.471259],[139.640856,35.471214],[139.640629,35.469681],[139.639698,35.469855],[139.640207,35.468097],[139.639601,35.468301],[139.638933,35.467677],[139.638163,35.468415],[139.638123,35.465179],[139.63408,35.465507],[139.633475,35.464972],[139.631773,35.467187],[139.627039,35.465678],[139.623338,35.468006],[139.616391,35.468673],[139.616153,35.470073],[139.614705,35.470586],[139.614682,35.472032],[139.612234,35.471435],[139.61103,35.472125],[139.606959,35.470334],[139.606742,35.468986],[139.60461,35.467793],[139.603107,35.46795],[139.602485,35.468604],[139.600272,35.46772],[139.599514,35.467929],[139.599288,35.468923],[139.599801,35.468856],[139.599975,35.470706],[139.600596,35.470864],[139.600805,35.473334],[139.602014,35.47435],[139.601824,35.475933],[139.602428,35.476265],[139.601306,35.480196],[139.59714,35.483576],[139.596491,35.483317],[139.595776,35.481136],[139.592096,35.481907],[139.589414,35.479885],[139.585596,35.476258],[139.584259,35.474102],[139.582816,35.473611],[139.582782,35.471327],[139.579841,35.475036],[139.578182,35.480018],[139.576035,35.482681],[139.575766,35.485439],[139.573809,35.490023],[139.567897,35.496497],[139.567879,35.497454],[139.570294,35.499198],[139.573334,35.504102],[139.576263,35.504335],[139.582177,35.503352],[139.583339,35.504327],[139.588999,35.503972],[139.590657,35.503722],[139.592208,35.501393],[139.593838,35.500978],[139.594379,35.5022],[139.594974,35.502215],[139.59623,35.501064],[139.596524,35.499689],[139.600627,35.499206],[139.603372,35.497888],[139.606295,35.498408],[139.606448,35.499303],[139.608125,35.498423],[139.609004,35.499294],[139.60998,35.497856],[139.609957,35.495807],[139.609264,35.495143],[139.611582,35.494337],[139.613322,35.49204],[139.619907,35.495527],[139.62128,35.491389],[139.625304,35.489391],[139.628849,35.49078],[139.628815,35.491474],[139.627264,35.491921],[139.630144,35.492206],[139.630878,35.493753],[139.632902,35.492912],[139.635169,35.493096],[139.635473,35.494154],[139.636744,35.495023],[139.636641,35.500586],[139.638496,35.505648],[139.639222,35.506319],[139.641669,35.505219]]]]}},{"type":"Feature","properties":{"N03_007":"14103","N03_001":"神奈川県","nam_ja":"横浜市"},"geometry":{"type":"Polygon","coordinates":[[[139.61103,35.472125],[139.612234,35.471435],[139.614682,35.472032],[139.614705,35.470586],[139.616153,35.470073],[139.616361,35.468683],[139.623338,35.468006],[139.627039,35.465678],[139.632187,35.467095],[139.633475,35.464972],[139.632938,35.464499],[139.634113,35.464112],[139.633659,35.463023],[139.634442,35.463019],[139.634757,35.463779],[139.638388,35.463784],[139.638737,35.46306],[139.637999,35.460846],[139.638095,35.457419],[139.635135,35.455813],[139.635512,35.455433],[139.633299,35.452401],[139.632554,35.452264],[139.63039,35.454753],[139.629472,35.454295],[139.628362,35.454984],[139.62772,35.454371],[139.629138,35.452451],[139.628002,35.450816],[139.628087,35.449017],[139.627209,35.448375],[139.626734,35.449209],[139.62618,35.449007],[139.626916,35.447486],[139.626599,35.445385],[139.623984,35.442498],[139.622708,35.443022],[139.62152,35.441846],[139.615835,35.443542],[139.614841,35.444326],[139.611481,35.442567],[139.609847,35.443218],[139.605527,35.443129],[139.604396,35.443469],[139.603249,35.444892],[139.603179,35.445712],[139.604187,35.446056],[139.603548,35.448985],[139.605024,35.449888],[139.604551,35.451004],[139.608012,35.452991],[139.605209,35.454273],[139.606628,35.459453],[139.606079,35.459419],[139.605595,35.460624],[139.604534,35.467946],[139.606742,35.468986],[139.607042,35.470386],[139.61103,35.472125]]]}},{"type":"Feature","properties":{"N03_007":"14104","N03_001":"神奈川県","nam_ja":"横浜市"},"geometry":{"type":"MultiPolygon","coordinates":[[[[139.651533,35.408698],[139.651735,35.408715],[139.651602,35.408628],[139.651533,35.408698]]],[[[139.680633,35.425081],[139.680589,35.42515],[139.680654,35.4251],[139.680633,35.425081]]],[[[139.680061,35.42591],[139.680274,35.425994],[139.680124,35.425863],[139.680061,35.42591]]],[[[139.643179,35.456695],[139.641966,35.455146],[139.642914,35.454631],[139.645507,35.45779],[139.646978,35.456998],[139.645404,35.457416],[139.644827,35.4567],[139.646341,35.456207],[139.645978,35.455755],[139.646199,35.456112],[139.644737,35.456588],[139.644432,35.456211],[139.645551,35.455443],[139.644079,35.453952],[139.645003,35.450987],[139.644152,35.450993],[139.643454,35.449083],[139.644611,35.448496],[139.645334,35.44926],[139.644406,35.450157],[139.645601,35.449639],[139.64876,35.453753],[139.649681,35.453257],[139.645502,35.447866],[139.646177,35.447548],[139.646685,35.448117],[139.651856,35.445125],[139.657488,35.451149],[139.657747,35.4526],[139.65753,35.451127],[139.658542,35.450597],[139.65727,35.448955],[139.658918,35.448439],[139.66027,35.450081],[139.661604,35.449343],[139.660376,35.447734],[139.662254,35.447511],[139.66441,35.450214],[139.665802,35.449484],[139.663627,35.446758],[139.656977,35.44434],[139.660281,35.441259],[139.66318,35.443553],[139.661414,35.44505],[139.660354,35.444649],[139.661427,35.44509],[139.664117,35.442796],[139.670358,35.451302],[139.672764,35.450344],[139.673121,35.450897],[139.672806,35.450323],[139.674316,35.449712],[139.668546,35.440225],[139.66899,35.439336],[139.671151,35.438843],[139.675297,35.445713],[139.677245,35.444898],[139.676286,35.443293],[139.681499,35.441576],[139.676083,35.432802],[139.6775,35.432293],[139.676066,35.432773],[139.675346,35.431588],[139.678306,35.43038],[139.679023,35.431566],[139.677967,35.432],[139.679041,35.431595],[139.685366,35.44203],[139.68705,35.441374],[139.688136,35.442454],[139.687126,35.441346],[139.690603,35.439274],[139.685394,35.426657],[139.681218,35.426422],[139.681243,35.42511],[139.680516,35.426113],[139.680789,35.427022],[139.67926,35.427583],[139.678859,35.426833],[139.679928,35.425556],[139.681385,35.424422],[139.681519,35.422805],[139.680541,35.42196],[139.679782,35.421937],[139.676896,35.424166],[139.67603,35.423414],[139.675186,35.423527],[139.679861,35.418786],[139.678006,35.416191],[139.679994,35.415588],[139.681717,35.418996],[139.682514,35.418718],[139.68022,35.415513],[139.681768,35.415044],[139.683397,35.416872],[139.681888,35.414766],[139.681262,35.414957],[139.680166,35.412524],[139.679653,35.412677],[139.679445,35.410855],[139.669555,35.402877],[139.666826,35.404603],[139.669229,35.406517],[139.665888,35.408532],[139.663198,35.406619],[139.652557,35.413031],[139.642387,35.411616],[139.640588,35.414852],[139.639842,35.414547],[139.639556,35.415102],[139.638699,35.418975],[139.633054,35.418805],[139.628076,35.424071],[139.62833,35.425765],[139.629324,35.426319],[139.627753,35.427638],[139.630284,35.427397],[139.634242,35.428482],[139.635757,35.430262],[139.636961,35.430038],[139.639786,35.432589],[139.639045,35.433711],[139.638493,35.433075],[139.636329,35.433181],[139.6363,35.436709],[139.633543,35.435917],[139.63046,35.439995],[139.622751,35.436726],[139.621666,35.438759],[139.623943,35.439747],[139.62179,35.442506],[139.622708,35.443022],[139.623984,35.442498],[139.626599,35.445385],[139.626916,35.447486],[139.62618,35.449007],[139.626734,35.449209],[139.627209,35.448375],[139.628087,35.449017],[139.628002,35.450816],[139.629138,35.452451],[139.62772,35.454371],[139.628362,35.454984],[139.629472,35.454295],[139.63039,35.454753],[139.632988,35.452298],[139.635512,35.455433],[139.638502,35.456802],[139.640838,35.455773],[139.64309,35.458624],[139.642206,35.457198],[139.643179,35.456695]]],[[[139.673899,35.452339],[139.673452,35.451508],[139.674033,35.452683],[139.673899,35.452339]]],[[[139.657887,35.45328],[139.658007,35.455054],[139.658049,35.455054],[139.657887,35.45328]]],[[[139.688876,35.412793],[139.695191,35.407585],[139.690735,35.399913],[139.682372,35.393159],[139.67836,35.395578],[139.67795,35.395324],[139.677935,35.395981],[139.685331,35.401943],[139.68225,35.404502],[139.676382,35.399762],[139.674699,35.399666],[139.671263,35.401747],[139.671155,35.402913],[139.680187,35.410192],[139.684173,35.408977],[139.688876,35.412793]]],[[[139.681197,35.42468],[139.681238,35.424612],[139.681176,35.42466],[139.681197,35.42468]]],[[[139.681199,35.424692],[139.681391,35.424731],[139.681276,35.42463],[139.681199,35.424692]]],[[[139.680592,35.425164],[139.680858,35.425268],[139.68067,35.425102],[139.680592,35.425164]]],[[[139.688301,35.442615],[139.68917,35.443438],[139.688358,35.442578],[139.688301,35.442615]]]]}},{"type":"Feature","properties":{"N03_007":"14105","N03_001":"神奈川県","nam_ja":"横浜市"},"geometry":{"type":"Polygon","coordinates":[[[139.614841,35.444326],[139.62152,35.441846],[139.62179,35.44226],[139.623943,35.439747],[139.621666,35.438759],[139.622751,35.436726],[139.63046,35.439995],[139.633543,35.435917],[139.6363,35.436709],[139.636329,35.433181],[139.638493,35.433075],[139.639045,35.433711],[139.639786,35.432589],[139.636961,35.430038],[139.635757,35.430262],[139.634008,35.428387],[139.629403,35.427309],[139.627287,35.427942],[139.623539,35.426432],[139.620306,35.426647],[139.620501,35.425608],[139.616437,35.425349],[139.615149,35.423463],[139.613201,35.422255],[139.610888,35.423557],[139.610216,35.421574],[139.607139,35.419219],[139.607737,35.418798],[139.60703,35.418426],[139.607146,35.415973],[139.605661,35.412204],[139.606334,35.410874],[139.605994,35.409961],[139.606879,35.409837],[139.606361,35.408476],[139.60439,35.408116],[139.604533,35.408603],[139.602888,35.408909],[139.600646,35.411207],[139.599178,35.410897],[139.597853,35.411392],[139.597444,35.413505],[139.599343,35.415829],[139.595808,35.41648],[139.595407,35.415015],[139.59317,35.415441],[139.59134,35.412698],[139.589088,35.411883],[139.587417,35.409626],[139.586315,35.409988],[139.58517,35.410617],[139.585491,35.411492],[139.581507,35.41272],[139.578938,35.416943],[139.578785,35.420296],[139.577004,35.422406],[139.575397,35.422708],[139.575117,35.421905],[139.573372,35.42193],[139.570577,35.423742],[139.570048,35.425907],[139.574177,35.426028],[139.574124,35.424839],[139.575079,35.42585],[139.575526,35.425046],[139.573925,35.424371],[139.57538,35.423983],[139.576285,35.424611],[139.575095,35.4272],[139.575607,35.428861],[139.575131,35.431024],[139.575877,35.432425],[139.577583,35.433689],[139.579783,35.433197],[139.581475,35.433767],[139.586711,35.44024],[139.588716,35.441772],[139.591305,35.441694],[139.592751,35.440501],[139.595055,35.440401],[139.596669,35.439653],[139.601017,35.439882],[139.602719,35.438448],[139.604159,35.43962],[139.603694,35.441167],[139.605641,35.441857],[139.606557,35.443121],[139.609847,35.443218],[139.611481,35.442567],[139.614841,35.444326]]]}},{"type":"Feature","properties":{"N03_007":"14106","N03_001":"神奈川県","nam_ja":"横浜市"},"geometry":{"type":"Polygon","coordinates":[[[139.553308,35.497992],[139.554891,35.496873],[139.556866,35.49723],[139.557768,35.496753],[139.559599,35.49524],[139.561042,35.492104],[139.563646,35.49308],[139.565091,35.496272],[139.567823,35.497263],[139.567989,35.49625],[139.57383,35.489988],[139.575766,35.485439],[139.576035,35.482681],[139.578182,35.480018],[139.579841,35.475036],[139.582782,35.471327],[139.582816,35.473611],[139.584259,35.474102],[139.585888,35.476583],[139.592096,35.481907],[139.595776,35.481136],[139.596491,35.483317],[139.59714,35.483576],[139.601306,35.480196],[139.602422,35.476199],[139.601824,35.475933],[139.602014,35.47435],[139.600805,35.473334],[139.600596,35.470864],[139.599975,35.470706],[139.599273,35.468048],[139.600272,35.46772],[139.602485,35.468604],[139.604947,35.467287],[139.605595,35.460624],[139.606079,35.459419],[139.606628,35.459453],[139.605209,35.454273],[139.608012,35.452991],[139.604551,35.451004],[139.605024,35.449888],[139.603548,35.448985],[139.604187,35.446056],[139.603126,35.445638],[139.603482,35.444349],[139.604516,35.443402],[139.606557,35.443121],[139.605641,35.441857],[139.603694,35.441167],[139.604159,35.43962],[139.603537,35.438742],[139.602719,35.438448],[139.600763,35.439927],[139.596669,35.439653],[139.594795,35.440447],[139.59364,35.440173],[139.591305,35.441694],[139.588806,35.441798],[139.585088,35.43842],[139.582683,35.434678],[139.580186,35.43326],[139.577192,35.433524],[139.575131,35.431024],[139.574332,35.431413],[139.571951,35.437829],[139.561956,35.4355],[139.558565,35.437935],[139.558815,35.439445],[139.557965,35.441633],[139.556282,35.442219],[139.555683,35.443098],[139.551819,35.442873],[139.551648,35.444666],[139.549085,35.445384],[139.548804,35.447387],[139.546866,35.447436],[139.545172,35.449198],[139.545299,35.45081],[139.546872,35.451657],[139.549063,35.451905],[139.551551,35.45371],[139.556544,35.454073],[139.561555,35.453357],[139.563319,35.455364],[139.56457,35.455835],[139.566389,35.455574],[139.566177,35.458785],[139.568276,35.459397],[139.568856,35.46013],[139.568315,35.464121],[139.566546,35.463414],[139.564032,35.465484],[139.562157,35.465527],[139.559825,35.4672],[139.559168,35.468672],[139.557777,35.469336],[139.558394,35.469999],[139.557758,35.471392],[139.558549,35.472504],[139.558427,35.473848],[139.560593,35.473657],[139.562431,35.47643],[139.563476,35.475997],[139.563033,35.477871],[139.560728,35.4778],[139.561696,35.479895],[139.562341,35.480311],[139.563427,35.47998],[139.56448,35.481233],[139.566033,35.480497],[139.566946,35.480868],[139.564445,35.48462],[139.562893,35.484197],[139.560609,35.484865],[139.559543,35.484458],[139.556538,35.484804],[139.550391,35.492049],[139.550033,35.493035],[139.550759,35.495642],[139.552623,35.496437],[139.553308,35.497992]]]}},{"type":"Feature","properties":{"N03_007":"14107","N03_001":"神奈川県","nam_ja":"横浜市"},"geometry":{"type":"MultiPolygon","coordinates":[[[[139.629148,35.426417],[139.628004,35.425113],[139.628076,35.424071],[139.629496,35.423033],[139.630887,35.420648],[139.633852,35.418488],[139.638699,35.418975],[139.639556,35.415102],[139.639842,35.414547],[139.640588,35.414852],[139.642387,35.411616],[139.63366,35.408328],[139.629698,35.413356],[139.631295,35.410272],[139.630579,35.410577],[139.627717,35.409141],[139.630786,35.404981],[139.641988,35.406969],[139.644745,35.405498],[139.645467,35.40293],[139.632309,35.400376],[139.629653,35.401372],[139.626023,35.401637],[139.622179,35.396086],[139.622845,35.395752],[139.622101,35.395989],[139.621984,35.395347],[139.624428,35.391713],[139.631302,35.394559],[139.632256,35.393368],[139.633915,35.393813],[139.636507,35.390327],[139.627429,35.386207],[139.628593,35.38416],[139.629301,35.383982],[139.628682,35.382368],[139.623524,35.380746],[139.622425,35.379621],[139.621124,35.37537],[139.621841,35.372994],[139.619149,35.371725],[139.617431,35.367512],[139.61634,35.366572],[139.614614,35.366413],[139.61384,35.364354],[139.61351,35.365184],[139.612856,35.365092],[139.612883,35.36336],[139.611086,35.362983],[139.610575,35.364254],[139.609879,35.363865],[139.610252,35.36117],[139.607569,35.361307],[139.606931,35.360562],[139.607674,35.359799],[139.604987,35.357448],[139.602769,35.357321],[139.602295,35.355952],[139.601301,35.355407],[139.600085,35.355342],[139.599417,35.356166],[139.59822,35.356389],[139.594566,35.355361],[139.591321,35.355656],[139.590023,35.354735],[139.589067,35.356443],[139.589682,35.35725],[139.591886,35.357881],[139.592731,35.360492],[139.592605,35.361889],[139.591364,35.362918],[139.591489,35.364296],[139.593431,35.364804],[139.596685,35.367785],[139.593554,35.372501],[139.592418,35.373452],[139.590811,35.373638],[139.588971,35.377262],[139.588817,35.377807],[139.590068,35.378491],[139.592594,35.378512],[139.591848,35.381477],[139.589368,35.382228],[139.589036,35.384023],[139.587948,35.385269],[139.588471,35.386932],[139.592042,35.386055],[139.592399,35.385137],[139.593329,35.386457],[139.596241,35.387083],[139.597741,35.388273],[139.601304,35.387985],[139.601645,35.386199],[139.602385,35.386664],[139.603111,35.386153],[139.603756,35.386827],[139.603945,35.386121],[139.605093,35.38599],[139.606364,35.386567],[139.606281,35.387631],[139.603558,35.390693],[139.603686,35.39254],[139.602709,35.393224],[139.603901,35.39375],[139.604338,35.395068],[139.603065,35.395375],[139.603518,35.395945],[139.602255,35.395845],[139.60282,35.396273],[139.601499,35.39792],[139.600067,35.397108],[139.599354,35.398901],[139.597648,35.400026],[139.597358,35.401454],[139.600061,35.4026],[139.602292,35.40263],[139.603412,35.404307],[139.604953,35.403239],[139.605954,35.403694],[139.607587,35.402439],[139.609021,35.403562],[139.608932,35.406002],[139.607347,35.406454],[139.606359,35.408423],[139.606879,35.409837],[139.605994,35.409961],[139.606334,35.410874],[139.605655,35.412116],[139.607146,35.415973],[139.607487,35.419961],[139.610216,35.421574],[139.610942,35.423587],[139.613201,35.422255],[139.615149,35.423463],[139.616437,35.425349],[139.620501,35.425608],[139.620306,35.426647],[139.623539,35.426432],[139.627287,35.427942],[139.629148,35.426417]]],[[[139.64172,35.401506],[139.641574,35.402035],[139.64329,35.402357],[139.643439,35.40183],[139.64172,35.401506]]]]}},{"type":"Feature","properties":{"N03_007":"14108","N03_001":"神奈川県","nam_ja":"横浜市"},"geometry":{"type":"MultiPolygon","coordinates":[[[[139.634461,35.322058],[139.634464,35.322141],[139.634671,35.322276],[139.634461,35.322058]]],[[[139.635801,35.323439],[139.635961,35.323899],[139.636838,35.324625],[139.635801,35.323439]]],[[[139.636893,35.324701],[139.637009,35.324935],[139.637253,35.325122],[139.636893,35.324701]]],[[[139.637444,35.32531],[139.637696,35.325618],[139.637735,35.325645],[139.637444,35.32531]]],[[[139.635013,35.329536],[139.638064,35.327979],[139.638101,35.32702],[139.639193,35.328947],[139.637984,35.326692],[139.633576,35.323094],[139.632147,35.326261],[139.629542,35.328802],[139.6337,35.33096],[139.635013,35.329536]]],[[[139.622644,35.33128],[139.622491,35.331441],[139.622675,35.331419],[139.622644,35.33128]]],[[[139.645681,35.390539],[139.653233,35.387262],[139.649422,35.384099],[139.651069,35.382768],[139.649425,35.381403],[139.648626,35.381958],[139.647743,35.381656],[139.647474,35.381008],[139.648402,35.380158],[139.645893,35.378093],[139.644034,35.379604],[139.643253,35.378956],[139.650521,35.373078],[139.651578,35.373085],[139.653684,35.374827],[139.653595,35.374465],[139.658273,35.378544],[139.654058,35.374768],[139.656505,35.372685],[139.656514,35.36654],[139.650936,35.366417],[139.650978,35.359838],[139.654835,35.353669],[139.656927,35.353494],[139.656953,35.341935],[139.643718,35.33969],[139.64174,35.338841],[139.639871,35.340435],[139.63801,35.34038],[139.635867,35.339043],[139.63372,35.336019],[139.635527,35.33501],[139.635375,35.334141],[139.63711,35.334385],[139.635451,35.334062],[139.63495,35.33267],[139.637421,35.333245],[139.63743,35.334322],[139.637462,35.33312],[139.635048,35.332221],[139.634709,35.332547],[139.634951,35.33217],[139.634538,35.331897],[139.634629,35.332504],[139.633619,35.331963],[139.634352,35.331819],[139.629343,35.32944],[139.623642,35.33241],[139.622334,35.331944],[139.62256,35.331494],[139.621969,35.331496],[139.623531,35.330064],[139.629807,35.325714],[139.631603,35.325205],[139.630619,35.323327],[139.629639,35.323411],[139.624456,35.318668],[139.621146,35.317853],[139.619818,35.318076],[139.618065,35.317078],[139.614175,35.316574],[139.613028,35.316982],[139.612414,35.315932],[139.609947,35.314431],[139.609434,35.312502],[139.607135,35.313026],[139.60421,35.314696],[139.60344,35.317121],[139.598814,35.315753],[139.596222,35.316421],[139.596278,35.317941],[139.595324,35.319288],[139.59316,35.320415],[139.59303,35.323908],[139.591084,35.325223],[139.590857,35.327494],[139.589699,35.327987],[139.590033,35.3287],[139.58871,35.330047],[139.589445,35.332219],[139.589219,35.335047],[139.588864,35.33639],[139.587859,35.336519],[139.587894,35.338503],[139.589237,35.342305],[139.588404,35.346246],[139.588785,35.349824],[139.590592,35.35094],[139.591288,35.352779],[139.590263,35.354737],[139.591321,35.355656],[139.594566,35.355361],[139.59822,35.356389],[139.599417,35.356166],[139.600085,35.355342],[139.601301,35.355407],[139.602295,35.355952],[139.602769,35.357321],[139.604987,35.357448],[139.607674,35.359799],[139.606931,35.360562],[139.607569,35.361307],[139.610252,35.36117],[139.609879,35.363865],[139.610575,35.364254],[139.611086,35.362983],[139.612883,35.36336],[139.612856,35.365092],[139.61351,35.365184],[139.61384,35.364354],[139.614614,35.366413],[139.61634,35.366572],[139.617431,35.367512],[139.619149,35.371725],[139.621841,35.372994],[139.621124,35.37537],[139.622425,35.379621],[139.623524,35.380746],[139.628453,35.382118],[139.629301,35.383982],[139.632342,35.383207],[139.632001,35.382353],[139.632613,35.38219],[139.63295,35.383061],[139.633813,35.382846],[139.639683,35.385374],[139.642134,35.387424],[139.642838,35.387232],[139.642484,35.387704],[139.645681,35.390539]]],[[[139.646325,35.333837],[139.646334,35.33506],[139.648733,35.335385],[139.648803,35.335837],[139.648808,35.334687],[139.646325,35.333837]]],[[[139.643706,35.338688],[139.648547,35.338165],[139.648617,35.336901],[139.649689,35.33674],[139.64969,35.335418],[139.649442,35.33655],[139.648427,35.336808],[139.64765,35.336325],[139.645935,35.336462],[139.645814,35.334339],[139.643344,35.334331],[139.641914,35.335292],[139.642205,35.338126],[139.643706,35.338688]]],[[[139.652896,35.379276],[139.648476,35.375567],[139.648399,35.375427],[139.648277,35.375528],[139.652896,35.379276]]],[[[139.653344,35.379662],[139.654104,35.380226],[139.653382,35.379631],[139.653344,35.379662]]],[[[139.654486,35.380225],[139.654991,35.380222],[139.654983,35.380173],[139.654486,35.380225]]],[[[139.658398,35.381807],[139.656338,35.380025],[139.655827,35.379586],[139.653982,35.379176],[139.653367,35.378698],[139.653968,35.379203],[139.6558,35.379624],[139.658398,35.381807]]],[[[139.654517,35.38482],[139.655242,35.385446],[139.658314,35.382947],[139.655251,35.385418],[139.654503,35.384784],[139.652651,35.386269],[139.654517,35.38482]]]]}},{"type":"Feature","properties":{"N03_007":"14109","N03_001":"神奈川県","nam_ja":"横浜市"},"geometry":{"type":"Polygon","coordinates":[[[139.628693,35.562613],[139.630415,35.561625],[139.635565,35.56118],[139.638875,35.559346],[139.642934,35.558361],[139.648335,35.559793],[139.652217,35.556874],[139.65665,35.555605],[139.658425,35.554153],[139.656907,35.548479],[139.654388,35.542652],[139.654182,35.540354],[139.655543,35.538832],[139.65347,35.538621],[139.650393,35.537219],[139.648686,35.534279],[139.646613,35.533201],[139.647874,35.531062],[139.647104,35.528248],[139.647431,35.523281],[139.643783,35.523067],[139.643186,35.521737],[139.641573,35.522709],[139.640844,35.522534],[139.640527,35.521589],[139.641192,35.520501],[139.641472,35.520153],[139.642263,35.520644],[139.642674,35.520061],[139.642418,35.518411],[139.640631,35.518114],[139.63836,35.515864],[139.635421,35.515488],[139.637312,35.510641],[139.639656,35.50835],[139.639107,35.506897],[139.639581,35.506649],[139.638496,35.505648],[139.636641,35.500586],[139.636744,35.495023],[139.635473,35.494154],[139.635169,35.493096],[139.632902,35.492912],[139.630878,35.493753],[139.630144,35.492206],[139.627522,35.492174],[139.627304,35.491734],[139.629177,35.491067],[139.625304,35.489391],[139.62128,35.491389],[139.619907,35.495527],[139.613322,35.49204],[139.611582,35.494337],[139.609264,35.495143],[139.609957,35.495807],[139.60998,35.497856],[139.609004,35.499294],[139.608125,35.498423],[139.606448,35.499303],[139.606295,35.498408],[139.603372,35.497888],[139.600627,35.499206],[139.596524,35.499689],[139.59623,35.501064],[139.594974,35.502215],[139.594379,35.5022],[139.593838,35.500978],[139.592498,35.501307],[139.591434,35.502002],[139.590657,35.503722],[139.582858,35.504197],[139.582517,35.505284],[139.584279,35.507061],[139.586428,35.507499],[139.586974,35.508346],[139.583594,35.51138],[139.585199,35.513638],[139.585642,35.512772],[139.587518,35.512299],[139.589541,35.513397],[139.592126,35.513691],[139.594247,35.516218],[139.596649,35.517451],[139.602245,35.516291],[139.602905,35.516826],[139.602049,35.519072],[139.603505,35.521147],[139.603764,35.523292],[139.603052,35.525274],[139.600722,35.528502],[139.59907,35.528675],[139.599601,35.531514],[139.599148,35.532716],[139.596073,35.533123],[139.596181,35.534225],[139.594859,35.536377],[139.596321,35.536557],[139.59859,35.541077],[139.602218,35.540977],[139.602804,35.546228],[139.605339,35.548024],[139.605019,35.550377],[139.606723,35.552387],[139.610573,35.552059],[139.610755,35.557467],[139.61299,35.55829],[139.613269,35.560967],[139.617541,35.560235],[139.620343,35.561897],[139.621788,35.562098],[139.624609,35.561273],[139.62641,35.562501],[139.628693,35.562613]]]}},{"type":"Feature","properties":{"N03_007":"14110","N03_001":"神奈川県","nam_ja":"横浜市"},"geometry":{"type":"Polygon","coordinates":[[[139.530911,35.448465],[139.534381,35.447253],[139.536517,35.443283],[139.538123,35.44314],[139.538958,35.444488],[139.540934,35.444387],[139.542196,35.44547],[139.544539,35.444939],[139.546018,35.447563],[139.548804,35.447387],[139.549085,35.445384],[139.551648,35.444666],[139.551819,35.442873],[139.555683,35.443098],[139.556282,35.442219],[139.558082,35.441531],[139.558815,35.439445],[139.558565,35.437935],[139.562048,35.435466],[139.571951,35.437829],[139.574332,35.431413],[139.575237,35.430882],[139.575095,35.4272],[139.576285,35.424611],[139.57538,35.423983],[139.573925,35.424371],[139.575526,35.425046],[139.575079,35.42585],[139.574124,35.424839],[139.574177,35.426028],[139.56999,35.425876],[139.570577,35.423742],[139.573418,35.421835],[139.570962,35.4192],[139.568697,35.42003],[139.568363,35.419235],[139.56947,35.418895],[139.569102,35.418061],[139.570048,35.416863],[139.566384,35.41744],[139.56355,35.419323],[139.562383,35.418964],[139.561781,35.419705],[139.55903,35.419313],[139.556633,35.420265],[139.558183,35.418125],[139.558499,35.41596],[139.553881,35.414731],[139.553755,35.411148],[139.555332,35.408819],[139.556825,35.408502],[139.556103,35.404382],[139.557459,35.399701],[139.560796,35.397175],[139.558718,35.394514],[139.558536,35.391596],[139.556025,35.389971],[139.553052,35.384193],[139.549339,35.381523],[139.547639,35.377569],[139.543605,35.378815],[139.540997,35.378993],[139.535668,35.383018],[139.535267,35.382653],[139.532363,35.383176],[139.532632,35.379033],[139.531569,35.376846],[139.527176,35.37827],[139.525892,35.379257],[139.522814,35.379292],[139.52203,35.380924],[139.519631,35.381024],[139.518784,35.379926],[139.519633,35.378779],[139.51919,35.378319],[139.521887,35.376095],[139.522951,35.373847],[139.521838,35.373634],[139.51881,35.37493],[139.516309,35.373226],[139.519208,35.369443],[139.518162,35.368196],[139.519516,35.364578],[139.518739,35.363718],[139.518724,35.361567],[139.513827,35.362465],[139.511009,35.364187],[139.505894,35.366098],[139.50481,35.36717],[139.502591,35.367548],[139.500468,35.363719],[139.49972,35.36397],[139.498851,35.362387],[139.497972,35.36227],[139.496257,35.358717],[139.495079,35.3581],[139.495391,35.357712],[139.490388,35.359066],[139.489288,35.358988],[139.48914,35.358495],[139.486732,35.35912],[139.485693,35.359742],[139.486832,35.363491],[139.48892,35.366614],[139.489398,35.371136],[139.493006,35.373688],[139.493653,35.374983],[139.492114,35.379115],[139.485526,35.38282],[139.485598,35.384864],[139.48427,35.387367],[139.484039,35.389728],[139.487856,35.388238],[139.489122,35.388396],[139.489769,35.389439],[139.493558,35.391071],[139.493154,35.391966],[139.495481,35.394296],[139.496485,35.396605],[139.498055,35.394439],[139.499934,35.393516],[139.502323,35.393279],[139.505414,35.394274],[139.507126,35.396509],[139.506977,35.399229],[139.508542,35.400481],[139.509233,35.400336],[139.50981,35.402709],[139.511535,35.404865],[139.513162,35.40533],[139.519276,35.405279],[139.520219,35.407094],[139.519796,35.412418],[139.522856,35.416345],[139.524201,35.416982],[139.524302,35.418658],[139.525978,35.420183],[139.526308,35.421796],[139.527655,35.42215],[139.528077,35.428091],[139.529509,35.429301],[139.528004,35.434119],[139.526704,35.434472],[139.526885,35.435457],[139.52575,35.437718],[139.526209,35.439003],[139.529693,35.440004],[139.530743,35.441879],[139.529246,35.443878],[139.525932,35.444569],[139.526046,35.445055],[139.527943,35.447324],[139.530569,35.447594],[139.530911,35.448465]]]}},{"type":"Feature","properties":{"N03_007":"14111","N03_001":"神奈川県","nam_ja":"横浜市"},"geometry":{"type":"Polygon","coordinates":[[[139.57502,35.422577],[139.577004,35.422406],[139.578785,35.420296],[139.578938,35.416943],[139.581507,35.41272],[139.585491,35.411492],[139.58517,35.410617],[139.586315,35.409988],[139.587417,35.409626],[139.589088,35.411883],[139.59134,35.412698],[139.59317,35.415441],[139.595407,35.415015],[139.595808,35.41648],[139.598512,35.416191],[139.59937,35.415415],[139.597497,35.413654],[139.597853,35.411392],[139.599178,35.410897],[139.600646,35.411207],[139.602888,35.408909],[139.604533,35.408603],[139.60439,35.408116],[139.606361,35.408476],[139.607347,35.406454],[139.608932,35.406002],[139.609021,35.403562],[139.607735,35.402466],[139.605954,35.403694],[139.604953,35.403239],[139.603412,35.404307],[139.602292,35.40263],[139.600061,35.4026],[139.597358,35.401454],[139.597648,35.400026],[139.599354,35.398901],[139.600067,35.397108],[139.601499,35.39792],[139.60282,35.396273],[139.602255,35.395845],[139.603518,35.395945],[139.603065,35.395375],[139.604338,35.395068],[139.603901,35.39375],[139.602709,35.393224],[139.603686,35.39254],[139.603558,35.390693],[139.606281,35.387631],[139.606364,35.386567],[139.605093,35.38599],[139.603945,35.386121],[139.603756,35.386827],[139.603111,35.386153],[139.602385,35.386664],[139.601645,35.386199],[139.601304,35.387985],[139.597741,35.388273],[139.596241,35.387083],[139.593329,35.386457],[139.592399,35.385137],[139.592042,35.386055],[139.588471,35.386932],[139.587948,35.385269],[139.589036,35.384023],[139.589368,35.382228],[139.591848,35.381477],[139.592594,35.378512],[139.590068,35.378491],[139.588817,35.377807],[139.588971,35.377262],[139.590811,35.373638],[139.592418,35.373452],[139.593554,35.372501],[139.596685,35.367785],[139.593431,35.364804],[139.591489,35.364296],[139.591238,35.362845],[139.589362,35.363893],[139.584107,35.364907],[139.582724,35.366225],[139.580904,35.366022],[139.578042,35.368334],[139.578546,35.369202],[139.577742,35.369729],[139.57579,35.369118],[139.575451,35.368087],[139.573958,35.367386],[139.573444,35.369307],[139.572256,35.369101],[139.572322,35.371187],[139.568792,35.372233],[139.568201,35.372958],[139.566547,35.372378],[139.563068,35.373252],[139.561579,35.370631],[139.559818,35.369905],[139.559203,35.371143],[139.55975,35.371318],[139.559909,35.374884],[139.559081,35.375721],[139.560548,35.379769],[139.559309,35.38146],[139.557129,35.380407],[139.557611,35.381792],[139.556478,35.382385],[139.55688,35.383971],[139.555076,35.384902],[139.553052,35.384193],[139.556025,35.389971],[139.558536,35.391596],[139.558718,35.394514],[139.560796,35.397175],[139.557459,35.399701],[139.556103,35.404382],[139.556825,35.408502],[139.555332,35.408819],[139.553755,35.411148],[139.553881,35.414731],[139.558499,35.41596],[139.558183,35.418125],[139.556633,35.420265],[139.55903,35.419313],[139.561781,35.419705],[139.562383,35.418964],[139.56355,35.419323],[139.566384,35.41744],[139.570048,35.416863],[139.569102,35.418061],[139.56947,35.418895],[139.568363,35.419235],[139.568697,35.42003],[139.570962,35.4192],[139.573372,35.42193],[139.574779,35.421798],[139.575329,35.422011],[139.57502,35.422577]]]}},{"type":"Feature","properties":{"N03_007":"14112","N03_001":"神奈川県","nam_ja":"横浜市"},"geometry":{"type":"Polygon","coordinates":[[[139.502826,35.509067],[139.504437,35.50814],[139.505732,35.505841],[139.506015,35.501959],[139.513754,35.498731],[139.517275,35.500796],[139.519059,35.500968],[139.519995,35.501939],[139.522395,35.501135],[139.524941,35.504368],[139.530008,35.503026],[139.531145,35.504093],[139.532553,35.504355],[139.53118,35.503299],[139.531311,35.500585],[139.53376,35.499659],[139.540072,35.500521],[139.542789,35.497489],[139.54627,35.499049],[139.552493,35.497437],[139.553308,35.497992],[139.552623,35.496437],[139.550759,35.495642],[139.550033,35.493035],[139.550391,35.492049],[139.556538,35.484804],[139.559543,35.484458],[139.560609,35.484865],[139.562893,35.484197],[139.564445,35.48462],[139.566946,35.480868],[139.566033,35.480497],[139.56448,35.481233],[139.563427,35.47998],[139.561948,35.480164],[139.560728,35.4778],[139.563033,35.477871],[139.563419,35.475872],[139.562431,35.47643],[139.560593,35.473657],[139.558427,35.473848],[139.558549,35.472504],[139.557758,35.471392],[139.558394,35.469999],[139.557783,35.469323],[139.559168,35.468672],[139.559825,35.4672],[139.561446,35.46599],[139.564032,35.465484],[139.566546,35.463414],[139.568315,35.464121],[139.568856,35.46013],[139.568276,35.459397],[139.566177,35.458785],[139.566389,35.455574],[139.56457,35.455835],[139.563319,35.455364],[139.561555,35.453357],[139.556544,35.454073],[139.551551,35.45371],[139.549063,35.451905],[139.546069,35.451352],[139.545182,35.450666],[139.54508,35.449377],[139.546866,35.447436],[139.545394,35.447248],[139.544539,35.444939],[139.542196,35.44547],[139.540934,35.444387],[139.538958,35.444488],[139.538123,35.44314],[139.536517,35.443283],[139.534381,35.447253],[139.528747,35.44944],[139.528099,35.448549],[139.528204,35.448927],[139.524645,35.449675],[139.523859,35.447858],[139.518778,35.44932],[139.516243,35.449],[139.514118,35.447623],[139.513004,35.445993],[139.510789,35.44583],[139.508772,35.450702],[139.50688,35.452816],[139.507985,35.455072],[139.507979,35.457373],[139.504886,35.460883],[139.504584,35.4632],[139.505303,35.467035],[139.502741,35.468853],[139.501901,35.47035],[139.501074,35.475158],[139.502316,35.478823],[139.498982,35.479301],[139.497459,35.482328],[139.492167,35.485604],[139.488343,35.490187],[139.48878,35.492743],[139.48756,35.497749],[139.490473,35.497963],[139.490132,35.499062],[139.487271,35.499015],[139.487252,35.499909],[139.489488,35.505456],[139.490688,35.506635],[139.493132,35.507631],[139.498401,35.508114],[139.498859,35.508998],[139.502826,35.509067]]]}},{"type":"Feature","properties":{"N03_007":"14113","N03_001":"神奈川県","nam_ja":"横浜市"},"geometry":{"type":"Polygon","coordinates":[[[139.501216,35.534751],[139.503022,35.535248],[139.504763,35.534823],[139.50798,35.535219],[139.510098,35.533414],[139.512321,35.530088],[139.514821,35.529792],[139.519147,35.530424],[139.52227,35.527451],[139.523803,35.529382],[139.524064,35.531814],[139.530016,35.534133],[139.533653,35.536616],[139.538224,35.535232],[139.541319,35.536439],[139.544865,35.532281],[139.545189,35.528658],[139.547222,35.5258],[139.547086,35.523094],[139.549613,35.519345],[139.551256,35.518658],[139.551756,35.517274],[139.550955,35.514843],[139.553495,35.511068],[139.554215,35.511457],[139.558894,35.510721],[139.564261,35.512885],[139.567488,35.512676],[139.56959,35.513374],[139.571415,35.515147],[139.572805,35.515712],[139.573183,35.514746],[139.575266,35.516094],[139.57995,35.513867],[139.58312,35.51382],[139.585284,35.513131],[139.583594,35.51138],[139.586974,35.508346],[139.586428,35.507499],[139.584279,35.507061],[139.582517,35.505284],[139.582858,35.504197],[139.582234,35.50337],[139.576263,35.504335],[139.573334,35.504102],[139.570294,35.499198],[139.567547,35.497079],[139.565091,35.496272],[139.563646,35.49308],[139.561042,35.492104],[139.559088,35.495715],[139.556866,35.49723],[139.554891,35.496873],[139.5537,35.498133],[139.552754,35.49805],[139.552493,35.497437],[139.54627,35.499049],[139.542789,35.497489],[139.540409,35.500472],[139.536414,35.500351],[139.533859,35.499641],[139.531429,35.500392],[139.53118,35.503299],[139.532553,35.504355],[139.531145,35.504093],[139.530008,35.503026],[139.524941,35.504368],[139.522395,35.501135],[139.519995,35.501939],[139.519059,35.500968],[139.517275,35.500796],[139.513754,35.498731],[139.506015,35.501959],[139.505732,35.505841],[139.504437,35.50814],[139.502826,35.509067],[139.498859,35.508998],[139.498401,35.508114],[139.493278,35.507664],[139.490688,35.506635],[139.489488,35.505456],[139.488375,35.502594],[139.481061,35.505355],[139.477064,35.511676],[139.480352,35.514734],[139.483283,35.519153],[139.484544,35.519958],[139.486387,35.51993],[139.485694,35.522208],[139.487469,35.524117],[139.48653,35.526499],[139.487798,35.527882],[139.485786,35.531128],[139.486816,35.535526],[139.494956,35.538845],[139.501216,35.534751]]]}},{"type":"Feature","properties":{"N03_007":"14114","N03_001":"神奈川県","nam_ja":"横浜市"},"geometry":{"type":"Polygon","coordinates":[[[139.488375,35.502594],[139.487271,35.499015],[139.489616,35.49924],[139.490473,35.497963],[139.48756,35.497749],[139.48878,35.492743],[139.488514,35.48937],[139.492846,35.485043],[139.497459,35.482328],[139.498982,35.479301],[139.502316,35.478823],[139.501074,35.475158],[139.501901,35.47035],[139.502741,35.468853],[139.505303,35.467035],[139.504584,35.4632],[139.504886,35.460883],[139.507979,35.457373],[139.507985,35.455072],[139.50688,35.452816],[139.508772,35.450702],[139.511283,35.443907],[139.511287,35.442489],[139.509213,35.441037],[139.511555,35.439759],[139.510882,35.438453],[139.510268,35.437735],[139.509136,35.438138],[139.508109,35.437443],[139.505392,35.43718],[139.503797,35.434828],[139.501658,35.435005],[139.501336,35.43581],[139.495182,35.43837],[139.495153,35.442669],[139.494595,35.443317],[139.491106,35.442826],[139.488815,35.443584],[139.487523,35.442752],[139.484638,35.442683],[139.484219,35.447947],[139.480665,35.448618],[139.479781,35.449928],[139.478677,35.449939],[139.477561,35.452587],[139.474199,35.456929],[139.471991,35.46283],[139.474508,35.469863],[139.473202,35.470482],[139.471758,35.472313],[139.470046,35.478291],[139.470873,35.481269],[139.469395,35.485756],[139.470967,35.488989],[139.470779,35.492119],[139.468855,35.494548],[139.466229,35.495316],[139.465194,35.49631],[139.464875,35.497905],[139.466724,35.499676],[139.467723,35.502373],[139.473814,35.501252],[139.476383,35.501354],[139.484864,35.504048],[139.488375,35.502594]]]}},{"type":"Feature","properties":{"N03_007":"14115","N03_001":"神奈川県","nam_ja":"横浜市"},"geometry":{"type":"Polygon","coordinates":[[[139.516309,35.373226],[139.51881,35.37493],[139.521838,35.373634],[139.522951,35.373847],[139.521887,35.376095],[139.51919,35.378319],[139.519633,35.378779],[139.518784,35.379926],[139.519631,35.381024],[139.52203,35.380924],[139.522814,35.379292],[139.525892,35.379257],[139.527176,35.37827],[139.531569,35.376846],[139.532632,35.379033],[139.532363,35.383176],[139.535267,35.382653],[139.535668,35.383018],[139.540997,35.378993],[139.545772,35.378322],[139.547163,35.377372],[139.549864,35.382078],[139.555076,35.384902],[139.55688,35.383971],[139.556478,35.382385],[139.557611,35.381792],[139.557129,35.380407],[139.559309,35.38146],[139.560597,35.379663],[139.559081,35.375721],[139.559909,35.374884],[139.55975,35.371318],[139.559203,35.371143],[139.559818,35.369905],[139.561579,35.370631],[139.563068,35.373252],[139.566547,35.372378],[139.568201,35.372958],[139.568792,35.372233],[139.572322,35.371187],[139.572256,35.369101],[139.573444,35.369307],[139.573958,35.367386],[139.575451,35.368087],[139.57579,35.369118],[139.577742,35.369729],[139.578546,35.369202],[139.578042,35.368334],[139.580904,35.366022],[139.582724,35.366225],[139.584107,35.364907],[139.589362,35.363893],[139.592605,35.361889],[139.591886,35.357881],[139.589682,35.35725],[139.589067,35.356443],[139.591288,35.352779],[139.590592,35.35094],[139.588785,35.349824],[139.588404,35.346246],[139.589237,35.342305],[139.587859,35.336519],[139.583944,35.336269],[139.581754,35.334894],[139.579358,35.336277],[139.575937,35.335871],[139.573623,35.336915],[139.572938,35.342358],[139.569907,35.347247],[139.561167,35.34618],[139.559369,35.347099],[139.557629,35.347114],[139.553994,35.351947],[139.552065,35.352723],[139.550315,35.35483],[139.548477,35.355437],[139.54726,35.35793],[139.548999,35.360297],[139.548742,35.36122],[139.54648,35.362741],[139.544086,35.362834],[139.542098,35.357013],[139.537478,35.357199],[139.536255,35.354866],[139.533744,35.355017],[139.530602,35.354147],[139.53086,35.356966],[139.529412,35.358372],[139.527951,35.356802],[139.525755,35.356793],[139.521441,35.361593],[139.520074,35.361992],[139.518724,35.361567],[139.518739,35.363718],[139.519516,35.364578],[139.518162,35.368196],[139.519208,35.369443],[139.516309,35.373226]]]}},{"type":"Feature","properties":{"N03_007":"14116","N03_001":"神奈川県","nam_ja":"横浜市"},"geometry":{"type":"Polygon","coordinates":[[[139.528099,35.448549],[139.528747,35.44944],[139.529374,35.44936],[139.530895,35.448675],[139.53089,35.448],[139.527529,35.447066],[139.525932,35.444569],[139.529246,35.443878],[139.530391,35.443043],[139.530749,35.441838],[139.529693,35.440004],[139.526209,35.439003],[139.52575,35.437718],[139.526885,35.435457],[139.526704,35.434472],[139.528004,35.434119],[139.529509,35.429301],[139.528077,35.428091],[139.527655,35.42215],[139.526308,35.421796],[139.525978,35.420183],[139.524302,35.418658],[139.524201,35.416982],[139.522856,35.416345],[139.519796,35.412418],[139.520219,35.407094],[139.519276,35.405279],[139.513162,35.40533],[139.511535,35.404865],[139.50981,35.402709],[139.509233,35.400336],[139.508542,35.400481],[139.506977,35.399229],[139.507126,35.396509],[139.505414,35.394274],[139.502323,35.393279],[139.499934,35.393516],[139.498055,35.394439],[139.496485,35.396605],[139.495481,35.394296],[139.493154,35.391966],[139.493558,35.391071],[139.489952,35.389541],[139.488479,35.38828],[139.484039,35.389728],[139.48427,35.387367],[139.483345,35.388736],[139.481237,35.389474],[139.480378,35.391182],[139.478767,35.39178],[139.477592,35.399062],[139.474859,35.401794],[139.476425,35.40495],[139.475669,35.410274],[139.476045,35.414747],[139.477868,35.416608],[139.478038,35.419935],[139.476728,35.421565],[139.473313,35.422569],[139.472745,35.423678],[139.473979,35.430534],[139.472794,35.432187],[139.473154,35.435772],[139.474864,35.43697],[139.475375,35.439711],[139.477335,35.443264],[139.479034,35.444708],[139.480665,35.448618],[139.484219,35.447947],[139.484638,35.442683],[139.487523,35.442752],[139.488815,35.443584],[139.491106,35.442826],[139.494595,35.443317],[139.495153,35.442669],[139.495182,35.43837],[139.501336,35.43581],[139.501658,35.435005],[139.503579,35.434798],[139.505392,35.43718],[139.508109,35.437443],[139.509136,35.438138],[139.510268,35.437735],[139.511555,35.439759],[139.509213,35.441037],[139.511333,35.442563],[139.510428,35.445737],[139.513004,35.445993],[139.515967,35.448894],[139.518778,35.44932],[139.523859,35.447858],[139.524694,35.449683],[139.528204,35.448927],[139.528099,35.448549]]]}},{"type":"Feature","properties":{"N03_007":"14117","N03_001":"神奈川県","nam_ja":"横浜市"},"geometry":{"type":"Polygon","coordinates":[[[139.53152,35.592339],[139.53576,35.591304],[139.540543,35.59167],[139.5427,35.589902],[139.546253,35.589814],[139.549503,35.588259],[139.552688,35.588587],[139.555882,35.587344],[139.557323,35.585066],[139.559753,35.584291],[139.561892,35.582619],[139.562965,35.580041],[139.565315,35.578763],[139.567143,35.574694],[139.567022,35.572737],[139.567861,35.571441],[139.564306,35.566602],[139.566844,35.566405],[139.565747,35.566105],[139.562267,35.562997],[139.561481,35.560623],[139.564115,35.558823],[139.563189,35.557523],[139.563187,35.554779],[139.561705,35.552396],[139.558893,35.552236],[139.557689,35.553272],[139.557489,35.552435],[139.555862,35.551915],[139.554102,35.550409],[139.554087,35.549485],[139.552932,35.548293],[139.552047,35.548133],[139.552434,35.543054],[139.551713,35.541994],[139.551055,35.542117],[139.552144,35.540898],[139.551695,35.53968],[139.549956,35.539297],[139.549876,35.538533],[139.548644,35.539532],[139.546818,35.537543],[139.5446,35.537741],[139.538224,35.535232],[139.533653,35.536616],[139.530016,35.534133],[139.524064,35.531814],[139.523803,35.529382],[139.52227,35.527451],[139.519147,35.530424],[139.514821,35.529792],[139.512321,35.530088],[139.510098,35.533414],[139.50798,35.535219],[139.500935,35.534823],[139.495162,35.538828],[139.492963,35.538412],[139.487851,35.535709],[139.484532,35.536098],[139.484921,35.538184],[139.483982,35.539181],[139.481637,35.539946],[139.480333,35.543146],[139.480883,35.545958],[139.482303,35.547222],[139.482582,35.548536],[139.481919,35.55584],[139.479728,35.559389],[139.47789,35.560441],[139.476486,35.562552],[139.475362,35.561334],[139.475058,35.559659],[139.470244,35.560499],[139.469477,35.56244],[139.468266,35.563139],[139.469651,35.565302],[139.469175,35.566742],[139.469772,35.569716],[139.473881,35.569607],[139.476306,35.571669],[139.482137,35.571841],[139.486358,35.569041],[139.486037,35.567583],[139.487358,35.567064],[139.489079,35.563204],[139.488953,35.562091],[139.491031,35.561426],[139.492997,35.562626],[139.49467,35.564856],[139.496267,35.56464],[139.497893,35.567797],[139.500829,35.568534],[139.500602,35.570443],[139.504337,35.571607],[139.50561,35.571231],[139.506451,35.571602],[139.507349,35.573766],[139.506894,35.574852],[139.507591,35.575141],[139.507013,35.575822],[139.508371,35.575805],[139.509382,35.574989],[139.509233,35.572187],[139.51304,35.569401],[139.512787,35.567196],[139.514094,35.567259],[139.514008,35.567849],[139.515945,35.568885],[139.521771,35.571102],[139.524215,35.573445],[139.523034,35.574635],[139.525253,35.576493],[139.524628,35.57743],[139.524883,35.578957],[139.526806,35.578917],[139.526833,35.580894],[139.529156,35.582442],[139.528945,35.583715],[139.527206,35.585122],[139.526368,35.587038],[139.528345,35.58781],[139.528018,35.590015],[139.526405,35.591033],[139.525925,35.592146],[139.53152,35.592339]]]}},{"type":"Feature","properties":{"N03_007":"14118","N03_001":"神奈川県","nam_ja":"横浜市"},"geometry":{"type":"Polygon","coordinates":[[[139.567861,35.571441],[139.569368,35.570945],[139.571792,35.571608],[139.573238,35.571011],[139.574918,35.569154],[139.576777,35.568509],[139.580706,35.569176],[139.595622,35.566447],[139.599562,35.567617],[139.600884,35.565416],[139.611501,35.564391],[139.613521,35.560953],[139.61299,35.55829],[139.610755,35.557467],[139.610573,35.552059],[139.606723,35.552387],[139.605019,35.550377],[139.605339,35.548024],[139.602804,35.546228],[139.602218,35.540977],[139.59859,35.541077],[139.596321,35.536557],[139.594859,35.536377],[139.596181,35.534225],[139.596073,35.533123],[139.599148,35.532716],[139.599601,35.531514],[139.59907,35.528675],[139.600722,35.528502],[139.603374,35.524489],[139.60366,35.522153],[139.602051,35.519149],[139.602905,35.516826],[139.602245,35.516291],[139.596649,35.517451],[139.594247,35.516218],[139.592126,35.513691],[139.589541,35.513397],[139.587518,35.512299],[139.585642,35.512772],[139.585199,35.513638],[139.585284,35.513131],[139.58312,35.51382],[139.57995,35.513867],[139.574945,35.516119],[139.573183,35.514746],[139.572805,35.515712],[139.571415,35.515147],[139.568638,35.512951],[139.564261,35.512885],[139.559082,35.510755],[139.554215,35.511457],[139.553495,35.511068],[139.552528,35.512066],[139.550955,35.514843],[139.551756,35.517274],[139.551256,35.518658],[139.549613,35.519345],[139.547298,35.522574],[139.547222,35.5258],[139.545189,35.528658],[139.545014,35.531945],[139.542953,35.535129],[139.541319,35.536439],[139.5446,35.537741],[139.546818,35.537543],[139.548644,35.539532],[139.549876,35.538533],[139.549956,35.539297],[139.551695,35.53968],[139.552144,35.540898],[139.551055,35.542117],[139.551713,35.541994],[139.552434,35.543054],[139.552047,35.548133],[139.552932,35.548293],[139.554087,35.549485],[139.554102,35.550409],[139.555862,35.551915],[139.557489,35.552435],[139.557689,35.553272],[139.558893,35.552236],[139.561705,35.552396],[139.563187,35.554779],[139.563189,35.557523],[139.564115,35.558823],[139.561481,35.560623],[139.562267,35.562997],[139.565747,35.566105],[139.566844,35.566405],[139.564306,35.566602],[139.567861,35.571441]]]}},{"type":"Feature","properties":{"N03_007":"14131","N03_001":"神奈川県","nam_ja":"川崎市"},"geometry":{"type":"MultiPolygon","coordinates":[[[[139.734481,35.494826],[139.738957,35.489064],[139.735066,35.48736],[139.737677,35.483386],[139.738117,35.48358],[139.741844,35.477025],[139.725328,35.469796],[139.714588,35.486045],[139.734481,35.494826]]],[[[139.783135,35.494862],[139.770179,35.489489],[139.750653,35.480832],[139.781995,35.494886],[139.783135,35.494862]]],[[[139.834579,35.49044],[139.833656,35.491522],[139.835016,35.492212],[139.835825,35.491161],[139.834579,35.49044]]],[[[139.771203,35.506218],[139.777113,35.50503],[139.784428,35.502029],[139.778342,35.504452],[139.776091,35.503456],[139.778676,35.499553],[139.7821,35.500993],[139.761561,35.49189],[139.758914,35.495321],[139.756113,35.494077],[139.75819,35.490588],[139.745611,35.485013],[139.741164,35.488474],[139.740445,35.488165],[139.736283,35.494454],[139.758784,35.504669],[139.759254,35.50361],[139.760134,35.50367],[139.759924,35.505173],[139.761189,35.505732],[139.771203,35.506218]]],[[[139.731279,35.503077],[139.731202,35.503016],[139.731195,35.503081],[139.731279,35.503077]]],[[[139.75968,35.510126],[139.759706,35.510168],[139.759719,35.510136],[139.75968,35.510126]]],[[[139.758901,35.526396],[139.766033,35.513564],[139.764959,35.511607],[139.753828,35.508575],[139.751772,35.509468],[139.748516,35.518346],[139.748968,35.51995],[139.750866,35.521599],[139.751527,35.521179],[139.751224,35.52178],[139.752535,35.522925],[139.752177,35.523192],[139.75696,35.526659],[139.758901,35.526396]]],[[[139.745343,35.543916],[139.756854,35.544502],[139.768079,35.539339],[139.776496,35.53447],[139.774464,35.532224],[139.787611,35.524465],[139.789207,35.521838],[139.788523,35.521187],[139.790173,35.520015],[139.796077,35.518631],[139.794213,35.516395],[139.801385,35.512154],[139.800281,35.5109],[139.801175,35.512184],[139.794175,35.516332],[139.791639,35.513506],[139.796079,35.510709],[139.794185,35.511765],[139.790643,35.507834],[139.79191,35.507152],[139.796474,35.506687],[139.798653,35.509156],[139.796672,35.510293],[139.798671,35.509177],[139.799913,35.510496],[139.79651,35.50662],[139.791875,35.507074],[139.78019,35.513311],[139.777109,35.510395],[139.778957,35.509749],[139.779126,35.509682],[139.779109,35.50965],[139.777094,35.510381],[139.776253,35.509585],[139.778811,35.508638],[139.776223,35.509557],[139.772317,35.512313],[139.774712,35.51479],[139.773519,35.515634],[139.771017,35.513228],[139.766384,35.520564],[139.768978,35.522916],[139.767852,35.523779],[139.765615,35.521925],[139.760958,35.530274],[139.760172,35.530865],[139.756373,35.530344],[139.751727,35.533283],[139.751079,35.530825],[139.751872,35.530243],[139.753776,35.531384],[139.755831,35.529903],[139.755876,35.527786],[139.7523,35.524637],[139.752876,35.524947],[139.752252,35.523696],[139.751498,35.523732],[139.746054,35.518981],[139.743846,35.521009],[139.74318,35.520443],[139.745368,35.518808],[139.745072,35.518378],[139.737864,35.514713],[139.738571,35.513394],[139.745115,35.516056],[139.746461,35.515557],[139.749078,35.509282],[139.748771,35.506844],[139.733812,35.500604],[139.732405,35.509823],[139.733107,35.512384],[139.732012,35.513357],[139.731767,35.515564],[139.730311,35.515296],[139.730061,35.511222],[139.731368,35.499064],[139.719836,35.494231],[139.713915,35.502968],[139.714534,35.504087],[139.719168,35.506043],[139.718735,35.506749],[139.716289,35.506193],[139.711206,35.50396],[139.718033,35.493631],[139.711457,35.490801],[139.704745,35.500993],[139.703403,35.504442],[139.700972,35.503401],[139.700642,35.503839],[139.698875,35.502756],[139.698584,35.50601],[139.696614,35.505876],[139.69261,35.517394],[139.691645,35.519475],[139.689397,35.519023],[139.689043,35.520091],[139.689667,35.520691],[139.688241,35.522661],[139.687771,35.525087],[139.688695,35.526392],[139.690361,35.52603],[139.703472,35.536591],[139.710138,35.536457],[139.717302,35.538004],[139.722945,35.541869],[139.726563,35.543575],[139.730356,35.542914],[139.733648,35.540866],[139.734638,35.540983],[139.737471,35.544234],[139.739407,35.545125],[139.745343,35.543916]]]]}},{"type":"Feature","properties":{"N03_007":"14132","N03_001":"神奈川県","nam_ja":"川崎市"},"geometry":{"type":"Polygon","coordinates":[[[139.681143,35.561437],[139.690451,35.556957],[139.697289,35.556215],[139.699866,35.555399],[139.702667,35.553675],[139.704179,35.551826],[139.703534,35.549411],[139.698446,35.545402],[139.697762,35.543757],[139.697943,35.541452],[139.699429,35.538904],[139.703472,35.536591],[139.690361,35.52603],[139.686278,35.527364],[139.686583,35.528677],[139.684826,35.530331],[139.683857,35.530347],[139.683804,35.532832],[139.685009,35.534559],[139.6844,35.535576],[139.685001,35.536482],[139.684914,35.539986],[139.678388,35.539588],[139.675623,35.540649],[139.675626,35.538095],[139.674856,35.538185],[139.674883,35.537184],[139.670662,35.536714],[139.670536,35.535409],[139.668268,35.534796],[139.666453,35.532999],[139.665072,35.53463],[139.659702,35.537207],[139.657248,35.537583],[139.654182,35.540354],[139.654437,35.542831],[139.658416,35.553966],[139.658197,35.557992],[139.659567,35.556877],[139.66346,35.558164],[139.66419,35.556145],[139.664171,35.552559],[139.669123,35.552553],[139.667193,35.559057],[139.667151,35.56195],[139.670069,35.561365],[139.67031,35.559861],[139.672017,35.557163],[139.672972,35.55716],[139.673835,35.55537],[139.67777,35.554124],[139.680093,35.55472],[139.681754,35.556529],[139.684689,35.558267],[139.681634,35.559819],[139.681143,35.561437]]]}},{"type":"Feature","properties":{"N03_007":"14133","N03_001":"神奈川県","nam_ja":"川崎市"},"geometry":{"type":"Polygon","coordinates":[[[139.650351,35.592661],[139.656291,35.589728],[139.664144,35.589686],[139.668709,35.58559],[139.676407,35.566038],[139.67879,35.562988],[139.681143,35.561437],[139.681634,35.559819],[139.684668,35.558476],[139.680093,35.55472],[139.67777,35.554124],[139.67409,35.555208],[139.672972,35.55716],[139.672017,35.557163],[139.670069,35.561365],[139.667792,35.561872],[139.667151,35.56195],[139.666984,35.560171],[139.669123,35.552553],[139.664171,35.552559],[139.66419,35.556145],[139.66346,35.558164],[139.659567,35.556877],[139.658197,35.557992],[139.658254,35.554743],[139.652217,35.556874],[139.648335,35.559793],[139.643154,35.558335],[139.638875,35.559346],[139.635565,35.56118],[139.633333,35.561399],[139.633902,35.563509],[139.63534,35.565314],[139.63674,35.566249],[139.638505,35.564818],[139.639223,35.565909],[139.6397,35.565571],[139.639911,35.567523],[139.636942,35.57043],[139.634003,35.57163],[139.631931,35.575587],[139.629593,35.578053],[139.629459,35.58458],[139.628493,35.584574],[139.628331,35.587169],[139.627355,35.587414],[139.627582,35.588499],[139.628319,35.588182],[139.628157,35.591714],[139.626618,35.594411],[139.628793,35.594637],[139.629426,35.595879],[139.630609,35.59582],[139.631813,35.594868],[139.63389,35.595437],[139.634919,35.594123],[139.637862,35.592622],[139.641749,35.595428],[139.643244,35.598156],[139.648765,35.595041],[139.650351,35.592661]]]}},{"type":"Feature","properties":{"N03_007":"14134","N03_001":"神奈川県","nam_ja":"川崎市"},"geometry":{"type":"Polygon","coordinates":[[[139.596623,35.618499],[139.600068,35.618399],[139.605876,35.615451],[139.609671,35.616411],[139.612192,35.615853],[139.615581,35.613328],[139.618601,35.613752],[139.623723,35.611161],[139.625436,35.609409],[139.631359,35.607146],[139.632124,35.606557],[139.631799,35.605791],[139.635177,35.603463],[139.637003,35.60305],[139.639763,35.600215],[139.643244,35.598156],[139.641749,35.595428],[139.637862,35.592622],[139.634919,35.594123],[139.63389,35.595437],[139.631813,35.594868],[139.630609,35.59582],[139.629426,35.595879],[139.628793,35.594637],[139.626601,35.594355],[139.628157,35.591714],[139.628319,35.588182],[139.627582,35.588499],[139.627239,35.587929],[139.627397,35.587313],[139.628331,35.587169],[139.628493,35.584574],[139.629459,35.58458],[139.629593,35.578053],[139.631931,35.575587],[139.634003,35.57163],[139.636942,35.57043],[139.639911,35.567523],[139.6397,35.565571],[139.639223,35.565909],[139.638505,35.564818],[139.63674,35.566249],[139.63534,35.565314],[139.633902,35.563509],[139.633333,35.561399],[139.630223,35.561674],[139.628563,35.562653],[139.62641,35.562501],[139.624609,35.561273],[139.621788,35.562098],[139.620343,35.561897],[139.617541,35.560235],[139.613521,35.560953],[139.611501,35.564391],[139.610107,35.56459],[139.615373,35.572666],[139.620412,35.574824],[139.619215,35.577541],[139.619733,35.579365],[139.61778,35.578987],[139.618005,35.580094],[139.617212,35.580034],[139.61569,35.581683],[139.612946,35.581632],[139.610352,35.58067],[139.604702,35.582978],[139.600488,35.586351],[139.598154,35.590646],[139.599026,35.591689],[139.596097,35.590971],[139.593705,35.591261],[139.592198,35.59412],[139.588749,35.5959],[139.586656,35.597739],[139.589525,35.60087],[139.588424,35.601439],[139.587888,35.603898],[139.588378,35.60641],[139.587684,35.607963],[139.591574,35.608223],[139.591312,35.610809],[139.592125,35.611187],[139.595851,35.611697],[139.59887,35.611019],[139.600709,35.612298],[139.596623,35.618499]]]}},{"type":"Feature","properties":{"N03_007":"14135","N03_001":"神奈川県","nam_ja":"川崎市"},"geometry":{"type":"Polygon","coordinates":[[[139.51458,35.624727],[139.516151,35.625704],[139.516957,35.627887],[139.516598,35.629595],[139.517273,35.630516],[139.523492,35.632394],[139.520963,35.637632],[139.522107,35.637545],[139.523392,35.63882],[139.524283,35.641528],[139.525518,35.642667],[139.530888,35.641958],[139.535951,35.639482],[139.547529,35.636799],[139.549428,35.634375],[139.557425,35.633995],[139.562511,35.632384],[139.562657,35.63139],[139.56616,35.629544],[139.56563,35.627202],[139.567928,35.626839],[139.571118,35.624411],[139.575765,35.62226],[139.584993,35.62102],[139.59189,35.617709],[139.596623,35.618499],[139.600709,35.612298],[139.59887,35.611019],[139.595851,35.611697],[139.591367,35.610909],[139.591574,35.608223],[139.587684,35.607963],[139.58836,35.606287],[139.587784,35.605979],[139.587799,35.606836],[139.586619,35.60707],[139.586326,35.60644],[139.584551,35.605873],[139.585603,35.605538],[139.584521,35.605236],[139.584617,35.604489],[139.582741,35.604921],[139.5828,35.605391],[139.581098,35.604731],[139.577714,35.605517],[139.576138,35.607577],[139.573218,35.607173],[139.571856,35.60493],[139.568113,35.60648],[139.567702,35.603005],[139.566676,35.602244],[139.564363,35.60454],[139.563499,35.603456],[139.562165,35.603837],[139.563621,35.605275],[139.562464,35.605839],[139.56184,35.604345],[139.56132,35.604785],[139.561929,35.605612],[139.560888,35.60529],[139.560075,35.605978],[139.56047,35.604722],[139.559415,35.604956],[139.559204,35.604363],[139.56003,35.604093],[139.559107,35.602832],[139.558595,35.603643],[139.557185,35.604047],[139.557212,35.604745],[139.556092,35.604314],[139.556212,35.605253],[139.551961,35.605832],[139.552148,35.604834],[139.553558,35.605007],[139.552977,35.603487],[139.549077,35.604148],[139.547727,35.602501],[139.546718,35.602531],[139.547132,35.602016],[139.549524,35.602274],[139.550082,35.601165],[139.548241,35.601312],[139.547252,35.599906],[139.545668,35.599704],[139.542211,35.597744],[139.539646,35.598609],[139.539368,35.59931],[139.538582,35.597014],[139.536817,35.59585],[139.535431,35.596686],[139.531093,35.596787],[139.532005,35.598695],[139.529356,35.598664],[139.530926,35.600269],[139.53057,35.602517],[139.525664,35.603379],[139.525672,35.605174],[139.523608,35.606951],[139.523947,35.612699],[139.522679,35.6146],[139.523805,35.615799],[139.525476,35.615616],[139.524926,35.617442],[139.525887,35.618087],[139.525166,35.619814],[139.523431,35.621892],[139.52281,35.621173],[139.519962,35.621107],[139.517953,35.621804],[139.516918,35.62254],[139.516526,35.623851],[139.51458,35.624727]],[[139.518175,35.629747],[139.517082,35.629408],[139.518306,35.629255],[139.518175,35.629747]]]}},{"type":"Feature","properties":{"N03_007":"14136","N03_001":"神奈川県","nam_ja":"川崎市"},"geometry":{"type":"Polygon","coordinates":[[[139.576138,35.607577],[139.578154,35.605371],[139.581098,35.604731],[139.5828,35.605391],[139.582741,35.604921],[139.584617,35.604489],[139.584521,35.605236],[139.585598,35.605433],[139.58447,35.605631],[139.584704,35.606034],[139.586326,35.60644],[139.58667,35.607092],[139.587799,35.606836],[139.588424,35.601439],[139.589525,35.60087],[139.586656,35.597739],[139.588749,35.5959],[139.592198,35.59412],[139.593705,35.591261],[139.596097,35.590971],[139.599026,35.591689],[139.598154,35.590646],[139.600488,35.586351],[139.604867,35.582895],[139.610352,35.58067],[139.612946,35.581632],[139.61569,35.581683],[139.617212,35.580034],[139.618005,35.580094],[139.61778,35.578987],[139.619733,35.579365],[139.619215,35.577541],[139.620412,35.574824],[139.615373,35.572666],[139.610107,35.56459],[139.600884,35.565416],[139.599562,35.567617],[139.595622,35.566447],[139.580706,35.569176],[139.576777,35.568509],[139.574918,35.569154],[139.573238,35.571011],[139.571792,35.571608],[139.569368,35.570945],[139.568009,35.571161],[139.565315,35.578763],[139.562965,35.580041],[139.561059,35.583451],[139.557074,35.585279],[139.555882,35.587344],[139.552688,35.588587],[139.549503,35.588259],[139.546253,35.589814],[139.5427,35.589902],[139.540543,35.59167],[139.53576,35.591304],[139.530868,35.592653],[139.527991,35.592277],[139.52657,35.592504],[139.525017,35.593882],[139.525275,35.594257],[139.527517,35.593276],[139.527436,35.594147],[139.528813,35.59463],[139.528616,35.596019],[139.531463,35.596914],[139.535986,35.596589],[139.537007,35.595835],[139.538582,35.597014],[139.539368,35.59931],[139.539625,35.598623],[139.541786,35.597758],[139.542863,35.597934],[139.545668,35.599704],[139.547252,35.599906],[139.548241,35.601312],[139.550082,35.601165],[139.549524,35.602274],[139.546703,35.602245],[139.54881,35.603315],[139.549077,35.604148],[139.552977,35.603487],[139.553558,35.605007],[139.552148,35.604834],[139.551961,35.605832],[139.556212,35.605253],[139.556092,35.604314],[139.557212,35.604745],[139.557185,35.604047],[139.558595,35.603643],[139.559107,35.602832],[139.56003,35.604093],[139.559204,35.604363],[139.559415,35.604956],[139.56047,35.604722],[139.560075,35.605978],[139.560888,35.60529],[139.561929,35.605612],[139.56132,35.604785],[139.56184,35.604345],[139.562464,35.605839],[139.563621,35.605275],[139.562165,35.603837],[139.563499,35.603456],[139.564363,35.60454],[139.566676,35.602244],[139.567702,35.603005],[139.568113,35.60648],[139.571856,35.60493],[139.573218,35.607173],[139.576138,35.607577]]]}},{"type":"Feature","properties":{"N03_007":"14137","N03_001":"神奈川県","nam_ja":"川崎市"},"geometry":{"type":"MultiPolygon","coordinates":[[[[139.484983,35.584609],[139.488281,35.583937],[139.489602,35.584395],[139.489869,35.583579],[139.488379,35.578475],[139.486058,35.578363],[139.483749,35.571958],[139.482868,35.571384],[139.481908,35.5719],[139.478103,35.571367],[139.476306,35.571669],[139.473881,35.569607],[139.469926,35.569893],[139.471731,35.571045],[139.473252,35.573851],[139.47324,35.576674],[139.476385,35.581941],[139.477833,35.582222],[139.477193,35.581192],[139.477822,35.580639],[139.480513,35.581676],[139.48188,35.581502],[139.484983,35.584609]]],[[[139.472424,35.619749],[139.475072,35.619982],[139.476237,35.618887],[139.476768,35.614725],[139.47614,35.613135],[139.478145,35.613762],[139.479659,35.613264],[139.481119,35.610226],[139.483257,35.608708],[139.486551,35.608434],[139.487906,35.60769],[139.489586,35.604312],[139.493636,35.605824],[139.497575,35.604869],[139.499765,35.605467],[139.500023,35.60728],[139.495657,35.612516],[139.494389,35.616287],[139.494678,35.617286],[139.497946,35.618352],[139.501128,35.621741],[139.503731,35.622938],[139.506078,35.622824],[139.50929,35.624104],[139.510404,35.62335],[139.512352,35.624439],[139.51458,35.624727],[139.516526,35.623851],[139.516918,35.62254],[139.519386,35.621192],[139.52281,35.621173],[139.523506,35.621859],[139.525887,35.618087],[139.524926,35.617442],[139.525476,35.615616],[139.523805,35.615799],[139.522679,35.6146],[139.523947,35.612699],[139.523608,35.606951],[139.525672,35.605174],[139.525664,35.603379],[139.530512,35.602592],[139.530926,35.600269],[139.529356,35.598664],[139.532156,35.598393],[139.530895,35.596458],[139.528616,35.596019],[139.528813,35.59463],[139.527436,35.594147],[139.527517,35.593276],[139.524981,35.594044],[139.52657,35.592504],[139.525925,35.592146],[139.526087,35.591385],[139.528018,35.590015],[139.528345,35.58781],[139.526368,35.587038],[139.527206,35.585122],[139.528945,35.583715],[139.529156,35.582442],[139.526833,35.580894],[139.526806,35.578917],[139.524883,35.578957],[139.524628,35.57743],[139.525253,35.576493],[139.523034,35.574635],[139.524287,35.57357],[139.521771,35.571102],[139.515945,35.568885],[139.514008,35.567849],[139.514094,35.567259],[139.512787,35.567196],[139.51304,35.569401],[139.509233,35.572187],[139.509271,35.575266],[139.506899,35.575824],[139.505457,35.574787],[139.503673,35.576696],[139.502359,35.577061],[139.502265,35.578224],[139.500624,35.579142],[139.499216,35.58097],[139.497406,35.582095],[139.496602,35.581562],[139.49532,35.582686],[139.493956,35.582711],[139.493753,35.584164],[139.493103,35.584282],[139.494459,35.586236],[139.493605,35.587612],[139.493678,35.589076],[139.491935,35.588469],[139.491194,35.589371],[139.490688,35.588991],[139.489176,35.590144],[139.488232,35.589948],[139.488629,35.590719],[139.487881,35.590949],[139.487115,35.590022],[139.487096,35.591717],[139.485778,35.591912],[139.485118,35.592921],[139.484255,35.592817],[139.484537,35.594163],[139.483184,35.593415],[139.48391,35.595298],[139.482932,35.594867],[139.481886,35.595368],[139.480303,35.594695],[139.480781,35.595742],[139.479491,35.595886],[139.479635,35.595092],[139.478021,35.598974],[139.476578,35.599625],[139.473973,35.599697],[139.47106,35.601158],[139.470275,35.603486],[139.466467,35.606731],[139.466665,35.608632],[139.466049,35.609501],[139.465036,35.608753],[139.463798,35.609161],[139.463074,35.608027],[139.460634,35.608412],[139.457918,35.607477],[139.453442,35.604488],[139.452515,35.606718],[139.452866,35.607684],[139.449281,35.611776],[139.452414,35.615783],[139.453017,35.618558],[139.455161,35.61809],[139.45704,35.619105],[139.460736,35.622161],[139.462476,35.625059],[139.465459,35.623976],[139.465864,35.622376],[139.467443,35.620706],[139.472424,35.619749]]]]}},{"type":"Feature","properties":{"N03_007":"14151","N03_001":"神奈川県","nam_ja":"相模原市"},"geometry":{"type":"Polygon","coordinates":[[[139.133515,35.672897],[139.136937,35.672307],[139.139097,35.670479],[139.142658,35.670074],[139.143148,35.669032],[139.14716,35.666817],[139.151396,35.666717],[139.153598,35.666022],[139.157081,35.66646],[139.161604,35.667907],[139.162099,35.666982],[139.164981,35.665279],[139.165134,35.663337],[139.167226,35.66176],[139.167017,35.659304],[139.16836,35.658556],[139.168628,35.656819],[139.167836,35.653862],[139.166593,35.652338],[139.166955,35.651066],[139.169566,35.65149],[139.171791,35.650341],[139.174951,35.649889],[139.179086,35.645572],[139.181369,35.645739],[139.184233,35.645075],[139.187937,35.646549],[139.189825,35.646534],[139.191824,35.647611],[139.192475,35.650256],[139.194043,35.651824],[139.19573,35.651287],[139.198486,35.653018],[139.201308,35.652537],[139.202109,35.653007],[139.203557,35.651692],[139.205636,35.651361],[139.206945,35.649877],[139.211277,35.64919],[139.213666,35.647783],[139.215753,35.645457],[139.21443,35.641683],[139.215522,35.639266],[139.215371,35.637076],[139.216789,35.634478],[139.218542,35.633651],[139.21916,35.631972],[139.221434,35.629466],[139.219479,35.626678],[139.219641,35.625895],[139.225906,35.623477],[139.226166,35.622316],[139.229665,35.618991],[139.23048,35.616897],[139.229881,35.614568],[139.236495,35.609835],[139.2378,35.609798],[139.238638,35.606977],[139.247216,35.605096],[139.250748,35.603201],[139.252224,35.601667],[139.257705,35.604231],[139.2612,35.602869],[139.264775,35.602459],[139.266135,35.605627],[139.266156,35.608111],[139.274058,35.611021],[139.279879,35.611481],[139.281565,35.612842],[139.285248,35.613389],[139.285998,35.612514],[139.28962,35.611962],[139.290161,35.612585],[139.292543,35.611843],[139.293295,35.610671],[139.294354,35.611166],[139.296603,35.609937],[139.297003,35.608],[139.298754,35.607639],[139.29843,35.60708],[139.299168,35.60624],[139.301156,35.606501],[139.301072,35.605815],[139.301732,35.60596],[139.303689,35.604703],[139.306141,35.605468],[139.307709,35.605336],[139.307595,35.604793],[139.30923,35.604219],[139.312802,35.604684],[139.314284,35.604295],[139.314619,35.605479],[139.317121,35.605379],[139.318962,35.606094],[139.320019,35.605734],[139.319832,35.606265],[139.32075,35.606526],[139.322996,35.605246],[139.323404,35.605538],[139.324714,35.604694],[139.324888,35.605151],[139.326872,35.603873],[139.329571,35.603679],[139.330234,35.603153],[139.331009,35.604246],[139.333457,35.603723],[139.335146,35.604536],[139.337891,35.604347],[139.339901,35.605546],[139.341883,35.604545],[139.342563,35.603151],[139.342995,35.603649],[139.344198,35.602595],[139.347245,35.601952],[139.347293,35.602346],[139.347428,35.601896],[139.348301,35.602242],[139.348281,35.601631],[139.353071,35.600805],[139.353358,35.600028],[139.354837,35.600549],[139.356183,35.599228],[139.357933,35.59871],[139.36136,35.59905],[139.3606,35.595908],[139.359728,35.596041],[139.359477,35.594557],[139.358292,35.594898],[139.356204,35.589143],[139.350785,35.591857],[139.352935,35.589329],[139.352751,35.583795],[139.344789,35.586131],[139.346888,35.580428],[139.345832,35.580164],[139.342789,35.581983],[139.341682,35.579179],[139.341185,35.57612],[139.344404,35.574101],[139.347313,35.570582],[139.352098,35.571133],[139.352119,35.569215],[139.353982,35.566091],[139.351638,35.565265],[139.349596,35.565967],[139.349289,35.56554],[139.347884,35.566701],[139.346317,35.569539],[139.34306,35.570713],[139.339709,35.570897],[139.338737,35.572682],[139.337498,35.57325],[139.336983,35.573302],[139.335672,35.571189],[139.331297,35.568451],[139.330751,35.568616],[139.328795,35.56439],[139.329517,35.564204],[139.328809,35.562144],[139.322783,35.559037],[139.324354,35.554313],[139.324207,35.551326],[139.322857,35.547232],[139.323847,35.545218],[139.325369,35.543976],[139.324976,35.543501],[139.326339,35.542592],[139.324956,35.540913],[139.321676,35.541192],[139.319773,35.539713],[139.318174,35.539475],[139.317248,35.538186],[139.315841,35.538715],[139.312783,35.541955],[139.310903,35.54249],[139.310617,35.543432],[139.307534,35.544436],[139.305534,35.54776],[139.303568,35.548267],[139.303162,35.55151],[139.300808,35.552968],[139.297842,35.553481],[139.296656,35.554971],[139.295262,35.554958],[139.294437,35.556512],[139.290836,35.55554],[139.288462,35.556612],[139.286464,35.55617],[139.283224,35.552292],[139.281337,35.552137],[139.280746,35.55102],[139.281199,35.550016],[139.27888,35.546009],[139.27674,35.545851],[139.274408,35.547212],[139.269965,35.548212],[139.26722,35.54999],[139.26423,35.549247],[139.262303,35.550149],[139.26011,35.54933],[139.259287,35.549733],[139.253548,35.548457],[139.251195,35.546978],[139.249789,35.54691],[139.249199,35.543522],[139.248195,35.54253],[139.245795,35.542171],[139.240922,35.538448],[139.241036,35.536685],[139.238563,35.535924],[139.237725,35.533734],[139.235682,35.534043],[139.233882,35.532455],[139.231791,35.532],[139.229862,35.533734],[139.229634,35.536464],[139.228201,35.535909],[139.224456,35.535916],[139.220113,35.534597],[139.21757,35.532444],[139.221098,35.531114],[139.223031,35.527913],[139.221726,35.528035],[139.220539,35.526311],[139.218853,35.526065],[139.217364,35.524963],[139.214707,35.525624],[139.215549,35.521204],[139.210842,35.520623],[139.209468,35.515586],[139.204412,35.513907],[139.202762,35.512426],[139.202814,35.51024],[139.201822,35.509807],[139.20015,35.507425],[139.195693,35.50607],[139.192099,35.506235],[139.190821,35.504059],[139.187765,35.502602],[139.183258,35.498128],[139.181188,35.497127],[139.181024,35.494631],[139.177802,35.493735],[139.175597,35.489969],[139.174271,35.489586],[139.172855,35.487723],[139.171005,35.487024],[139.170442,35.485283],[139.166703,35.483086],[139.165354,35.479917],[139.165703,35.478738],[139.162834,35.474549],[139.15765,35.478461],[139.155617,35.478408],[139.151053,35.476764],[139.148793,35.477458],[139.146758,35.480038],[139.14667,35.483214],[139.143575,35.484075],[139.141012,35.485874],[139.139103,35.486381],[139.132022,35.484692],[139.130177,35.484749],[139.128746,35.48073],[139.12705,35.479658],[139.126458,35.47802],[139.123605,35.478472],[139.12183,35.477459],[139.119079,35.477238],[139.117076,35.477887],[139.114544,35.476958],[139.108371,35.478961],[139.102377,35.478964],[139.100541,35.480406],[139.099255,35.483838],[139.097352,35.485216],[139.096664,35.486561],[139.094149,35.486699],[139.09105,35.488116],[139.090356,35.490693],[139.087728,35.492626],[139.086682,35.493041],[139.084599,35.492644],[139.081427,35.494425],[139.074957,35.49563],[139.072311,35.501357],[139.067585,35.504147],[139.066038,35.509408],[139.0688,35.510983],[139.075054,35.510013],[139.080334,35.51271],[139.08579,35.512086],[139.087128,35.514375],[139.090464,35.517697],[139.091004,35.519244],[139.094305,35.521871],[139.098081,35.523224],[139.104001,35.526784],[139.106242,35.530073],[139.106867,35.532494],[139.110053,35.532222],[139.110167,35.534582],[139.112235,35.535169],[139.111956,35.536467],[139.113966,35.538601],[139.111864,35.540097],[139.112504,35.541045],[139.111677,35.544907],[139.113397,35.547784],[139.111961,35.549794],[139.115454,35.553877],[139.117894,35.555464],[139.122393,35.556766],[139.123863,35.558129],[139.124693,35.560076],[139.128275,35.562486],[139.129179,35.563875],[139.129862,35.56644],[139.128605,35.56849],[139.128863,35.570161],[139.127007,35.571807],[139.128109,35.575232],[139.127102,35.577855],[139.127771,35.581],[139.124056,35.582],[139.124714,35.583131],[139.12593,35.582999],[139.125742,35.583477],[139.124056,35.584469],[139.122248,35.584101],[139.122425,35.585942],[139.121438,35.586988],[139.124597,35.592647],[139.125527,35.593196],[139.127133,35.593019],[139.129333,35.594596],[139.131691,35.6019],[139.131684,35.60466],[139.133105,35.606701],[139.132523,35.608797],[139.127797,35.612899],[139.134414,35.61651],[139.133835,35.617571],[139.132501,35.61818],[139.130004,35.61764],[139.130271,35.619076],[139.12905,35.619282],[139.127906,35.620655],[139.126578,35.620756],[139.126381,35.62183],[139.125467,35.621989],[139.126241,35.623272],[139.125238,35.624002],[139.123491,35.623952],[139.123176,35.625861],[139.12439,35.630751],[139.123824,35.631837],[139.124352,35.632244],[139.123303,35.632841],[139.125165,35.636272],[139.125686,35.63901],[139.127229,35.640045],[139.126937,35.64091],[139.127553,35.641081],[139.127039,35.641881],[139.125825,35.641926],[139.126203,35.643619],[139.125384,35.643835],[139.124472,35.646005],[139.121736,35.647607],[139.121717,35.648908],[139.11909,35.652424],[139.117554,35.653482],[139.117176,35.654705],[139.11966,35.656568],[139.119884,35.660489],[139.123898,35.662918],[139.124781,35.665064],[139.126966,35.666993],[139.130002,35.667613],[139.130785,35.669519],[139.130439,35.670815],[139.131341,35.671995],[139.133515,35.672897]]]}},{"type":"Feature","properties":{"N03_007":"14152","N03_001":"神奈川県","nam_ja":"相模原市"},"geometry":{"type":"MultiPolygon","coordinates":[[[[139.362766,35.599132],[139.366273,35.597486],[139.370247,35.594465],[139.372513,35.594495],[139.372854,35.595024],[139.374622,35.594372],[139.379157,35.590202],[139.380722,35.590523],[139.381007,35.589924],[139.381997,35.589515],[139.382993,35.58995],[139.38296,35.589117],[139.384511,35.588477],[139.384369,35.587608],[139.388618,35.588533],[139.391085,35.58526],[139.394157,35.585642],[139.394858,35.584084],[139.396081,35.583876],[139.396674,35.584459],[139.399797,35.584426],[139.399212,35.583333],[139.399644,35.581935],[139.400696,35.581469],[139.400331,35.580612],[139.401052,35.580135],[139.401623,35.576887],[139.402992,35.576605],[139.402662,35.576016],[139.403443,35.575503],[139.407347,35.575828],[139.409104,35.575221],[139.412849,35.56622],[139.416234,35.563813],[139.416233,35.561886],[139.418219,35.561628],[139.417744,35.558331],[139.416507,35.558767],[139.41556,35.557993],[139.416617,35.557315],[139.413422,35.554617],[139.403143,35.559398],[139.396274,35.554393],[139.397468,35.553159],[139.39234,35.550179],[139.393543,35.548899],[139.389969,35.547093],[139.388044,35.548908],[139.381934,35.543986],[139.381227,35.541827],[139.378848,35.543062],[139.373728,35.5412],[139.372742,35.540109],[139.373342,35.53807],[139.372643,35.536878],[139.36721,35.533218],[139.365907,35.53401],[139.363033,35.532946],[139.360978,35.533524],[139.359019,35.530653],[139.355124,35.526904],[139.350672,35.530138],[139.343788,35.532978],[139.324358,35.544641],[139.322857,35.547232],[139.324207,35.551326],[139.324354,35.554313],[139.322783,35.559037],[139.328809,35.562144],[139.329517,35.564204],[139.328795,35.56439],[139.330751,35.568616],[139.331297,35.568451],[139.335672,35.571189],[139.336983,35.573302],[139.338737,35.572682],[139.339709,35.570897],[139.34306,35.570713],[139.346317,35.569539],[139.347884,35.566701],[139.349289,35.56554],[139.349596,35.565967],[139.351638,35.565265],[139.353982,35.566091],[139.352119,35.569215],[139.352098,35.571133],[139.347313,35.570582],[139.344404,35.574101],[139.341185,35.57612],[139.341682,35.579179],[139.342789,35.581983],[139.345832,35.580164],[139.346888,35.580428],[139.344789,35.586131],[139.352751,35.583795],[139.352935,35.589329],[139.350831,35.591937],[139.356204,35.589143],[139.358292,35.594898],[139.359477,35.594557],[139.359728,35.596041],[139.3606,35.595908],[139.36136,35.59905],[139.362766,35.599132]]],[[[139.381146,35.590531],[139.380817,35.590503],[139.381095,35.59056],[139.381146,35.590531]]]]}},{"type":"Feature","properties":{"N03_007":"14153","N03_001":"神奈川県","nam_ja":"相模原市"},"geometry":{"type":"Polygon","coordinates":[[[139.422185,35.55962],[139.423644,35.556223],[139.427848,35.552269],[139.427369,35.5512],[139.431986,35.548739],[139.433427,35.546332],[139.435214,35.546227],[139.436007,35.54683],[139.438147,35.545581],[139.438775,35.544268],[139.440439,35.543096],[139.443773,35.541907],[139.444354,35.542417],[139.445099,35.542072],[139.445097,35.541131],[139.44815,35.537802],[139.448956,35.534887],[139.454145,35.531435],[139.455482,35.529558],[139.458317,35.527989],[139.458419,35.526727],[139.457589,35.527061],[139.454779,35.522627],[139.455766,35.520468],[139.455411,35.519827],[139.452988,35.518642],[139.452432,35.517457],[139.45071,35.518001],[139.447184,35.516827],[139.442779,35.512338],[139.429239,35.507373],[139.427673,35.511414],[139.420501,35.515425],[139.410391,35.506022],[139.410937,35.50595],[139.411033,35.504953],[139.410227,35.504667],[139.41065,35.504257],[139.409782,35.503649],[139.409773,35.502365],[139.406847,35.49931],[139.403955,35.498459],[139.403949,35.49786],[139.401681,35.497622],[139.40129,35.496766],[139.400485,35.497651],[139.399627,35.496651],[139.397827,35.497385],[139.39548,35.497164],[139.395535,35.49755],[139.392347,35.49643],[139.391268,35.493999],[139.388175,35.493032],[139.387656,35.490957],[139.383524,35.490466],[139.383451,35.49097],[139.373968,35.491824],[139.376346,35.503255],[139.376571,35.512795],[139.375456,35.517078],[139.363888,35.520876],[139.359612,35.523252],[139.355124,35.526904],[139.359019,35.530653],[139.360978,35.533524],[139.363033,35.532946],[139.365907,35.53401],[139.36721,35.533218],[139.372643,35.536878],[139.373342,35.53807],[139.372742,35.540109],[139.373728,35.5412],[139.378848,35.543062],[139.381227,35.541827],[139.381934,35.543986],[139.388044,35.548908],[139.389969,35.547093],[139.393543,35.548899],[139.39234,35.550179],[139.397468,35.553159],[139.396274,35.554393],[139.403143,35.559398],[139.413422,35.554617],[139.416617,35.557315],[139.41556,35.557993],[139.416507,35.558767],[139.417744,35.558331],[139.418194,35.561766],[139.422185,35.55962]]]}},{"type":"Feature","properties":{"N03_007":"14201","N03_001":"神奈川県","nam_ja":"横須賀市"},"geometry":{"type":"MultiPolygon","coordinates":[[[[139.583607,35.19842],[139.583531,35.198476],[139.583614,35.198493],[139.583607,35.19842]]],[[[139.584581,35.198645],[139.584574,35.198589],[139.584506,35.198617],[139.584581,35.198645]]],[[[139.584835,35.198921],[139.58454,35.199186],[139.584876,35.199028],[139.584835,35.198921]]],[[[139.585137,35.199079],[139.585219,35.19909],[139.585144,35.199051],[139.585137,35.199079]]],[[[139.583641,35.199265],[139.583696,35.199248],[139.583648,35.199243],[139.583641,35.199265]]],[[[139.595148,35.240662],[139.595227,35.24073],[139.595248,35.240714],[139.595148,35.240662]]],[[[139.595258,35.241065],[139.59533,35.241051],[139.595287,35.241035],[139.595258,35.241065]]],[[[139.595137,35.243217],[139.595167,35.243204],[139.595132,35.243195],[139.595137,35.243217]]],[[[139.592613,35.243981],[139.592631,35.244035],[139.59262,35.243975],[139.592613,35.243981]]],[[[139.592707,35.244196],[139.592689,35.244046],[139.592635,35.244129],[139.592707,35.244196]]],[[[139.59255,35.244193],[139.592511,35.244112],[139.592481,35.244137],[139.59255,35.244193]]],[[[139.592589,35.244295],[139.592621,35.244282],[139.592588,35.244276],[139.592589,35.244295]]],[[[139.593553,35.244368],[139.593507,35.244405],[139.593538,35.244423],[139.593553,35.244368]]],[[[139.591953,35.24442],[139.592007,35.244397],[139.591986,35.244385],[139.591953,35.24442]]],[[[139.59179,35.244438],[139.591818,35.244419],[139.5918,35.244417],[139.59179,35.244438]]],[[[139.591609,35.244568],[139.59164,35.244546],[139.591608,35.244546],[139.591609,35.244568]]],[[[139.59193,35.244564],[139.592057,35.244589],[139.592047,35.24449],[139.59193,35.244564]]],[[[139.591923,35.244604],[139.591848,35.244656],[139.591937,35.244697],[139.591923,35.244604]]],[[[139.591652,35.244701],[139.591688,35.244685],[139.591657,35.244685],[139.591652,35.244701]]],[[[139.591987,35.244702],[139.592016,35.244693],[139.591986,35.244695],[139.591987,35.244702]]],[[[139.591314,35.244714],[139.591345,35.244692],[139.591313,35.244692],[139.591314,35.244714]]],[[[139.591478,35.244721],[139.591509,35.244699],[139.591478,35.244699],[139.591478,35.244721]]],[[[139.591862,35.244698],[139.591874,35.244742],[139.591912,35.244721],[139.591862,35.244698]]],[[[139.592065,35.244765],[139.592048,35.244736],[139.592046,35.244757],[139.592065,35.244765]]],[[[139.591771,35.244735],[139.591756,35.244843],[139.591853,35.244778],[139.591771,35.244735]]],[[[139.593308,35.244817],[139.593364,35.244791],[139.593307,35.244796],[139.593308,35.244817]]],[[[139.591213,35.24482],[139.591294,35.244823],[139.591276,35.24479],[139.591213,35.24482]]],[[[139.591682,35.244856],[139.591612,35.244868],[139.591685,35.244872],[139.591682,35.244856]]],[[[139.592001,35.244867],[139.592037,35.244832],[139.592001,35.244831],[139.592001,35.244867]]],[[[139.592324,35.244908],[139.59234,35.244827],[139.592265,35.244876],[139.592324,35.244908]]],[[[139.592173,35.244919],[139.592123,35.244863],[139.592103,35.244925],[139.592173,35.244919]]],[[[139.59138,35.244941],[139.591351,35.244937],[139.591365,35.244952],[139.59138,35.244941]]],[[[139.591176,35.244989],[139.591248,35.244988],[139.591229,35.244905],[139.591176,35.244989]]],[[[139.592578,35.245008],[139.592616,35.245005],[139.592615,35.24499],[139.592578,35.245008]]],[[[139.591722,35.245077],[139.591651,35.244986],[139.591602,35.245047],[139.591722,35.245077]]],[[[139.591324,35.245059],[139.591374,35.245043],[139.591342,35.245028],[139.591324,35.245059]]],[[[139.591304,35.245103],[139.591177,35.245106],[139.591229,35.245156],[139.591304,35.245103]]],[[[139.591516,35.245101],[139.591564,35.245108],[139.591545,35.245085],[139.591516,35.245101]]],[[[139.591475,35.24515],[139.591412,35.245176],[139.591458,35.245189],[139.591475,35.24515]]],[[[139.591505,35.245191],[139.591508,35.245145],[139.591492,35.245148],[139.591505,35.245191]]],[[[139.591177,35.245197],[139.591187,35.245168],[139.591158,35.245183],[139.591177,35.245197]]],[[[139.588832,35.247157],[139.588931,35.247405],[139.588986,35.247274],[139.588832,35.247157]]],[[[139.588434,35.247658],[139.588571,35.247667],[139.588575,35.247631],[139.588434,35.247658]]],[[[139.589414,35.24777],[139.589459,35.247761],[139.589444,35.247745],[139.589414,35.24777]]],[[[139.576448,35.247749],[139.576364,35.247805],[139.576445,35.247791],[139.576448,35.247749]]],[[[139.576783,35.248204],[139.576641,35.247821],[139.576442,35.247989],[139.576783,35.248204]]],[[[139.576362,35.248097],[139.576319,35.248043],[139.576307,35.24807],[139.576362,35.248097]]],[[[139.588979,35.248067],[139.589031,35.24809],[139.589039,35.24807],[139.588979,35.248067]]],[[[139.589191,35.248073],[139.58926,35.248092],[139.589264,35.248074],[139.589191,35.248073]]],[[[139.588793,35.248112],[139.588844,35.248087],[139.588781,35.248097],[139.588793,35.248112]]],[[[139.589408,35.24813],[139.589427,35.248111],[139.589401,35.248115],[139.589408,35.24813]]],[[[139.588967,35.248134],[139.588919,35.248169],[139.588983,35.248149],[139.588967,35.248134]]],[[[139.589153,35.248182],[139.589202,35.248157],[139.589154,35.248154],[139.589153,35.248182]]],[[[139.576721,35.248222],[139.576651,35.248207],[139.576694,35.248255],[139.576721,35.248222]]],[[[139.588804,35.248252],[139.588852,35.248236],[139.588807,35.248227],[139.588804,35.248252]]],[[[139.576882,35.248212],[139.576817,35.248257],[139.576909,35.248269],[139.576882,35.248212]]],[[[139.576604,35.248229],[139.576559,35.248286],[139.57662,35.248248],[139.576604,35.248229]]],[[[139.576773,35.2483],[139.576791,35.248248],[139.576762,35.248262],[139.576773,35.2483]]],[[[139.576639,35.248345],[139.576704,35.248335],[139.57668,35.248322],[139.576639,35.248345]]],[[[139.589095,35.248387],[139.589092,35.248369],[139.589073,35.248377],[139.589095,35.248387]]],[[[139.589679,35.248402],[139.58969,35.248389],[139.589677,35.248395],[139.589679,35.248402]]],[[[139.588256,35.248965],[139.588338,35.248973],[139.588262,35.248944],[139.588256,35.248965]]],[[[139.588189,35.249728],[139.588183,35.249703],[139.588166,35.249709],[139.588189,35.249728]]],[[[139.587679,35.249775],[139.587732,35.249746],[139.587671,35.249756],[139.587679,35.249775]]],[[[139.577988,35.252951],[139.578043,35.252944],[139.577983,35.252929],[139.577988,35.252951]]],[[[139.578094,35.252982],[139.578109,35.253053],[139.57815,35.25303],[139.578094,35.252982]]],[[[139.578358,35.253064],[139.578397,35.25304],[139.578361,35.253036],[139.578358,35.253064]]],[[[139.577337,35.252858],[139.576591,35.253082],[139.577599,35.253304],[139.577337,35.252858]]],[[[139.580134,35.253626],[139.580163,35.253632],[139.58015,35.253614],[139.580134,35.253626]]],[[[139.598652,35.192807],[139.598615,35.192884],[139.598633,35.192893],[139.598652,35.192807]]],[[[139.599162,35.193671],[139.599233,35.19369],[139.599232,35.193609],[139.599162,35.193671]]],[[[139.599478,35.193695],[139.599518,35.193707],[139.599524,35.193683],[139.599478,35.193695]]],[[[139.600308,35.193707],[139.600285,35.193764],[139.600335,35.193739],[139.600308,35.193707]]],[[[139.598929,35.193783],[139.598982,35.193781],[139.598954,35.193757],[139.598929,35.193783]]],[[[139.59936,35.193767],[139.599421,35.193803],[139.599433,35.193774],[139.59936,35.193767]]],[[[139.600666,35.193755],[139.600691,35.193855],[139.600839,35.193848],[139.600666,35.193755]]],[[[139.599427,35.193869],[139.599281,35.193976],[139.599419,35.193988],[139.599427,35.193869]]],[[[139.599114,35.193911],[139.599186,35.193931],[139.599151,35.193886],[139.599114,35.193911]]],[[[139.601034,35.193967],[139.601013,35.194031],[139.601036,35.194032],[139.601034,35.193967]]],[[[139.598587,35.194509],[139.598668,35.194604],[139.59864,35.194511],[139.598587,35.194509]]],[[[139.599162,35.194571],[139.599158,35.194639],[139.599196,35.194598],[139.599162,35.194571]]],[[[139.598969,35.19494],[139.599013,35.194984],[139.599028,35.194978],[139.598969,35.19494]]],[[[139.599075,35.194984],[139.599085,35.195033],[139.599106,35.195011],[139.599075,35.194984]]],[[[139.598932,35.195157],[139.598891,35.195082],[139.59887,35.195094],[139.598932,35.195157]]],[[[139.598802,35.195225],[139.598829,35.195247],[139.598832,35.195229],[139.598802,35.195225]]],[[[139.598706,35.195393],[139.598544,35.195399],[139.598792,35.195461],[139.598706,35.195393]]],[[[139.59856,35.1957],[139.598576,35.195645],[139.59854,35.195677],[139.59856,35.1957]]],[[[139.598895,35.195872],[139.59897,35.195861],[139.598909,35.195826],[139.598895,35.195872]]],[[[139.599261,35.196014],[139.599104,35.195938],[139.59905,35.195952],[139.599261,35.196014]]],[[[139.598897,35.196015],[139.599013,35.196051],[139.598881,35.19599],[139.598897,35.196015]]],[[[139.599358,35.196626],[139.59947,35.196646],[139.599313,35.19659],[139.599358,35.196626]]],[[[139.599739,35.196679],[139.599771,35.196676],[139.599732,35.196654],[139.599739,35.196679]]],[[[139.599631,35.196755],[139.599684,35.196773],[139.599684,35.196747],[139.599631,35.196755]]],[[[139.599737,35.196825],[139.599745,35.196878],[139.599781,35.196899],[139.599737,35.196825]]],[[[139.601386,35.196933],[139.601416,35.196927],[139.601376,35.196899],[139.601386,35.196933]]],[[[139.601349,35.196942],[139.601364,35.197002],[139.601384,35.197002],[139.601349,35.196942]]],[[[139.601095,35.197315],[139.601123,35.197271],[139.601091,35.197267],[139.601095,35.197315]]],[[[139.601129,35.19736],[139.601231,35.197365],[139.601142,35.197326],[139.601129,35.19736]]],[[[139.601332,35.221382],[139.601185,35.221492],[139.601375,35.221406],[139.601332,35.221382]]],[[[139.601292,35.221522],[139.601125,35.221636],[139.601335,35.221546],[139.601292,35.221522]]],[[[139.600855,35.221568],[139.600848,35.221604],[139.600881,35.221583],[139.600855,35.221568]]],[[[139.601335,35.221708],[139.601297,35.221747],[139.601352,35.221726],[139.601335,35.221708]]],[[[139.60078,35.222536],[139.600822,35.222561],[139.600822,35.22253],[139.60078,35.222536]]],[[[139.600714,35.222692],[139.600759,35.222701],[139.600772,35.222672],[139.600714,35.222692]]],[[[139.600797,35.222712],[139.600819,35.222766],[139.600836,35.222729],[139.600797,35.222712]]],[[[139.599193,35.222818],[139.599036,35.222892],[139.599029,35.22291],[139.599193,35.222818]]],[[[139.601194,35.222905],[139.601208,35.222947],[139.601225,35.222908],[139.601194,35.222905]]],[[[139.600553,35.223239],[139.60058,35.223256],[139.600597,35.22322],[139.600553,35.223239]]],[[[139.599844,35.223211],[139.599871,35.223266],[139.59988,35.22321],[139.599844,35.223211]]],[[[139.599581,35.223271],[139.599615,35.223306],[139.599604,35.223251],[139.599581,35.223271]]],[[[139.600502,35.22328],[139.600501,35.22333],[139.600532,35.223284],[139.600502,35.22328]]],[[[139.600402,35.223323],[139.60042,35.223354],[139.600428,35.223312],[139.600402,35.223323]]],[[[139.59845,35.223631],[139.598522,35.223672],[139.598479,35.223598],[139.59845,35.223631]]],[[[139.598407,35.223689],[139.598489,35.223791],[139.598432,35.223665],[139.598407,35.223689]]],[[[139.597938,35.22385],[139.597971,35.223867],[139.59796,35.223831],[139.597938,35.22385]]],[[[139.59774,35.223947],[139.597768,35.223937],[139.597738,35.223932],[139.59774,35.223947]]],[[[139.597774,35.223966],[139.597803,35.224002],[139.5978,35.223957],[139.597774,35.223966]]],[[[139.598094,35.224266],[139.59926,35.224335],[139.599964,35.223515],[139.598665,35.223462],[139.598612,35.223807],[139.59795,35.224175],[139.597624,35.223993],[139.597697,35.224861],[139.598094,35.224266]]],[[[139.597529,35.224284],[139.597549,35.22424],[139.597537,35.224231],[139.597529,35.224284]]],[[[139.597474,35.224304],[139.597512,35.224278],[139.59747,35.224263],[139.597474,35.224304]]],[[[139.597241,35.22428],[139.597284,35.224302],[139.597265,35.224272],[139.597241,35.22428]]],[[[139.597411,35.224288],[139.597456,35.224328],[139.597439,35.224275],[139.597411,35.224288]]],[[[139.597332,35.22438],[139.597316,35.224454],[139.597364,35.224445],[139.597332,35.22438]]],[[[139.597171,35.224462],[139.597115,35.22444],[139.597132,35.224484],[139.597171,35.224462]]],[[[139.598842,35.224454],[139.598826,35.224552],[139.598902,35.224503],[139.598842,35.224454]]],[[[139.597379,35.224547],[139.597345,35.224593],[139.597391,35.22455],[139.597379,35.224547]]],[[[139.597403,35.224634],[139.597404,35.224603],[139.59733,35.22468],[139.597403,35.224634]]],[[[139.597266,35.224689],[139.597302,35.224707],[139.597306,35.224683],[139.597266,35.224689]]],[[[139.596938,35.224734],[139.596957,35.224771],[139.597001,35.224723],[139.596938,35.224734]]],[[[139.597247,35.224963],[139.597566,35.224876],[139.597453,35.224676],[139.597247,35.224963]]],[[[139.597043,35.225002],[139.59698,35.225045],[139.59703,35.225045],[139.597043,35.225002]]],[[[139.596969,35.225083],[139.597007,35.225111],[139.597016,35.225088],[139.596969,35.225083]]],[[[139.599273,35.236153],[139.599303,35.236217],[139.599382,35.236135],[139.599273,35.236153]]],[[[139.597635,35.240346],[139.597742,35.240425],[139.597769,35.240394],[139.597635,35.240346]]],[[[139.595303,35.240857],[139.595354,35.240828],[139.595308,35.240819],[139.595303,35.240857]]],[[[139.595569,35.240998],[139.595595,35.241045],[139.59561,35.241],[139.595569,35.240998]]],[[[139.596263,35.242264],[139.596292,35.242252],[139.596267,35.242234],[139.596263,35.242264]]],[[[139.595954,35.24259],[139.596012,35.242587],[139.595968,35.242564],[139.595954,35.24259]]],[[[139.601811,35.193211],[139.601819,35.193129],[139.601779,35.193136],[139.601811,35.193211]]],[[[139.602234,35.193284],[139.602229,35.193329],[139.602261,35.193297],[139.602234,35.193284]]],[[[139.603372,35.19348],[139.60336,35.193529],[139.603387,35.193526],[139.603372,35.19348]]],[[[139.604392,35.193945],[139.60442,35.193397],[139.604299,35.193313],[139.604392,35.193945]]],[[[139.604963,35.194239],[139.604662,35.194388],[139.604958,35.194642],[139.604963,35.194239]]],[[[139.601417,35.197037],[139.601441,35.197087],[139.60146,35.197086],[139.601417,35.197037]]],[[[139.602085,35.19792],[139.602278,35.197846],[139.60198,35.19793],[139.602085,35.19792]]],[[[139.602128,35.198253],[139.60165,35.198043],[139.602134,35.198428],[139.602128,35.198253]]],[[[139.602231,35.198204],[139.602352,35.198367],[139.602236,35.198159],[139.602231,35.198204]]],[[[139.602175,35.198242],[139.602176,35.198294],[139.602201,35.198289],[139.602175,35.198242]]],[[[139.601915,35.198467],[139.601876,35.198268],[139.601835,35.198258],[139.601915,35.198467]]],[[[139.602228,35.198513],[139.602224,35.19862],[139.602247,35.198623],[139.602228,35.198513]]],[[[139.602003,35.198526],[139.602013,35.198631],[139.602032,35.198634],[139.602003,35.198526]]],[[[139.602634,35.198796],[139.602696,35.198927],[139.602732,35.198941],[139.602634,35.198796]]],[[[139.603818,35.199425],[139.603763,35.199531],[139.603799,35.199562],[139.603818,35.199425]]],[[[139.604969,35.199384],[139.604826,35.199578],[139.604986,35.199571],[139.604969,35.199384]]],[[[139.603862,35.199749],[139.603791,35.199688],[139.603786,35.199742],[139.603862,35.199749]]],[[[139.60622,35.1997],[139.606211,35.199839],[139.606236,35.199846],[139.60622,35.1997]]],[[[139.605184,35.200422],[139.605255,35.200574],[139.60521,35.200417],[139.605184,35.200422]]],[[[139.605015,35.200441],[139.605026,35.200755],[139.605049,35.200404],[139.605015,35.200441]]],[[[139.604877,35.201137],[139.604886,35.20129],[139.604991,35.201066],[139.604877,35.201137]]],[[[139.604709,35.200916],[139.604535,35.201421],[139.604658,35.201563],[139.604709,35.200916]]],[[[139.604778,35.201541],[139.604833,35.201591],[139.604837,35.201453],[139.604778,35.201541]]],[[[139.603647,35.202433],[139.603707,35.202514],[139.603685,35.202433],[139.603647,35.202433]]],[[[139.603661,35.203253],[139.603606,35.202896],[139.603578,35.203267],[139.603661,35.203253]]],[[[139.603729,35.203122],[139.603764,35.203386],[139.603775,35.203491],[139.603812,35.20339],[139.603729,35.203122]]],[[[139.604525,35.203854],[139.604615,35.203395],[139.604427,35.203297],[139.604525,35.203854]]],[[[139.603859,35.203734],[139.603966,35.203606],[139.603902,35.2035],[139.603859,35.203734]]],[[[139.604182,35.203616],[139.604141,35.203717],[139.604178,35.20372],[139.604182,35.203616]]],[[[139.605452,35.204028],[139.605495,35.204081],[139.605509,35.20404],[139.605452,35.204028]]],[[[139.604744,35.204294],[139.604785,35.204132],[139.60464,35.204256],[139.604744,35.204294]]],[[[139.604958,35.204368],[139.605044,35.204139],[139.605006,35.204088],[139.604925,35.204166],[139.604958,35.204368]]],[[[139.605426,35.204484],[139.605354,35.204045],[139.605409,35.204503],[139.605426,35.204484]]],[[[139.604151,35.205213],[139.6042,35.205256],[139.604175,35.205184],[139.604151,35.205213]]],[[[139.604042,35.205474],[139.604092,35.205516],[139.604105,35.205429],[139.604042,35.205474]]],[[[139.604754,35.205477],[139.604821,35.205506],[139.604823,35.205459],[139.604754,35.205477]]],[[[139.605663,35.205595],[139.605519,35.205669],[139.605522,35.205798],[139.605663,35.205595]]],[[[139.605635,35.205984],[139.605684,35.206105],[139.605714,35.206024],[139.605635,35.205984]]],[[[139.605477,35.206277],[139.605606,35.206146],[139.605572,35.206092],[139.605477,35.206277]]],[[[139.605639,35.206379],[139.605672,35.206426],[139.605713,35.206318],[139.605639,35.206379]]],[[[139.604615,35.220656],[139.604837,35.220533],[139.604548,35.220643],[139.604615,35.220656]]],[[[139.602458,35.220591],[139.602281,35.220582],[139.602183,35.220644],[139.602458,35.220591]]],[[[139.602628,35.220632],[139.602324,35.2207],[139.602317,35.220735],[139.602628,35.220632]]],[[[139.603062,35.220686],[139.603115,35.220734],[139.603183,35.220692],[139.603062,35.220686]]],[[[139.602687,35.220741],[139.602696,35.220801],[139.602733,35.220757],[139.602687,35.220741]]],[[[139.604338,35.22076],[139.604224,35.220826],[139.604357,35.220772],[139.604338,35.22076]]],[[[139.602441,35.220943],[139.602292,35.221041],[139.602473,35.220964],[139.602441,35.220943]]],[[[139.602245,35.221014],[139.60215,35.221075],[139.602217,35.221096],[139.602245,35.221014]]],[[[139.602114,35.221025],[139.601962,35.221016],[139.602084,35.221133],[139.602114,35.221025]]],[[[139.601424,35.22117],[139.601547,35.221187],[139.601434,35.221137],[139.601424,35.22117]]],[[[139.601877,35.221164],[139.601842,35.221262],[139.601943,35.221223],[139.601877,35.221164]]],[[[139.602829,35.221214],[139.602833,35.221354],[139.602909,35.221274],[139.602829,35.221214]]],[[[139.601493,35.221291],[139.6015,35.221359],[139.601535,35.221295],[139.601493,35.221291]]],[[[139.601607,35.221357],[139.601578,35.22145],[139.601598,35.221488],[139.601607,35.221357]]],[[[139.604247,35.222885],[139.606146,35.221053],[139.605753,35.22072],[139.604596,35.221408],[139.605808,35.220168],[139.602899,35.221531],[139.602437,35.22111],[139.601706,35.221534],[139.601802,35.222062],[139.603125,35.222381],[139.603055,35.222878],[139.604247,35.222885]]],[[[139.601466,35.221748],[139.601438,35.221815],[139.60151,35.221757],[139.601466,35.221748]]],[[[139.601884,35.222263],[139.601791,35.222289],[139.601817,35.222386],[139.601884,35.222263]]],[[[139.602436,35.22224],[139.602404,35.222282],[139.602465,35.222244],[139.602436,35.22224]]],[[[139.602342,35.222268],[139.602312,35.222311],[139.602364,35.222288],[139.602342,35.222268]]],[[[139.602504,35.222354],[139.602262,35.222425],[139.602267,35.222461],[139.602504,35.222354]]],[[[139.602234,35.222743],[139.602112,35.222768],[139.602237,35.222787],[139.602234,35.222743]]],[[[139.602297,35.222812],[139.602322,35.222835],[139.602332,35.222829],[139.602297,35.222812]]],[[[139.603174,35.222923],[139.603211,35.222964],[139.603232,35.222935],[139.603174,35.222923]]],[[[139.602621,35.22327],[139.602679,35.223301],[139.602687,35.223286],[139.602621,35.22327]]],[[[139.602384,35.225516],[139.60235,35.225587],[139.602418,35.225512],[139.602384,35.225516]]],[[[139.601993,35.225784],[139.601994,35.225748],[139.60198,35.22578],[139.601993,35.225784]]],[[[139.601908,35.225831],[139.601979,35.225808],[139.601971,35.225784],[139.601908,35.225831]]],[[[139.601356,35.231633],[139.601566,35.230562],[139.601262,35.231616],[139.601356,35.231633]]],[[[139.602279,35.231634],[139.602017,35.232556],[139.602348,35.23165],[139.602279,35.231634]]],[[[139.616699,35.169501],[139.616764,35.169585],[139.61677,35.169501],[139.616699,35.169501]]],[[[139.615482,35.171155],[139.615441,35.171057],[139.615365,35.17105],[139.615482,35.171155]]],[[[139.615744,35.171279],[139.615707,35.171187],[139.615665,35.171214],[139.615744,35.171279]]],[[[139.61484,35.171354],[139.615153,35.171367],[139.614836,35.171248],[139.61484,35.171354]]],[[[139.616603,35.179284],[139.616654,35.179175],[139.616609,35.179149],[139.616603,35.179284]]],[[[139.616796,35.179568],[139.616842,35.179425],[139.616717,35.179451],[139.616796,35.179568]]],[[[139.616503,35.179582],[139.616527,35.179488],[139.616474,35.17948],[139.616503,35.179582]]],[[[139.61645,35.179777],[139.616479,35.179679],[139.616399,35.179675],[139.61645,35.179777]]],[[[139.610046,35.189843],[139.610099,35.189836],[139.610049,35.189826],[139.610046,35.189843]]],[[[139.609215,35.18993],[139.609242,35.189973],[139.609289,35.189908],[139.609215,35.18993]]],[[[139.610606,35.189978],[139.61062,35.190038],[139.610671,35.189997],[139.610606,35.189978]]],[[[139.611997,35.189978],[139.612016,35.190041],[139.612041,35.190061],[139.611997,35.189978]]],[[[139.610206,35.19001],[139.610233,35.190109],[139.610263,35.190109],[139.610206,35.19001]]],[[[139.609335,35.190122],[139.609446,35.190056],[139.609328,35.190122],[139.609335,35.190122]]],[[[139.611273,35.190113],[139.611293,35.190155],[139.611316,35.190146],[139.611273,35.190113]]],[[[139.612629,35.190278],[139.61275,35.190322],[139.612625,35.190241],[139.612629,35.190278]]],[[[139.612422,35.190309],[139.612512,35.190365],[139.612427,35.190286],[139.612422,35.190309]]],[[[139.613621,35.190426],[139.613648,35.190568],[139.613708,35.190545],[139.613621,35.190426]]],[[[139.613097,35.190516],[139.613114,35.190581],[139.613138,35.190533],[139.613097,35.190516]]],[[[139.613814,35.190569],[139.613791,35.190668],[139.613932,35.190605],[139.613814,35.190569]]],[[[139.608151,35.191125],[139.608453,35.191141],[139.608618,35.191083],[139.608151,35.191125]]],[[[139.607834,35.191146],[139.60779,35.191204],[139.60785,35.191151],[139.607834,35.191146]]],[[[139.609068,35.191164],[139.609071,35.191206],[139.609089,35.191168],[139.609068,35.191164]]],[[[139.608245,35.191234],[139.608179,35.191172],[139.608139,35.191264],[139.608245,35.191234]]],[[[139.608715,35.191199],[139.60868,35.191233],[139.608723,35.191218],[139.608715,35.191199]]],[[[139.608966,35.191233],[139.608855,35.191236],[139.608965,35.19125],[139.608966,35.191233]]],[[[139.60789,35.191235],[139.607843,35.191302],[139.607861,35.191311],[139.60789,35.191235]]],[[[139.608217,35.191258],[139.608224,35.191289],[139.608251,35.191254],[139.608217,35.191258]]],[[[139.608744,35.191281],[139.608726,35.191326],[139.608791,35.191302],[139.608744,35.191281]]],[[[139.607888,35.191503],[139.60815,35.191398],[139.60793,35.191264],[139.607888,35.191503]]],[[[139.608017,35.191584],[139.608015,35.191638],[139.608054,35.191609],[139.608017,35.191584]]],[[[139.607748,35.191719],[139.607783,35.191746],[139.607794,35.19173],[139.607748,35.191719]]],[[[139.607795,35.191804],[139.607854,35.191859],[139.60785,35.191796],[139.607795,35.191804]]],[[[139.608057,35.191948],[139.60802,35.191873],[139.607916,35.191943],[139.608057,35.191948]]],[[[139.608031,35.192025],[139.608045,35.19206],[139.608074,35.192037],[139.608031,35.192025]]],[[[139.608097,35.192094],[139.608162,35.192138],[139.608165,35.192114],[139.608097,35.192094]]],[[[139.607682,35.193223],[139.607713,35.193309],[139.60775,35.193301],[139.607682,35.193223]]],[[[139.607753,35.193324],[139.607724,35.193322],[139.607763,35.193363],[139.607753,35.193324]]],[[[139.607865,35.193393],[139.60792,35.193384],[139.607882,35.193364],[139.607865,35.193393]]],[[[139.607777,35.193623],[139.607667,35.193562],[139.607745,35.19367],[139.607777,35.193623]]],[[[139.607424,35.194082],[139.60746,35.194112],[139.607449,35.194074],[139.607424,35.194082]]],[[[139.607478,35.194171],[139.607505,35.194202],[139.607533,35.194179],[139.607478,35.194171]]],[[[139.608052,35.194524],[139.608022,35.194577],[139.608056,35.194578],[139.608052,35.194524]]],[[[139.60764,35.194648],[139.607568,35.194559],[139.607533,35.194584],[139.60764,35.194648]]],[[[139.609522,35.207932],[139.609499,35.208082],[139.609601,35.207868],[139.609522,35.207932]]],[[[139.609307,35.208328],[139.60925,35.208204],[139.609201,35.208365],[139.609307,35.208328]]],[[[139.609028,35.208339],[139.609058,35.20834],[139.609051,35.208316],[139.609028,35.208339]]],[[[139.609047,35.208366],[139.609071,35.208425],[139.609116,35.208369],[139.609047,35.208366]]],[[[139.615936,35.209222],[139.616006,35.209227],[139.616092,35.209089],[139.615936,35.209222]]],[[[139.615859,35.209412],[139.615826,35.20934],[139.615788,35.209396],[139.615859,35.209412]]],[[[139.60851,35.20978],[139.608454,35.20964],[139.608181,35.209833],[139.60851,35.20978]]],[[[139.614817,35.209755],[139.614759,35.209872],[139.61479,35.209918],[139.614817,35.209755]]],[[[139.614923,35.209783],[139.614853,35.209919],[139.614966,35.209759],[139.614923,35.209783]]],[[[139.614283,35.21002],[139.614276,35.209908],[139.614185,35.210033],[139.614283,35.21002]]],[[[139.608319,35.210039],[139.608336,35.210112],[139.608446,35.210051],[139.608319,35.210039]]],[[[139.611298,35.210201],[139.611269,35.210265],[139.611336,35.210198],[139.611298,35.210201]]],[[[139.609501,35.210327],[139.609239,35.210269],[139.609235,35.21039],[139.609501,35.210327]]],[[[139.611122,35.210358],[139.611144,35.21045],[139.611217,35.210397],[139.611122,35.210358]]],[[[139.609087,35.210667],[139.609579,35.210451],[139.609953,35.210263],[139.609087,35.210667]]],[[[139.610459,35.210613],[139.610359,35.21038],[139.610279,35.210419],[139.610459,35.210613]]],[[[139.608767,35.21048],[139.608673,35.210603],[139.60883,35.210571],[139.608767,35.21048]]],[[[139.608843,35.210612],[139.608738,35.210793],[139.608904,35.210633],[139.608843,35.210612]]],[[[139.61101,35.210737],[139.611082,35.210751],[139.611003,35.210718],[139.61101,35.210737]]],[[[139.608192,35.217098],[139.608267,35.217141],[139.608255,35.217089],[139.608192,35.217098]]],[[[139.609181,35.218382],[139.60723,35.219176],[139.605871,35.220073],[139.607269,35.219234],[139.609181,35.218382]]],[[[139.612663,35.221085],[139.613297,35.220314],[139.612622,35.22028],[139.612663,35.221085]]],[[[139.610374,35.22252],[139.610389,35.222543],[139.610422,35.222516],[139.610374,35.22252]]],[[[139.610246,35.222555],[139.610292,35.222585],[139.610296,35.222557],[139.610246,35.222555]]],[[[139.607745,35.223164],[139.607479,35.223077],[139.607748,35.223175],[139.607745,35.223164]]],[[[139.616911,35.16788],[139.61704,35.167921],[139.617004,35.167834],[139.616911,35.16788]]],[[[139.616827,35.169291],[139.616971,35.169355],[139.61694,35.169285],[139.616827,35.169291]]],[[[139.617567,35.172589],[139.6176,35.172449],[139.617507,35.172514],[139.617567,35.172589]]],[[[139.617106,35.172594],[139.617203,35.172524],[139.617097,35.172506],[139.617106,35.172594]]],[[[139.619322,35.175675],[139.619248,35.175557],[139.619227,35.175568],[139.619322,35.175675]]],[[[139.619331,35.175942],[139.619463,35.175842],[139.619326,35.175834],[139.619331,35.175942]]],[[[139.619152,35.175954],[139.61924,35.175866],[139.619152,35.175826],[139.619152,35.175954]]],[[[139.619361,35.176149],[139.619426,35.176066],[139.619345,35.176043],[139.619361,35.176149]]],[[[139.617074,35.17969],[139.617154,35.179568],[139.617106,35.179564],[139.617074,35.17969]]],[[[139.616889,35.179773],[139.616839,35.179666],[139.616804,35.179725],[139.616889,35.179773]]],[[[139.616834,35.187134],[139.617003,35.187098],[139.616867,35.187054],[139.616834,35.187134]]],[[[139.616858,35.188309],[139.61675,35.188291],[139.616833,35.188348],[139.616858,35.188309]]],[[[139.690421,35.196887],[139.690599,35.196814],[139.690476,35.196763],[139.690421,35.196887]]],[[[139.691539,35.196966],[139.691684,35.196893],[139.691574,35.196859],[139.691539,35.196966]]],[[[139.692425,35.197264],[139.692363,35.197169],[139.692342,35.197259],[139.692425,35.197264]]],[[[139.707457,35.209921],[139.707505,35.209951],[139.707461,35.209915],[139.707457,35.209921]]],[[[139.721342,35.210759],[139.721162,35.210792],[139.721315,35.210823],[139.721342,35.210759]]],[[[139.72135,35.210833],[139.722346,35.210865],[139.722669,35.210863],[139.722667,35.210777],[139.72135,35.210833]]],[[[139.724015,35.210829],[139.722682,35.210885],[139.724127,35.210966],[139.724015,35.210829]]],[[[139.727662,35.210928],[139.724318,35.210836],[139.724483,35.210922],[139.727662,35.210928]]],[[[139.716491,35.226642],[139.716608,35.226647],[139.716616,35.226612],[139.716491,35.226642]]],[[[139.71911,35.226825],[139.719181,35.226849],[139.719204,35.226818],[139.71911,35.226825]]],[[[139.717231,35.226861],[139.717351,35.226869],[139.717354,35.226846],[139.717231,35.226861]]],[[[139.716778,35.22702],[139.716604,35.22704],[139.716598,35.22705],[139.716778,35.22702]]],[[[139.717361,35.227038],[139.717181,35.227121],[139.717398,35.227067],[139.717361,35.227038]]],[[[139.717359,35.22712],[139.71745,35.227119],[139.717457,35.227088],[139.717359,35.22712]]],[[[139.716581,35.227228],[139.716636,35.227255],[139.716651,35.227213],[139.716581,35.227228]]],[[[139.716847,35.227379],[139.716967,35.227418],[139.716887,35.22736],[139.716847,35.227379]]],[[[139.716843,35.227587],[139.716622,35.227455],[139.71684,35.227596],[139.716843,35.227587]]],[[[139.716893,35.227571],[139.716961,35.227539],[139.716891,35.22755],[139.716893,35.227571]]],[[[139.718811,35.227535],[139.71878,35.227614],[139.718814,35.227621],[139.718811,35.227535]]],[[[139.718718,35.227594],[139.718649,35.227679],[139.718749,35.227619],[139.718718,35.227594]]],[[[139.718406,35.227669],[139.718295,35.227642],[139.718296,35.227705],[139.718406,35.227669]]],[[[139.717272,35.227965],[139.717345,35.228002],[139.717376,35.227955],[139.717272,35.227965]]],[[[139.649089,35.327316],[139.661873,35.328268],[139.660669,35.328174],[139.661225,35.32226],[139.658985,35.322488],[139.655692,35.321571],[139.656066,35.317595],[139.653106,35.317409],[139.651212,35.319678],[139.648942,35.318404],[139.651209,35.315687],[139.648225,35.312621],[139.646902,35.313488],[139.645785,35.312342],[139.644877,35.312662],[139.64496,35.308675],[139.644029,35.308083],[139.642495,35.307518],[139.640792,35.308219],[139.639202,35.309394],[139.639709,35.310133],[139.636678,35.311721],[139.636543,35.310777],[139.637934,35.308651],[139.63978,35.307993],[139.640958,35.306131],[139.641534,35.306385],[139.641043,35.306053],[139.642284,35.303891],[139.640674,35.302657],[139.639636,35.303926],[139.638876,35.303757],[139.639443,35.302787],[139.63898,35.301718],[139.640122,35.301633],[139.638956,35.300677],[139.637292,35.300441],[139.63654,35.302042],[139.636227,35.301078],[139.635893,35.301954],[139.634565,35.30176],[139.634693,35.301224],[139.631748,35.301101],[139.631142,35.299909],[139.634942,35.298477],[139.633523,35.295642],[139.634868,35.29519],[139.635641,35.296133],[139.639669,35.295007],[139.643357,35.298368],[139.645337,35.297228],[139.648766,35.292554],[139.648341,35.293036],[139.64728,35.292025],[139.647804,35.291164],[139.648932,35.291485],[139.649067,35.288053],[139.650336,35.288357],[139.650256,35.287849],[139.651175,35.287614],[139.651751,35.28809],[139.652066,35.288664],[139.650417,35.289744],[139.651544,35.291368],[139.650574,35.289735],[139.652091,35.288742],[139.65333,35.290224],[139.651822,35.288043],[139.655641,35.285821],[139.655299,35.285471],[139.654356,35.285946],[139.653877,35.285217],[139.657359,35.284931],[139.658472,35.283802],[139.660804,35.282882],[139.662724,35.284849],[139.662389,35.285189],[139.661488,35.28458],[139.659281,35.286202],[139.660735,35.287192],[139.656978,35.290498],[139.657514,35.290958],[139.656974,35.292651],[139.657807,35.291015],[139.659953,35.291475],[139.659605,35.293512],[139.660258,35.291541],[139.661747,35.291857],[139.661506,35.29238],[139.664614,35.289488],[139.665428,35.292535],[139.662036,35.294947],[139.663682,35.294971],[139.664052,35.296656],[139.663304,35.29863],[139.662642,35.298613],[139.661338,35.300215],[139.662,35.300767],[139.668858,35.301842],[139.673967,35.300578],[139.680204,35.295047],[139.679617,35.29407],[139.678851,35.294626],[139.677512,35.294507],[139.677426,35.292211],[139.679825,35.291653],[139.681022,35.289097],[139.685079,35.288589],[139.682563,35.288377],[139.680856,35.28893],[139.680396,35.289551],[139.673,35.288511],[139.673099,35.288025],[139.672939,35.288505],[139.671873,35.288382],[139.671997,35.28667],[139.674135,35.28691],[139.674198,35.284462],[139.675179,35.283807],[139.678036,35.285336],[139.679065,35.284653],[139.677659,35.28095],[139.678818,35.280642],[139.677638,35.280896],[139.67732,35.280051],[139.679452,35.278633],[139.680491,35.279687],[139.679502,35.280405],[139.680557,35.279684],[139.680181,35.279303],[139.687407,35.274836],[139.685704,35.275509],[139.68459,35.273591],[139.687415,35.271714],[139.688136,35.272008],[139.688684,35.27211],[139.68659,35.270753],[139.688,35.269815],[139.689829,35.271468],[139.689233,35.272376],[139.690205,35.271151],[139.69091,35.266948],[139.691555,35.266616],[139.690988,35.266569],[139.696229,35.26493],[139.696638,35.265451],[139.698105,35.265758],[139.696845,35.265439],[139.696513,35.263971],[139.697028,35.263889],[139.697276,35.264736],[139.698252,35.264559],[139.698426,35.265465],[139.699062,35.26461],[139.7032,35.263956],[139.718068,35.263708],[139.721081,35.263172],[139.727359,35.264146],[139.727779,35.264409],[139.728112,35.264906],[139.728027,35.265473],[139.727886,35.265546],[139.732673,35.265835],[139.733423,35.265436],[139.733608,35.26422],[139.733091,35.264932],[139.730976,35.263661],[139.733212,35.262111],[139.73308,35.261577],[139.734751,35.261416],[139.734837,35.262515],[139.734394,35.262453],[139.733004,35.263255],[139.733069,35.263331],[139.734374,35.262521],[139.735535,35.262646],[139.735852,35.263008],[139.735991,35.262577],[139.736437,35.262583],[139.736488,35.262089],[139.739271,35.261667],[139.739278,35.260413],[139.740644,35.259548],[139.741225,35.259701],[139.740649,35.258741],[139.742078,35.258438],[139.742118,35.258583],[139.742272,35.258508],[139.742307,35.258594],[139.742405,35.258523],[139.74262,35.258612],[139.743079,35.259108],[139.743584,35.259148],[139.745323,35.2568],[139.745568,35.256723],[139.74577,35.256871],[139.746185,35.256646],[139.745582,35.255032],[139.746127,35.25393],[139.747011,35.253491],[139.745646,35.253371],[139.74552,35.25264],[139.744063,35.252721],[139.743469,35.251991],[139.743657,35.251587],[139.743139,35.251642],[139.742497,35.251132],[139.740992,35.251436],[139.737811,35.249529],[139.738179,35.247568],[139.737298,35.247824],[139.737087,35.247398],[139.736369,35.246994],[139.737255,35.247838],[139.735943,35.248712],[139.734181,35.24798],[139.733906,35.246219],[139.734693,35.246347],[139.735103,35.247391],[139.736405,35.246472],[139.734178,35.245963],[139.734069,35.244315],[139.735097,35.244881],[139.73322,35.24084],[139.726878,35.239491],[139.726566,35.240639],[139.727618,35.241172],[139.727154,35.242093],[139.726254,35.241687],[139.726261,35.240668],[139.72444,35.239565],[139.72447,35.240541],[139.723375,35.240073],[139.721033,35.242118],[139.7212,35.243577],[139.717621,35.247305],[139.71668,35.24612],[139.719186,35.24146],[139.72246,35.237948],[139.722623,35.238648],[139.722467,35.237824],[139.72423,35.235981],[139.722046,35.234383],[139.723531,35.234826],[139.724647,35.234226],[139.725261,35.234706],[139.725952,35.235834],[139.725005,35.237148],[139.726016,35.235967],[139.726344,35.234474],[139.727716,35.233172],[139.729483,35.232823],[139.728287,35.231014],[139.728525,35.2298],[139.729399,35.229403],[139.728515,35.2285],[139.727839,35.227311],[139.728053,35.225698],[139.72861,35.225073],[139.729099,35.225079],[139.728769,35.223723],[139.72696,35.223543],[139.726678,35.224569],[139.721984,35.223894],[139.722558,35.225064],[139.721644,35.226376],[139.722474,35.226386],[139.722373,35.227086],[139.720224,35.228059],[139.719033,35.227722],[139.717661,35.228347],[139.717137,35.228132],[139.716078,35.226862],[139.714772,35.22661],[139.716307,35.226071],[139.714857,35.226542],[139.713392,35.22386],[139.714323,35.221279],[139.71329,35.221477],[139.713306,35.22044],[139.714454,35.220916],[139.715134,35.220511],[139.715513,35.221137],[139.715396,35.220494],[139.716075,35.220445],[139.718291,35.222951],[139.720057,35.221999],[139.718356,35.220468],[139.718761,35.220166],[139.72035,35.221416],[139.718834,35.220043],[139.718315,35.220432],[139.715292,35.217344],[139.718226,35.218329],[139.717801,35.218475],[139.722763,35.218279],[139.724286,35.21609],[139.725108,35.21636],[139.724349,35.215999],[139.725061,35.214971],[139.725059,35.211342],[139.724939,35.211948],[139.720625,35.21197],[139.717809,35.211196],[139.721155,35.210724],[139.717054,35.210631],[139.715348,35.210785],[139.716316,35.211291],[139.714762,35.211813],[139.712935,35.211059],[139.707309,35.211081],[139.689866,35.208711],[139.681725,35.204956],[139.677773,35.202266],[139.678385,35.201133],[139.677155,35.200441],[139.678171,35.201273],[139.677523,35.201947],[139.676828,35.201584],[139.677226,35.201037],[139.676713,35.201517],[139.675677,35.200968],[139.677154,35.199942],[139.676124,35.199583],[139.676572,35.199935],[139.675887,35.200688],[139.674187,35.200108],[139.667336,35.195721],[139.664783,35.19306],[139.661069,35.194996],[139.661997,35.195839],[139.660086,35.19832],[139.659826,35.200541],[139.658291,35.202401],[139.655007,35.204595],[139.654651,35.206446],[139.655641,35.208166],[139.654963,35.209792],[139.647924,35.206411],[139.640752,35.206533],[139.638273,35.205898],[139.635942,35.206146],[139.632864,35.205214],[139.630089,35.20087],[139.630116,35.199794],[139.627978,35.199095],[139.626774,35.199694],[139.624581,35.197909],[139.622799,35.198237],[139.621209,35.197457],[139.615717,35.189934],[139.613711,35.19075],[139.609395,35.190197],[139.609503,35.191022],[139.608753,35.191468],[139.60831,35.191278],[139.608094,35.191577],[139.60921,35.193897],[139.608717,35.194166],[139.608474,35.193195],[139.607947,35.193415],[139.607677,35.193973],[139.608169,35.194605],[139.608055,35.19474],[139.607164,35.194824],[139.606161,35.194002],[139.605895,35.194735],[139.605131,35.194927],[139.604524,35.194352],[139.604447,35.194879],[139.603962,35.193756],[139.603005,35.193397],[139.60277,35.194097],[139.601238,35.193565],[139.60107,35.194727],[139.600943,35.194056],[139.599726,35.19364],[139.600356,35.194614],[139.59946,35.194342],[139.59944,35.194662],[139.598899,35.194812],[139.599271,35.195071],[139.598894,35.195741],[139.599501,35.195944],[139.599242,35.196523],[139.600246,35.196737],[139.600563,35.197241],[139.600526,35.196934],[139.601298,35.197307],[139.60135,35.196752],[139.601675,35.196522],[139.602231,35.197547],[139.60361,35.197517],[139.602205,35.197924],[139.603561,35.199363],[139.605081,35.199047],[139.605287,35.199833],[139.606325,35.199415],[139.606212,35.200292],[139.605495,35.200063],[139.605316,35.200642],[139.605147,35.20066],[139.605027,35.201836],[139.603883,35.20156],[139.603622,35.201958],[139.604013,35.203493],[139.604421,35.203148],[139.605372,35.203641],[139.605635,35.203842],[139.605651,35.20465],[139.605855,35.203753],[139.606923,35.204167],[139.606178,35.205547],[139.604948,35.205026],[139.604932,35.205449],[139.605799,35.205456],[139.606025,35.206492],[139.607224,35.205866],[139.606735,35.205326],[139.608086,35.205951],[139.608201,35.20807],[139.60932,35.205645],[139.6109,35.205814],[139.611889,35.207656],[139.611416,35.208006],[139.610673,35.207314],[139.609258,35.208588],[139.608849,35.208255],[139.609546,35.209148],[139.609109,35.20954],[139.610143,35.20942],[139.609536,35.210191],[139.610202,35.209682],[139.611907,35.210196],[139.61417,35.209917],[139.619154,35.207557],[139.619336,35.208644],[139.619863,35.209181],[139.619312,35.207862],[139.620409,35.20771],[139.620246,35.208766],[139.621604,35.207187],[139.623055,35.20761],[139.624868,35.209138],[139.624566,35.209921],[139.625546,35.21109],[139.624692,35.21176],[139.627232,35.213543],[139.62743,35.215392],[139.626195,35.216558],[139.627434,35.215478],[139.626946,35.216735],[139.62408,35.21775],[139.622961,35.215764],[139.623583,35.21536],[139.62273,35.215705],[139.623806,35.218238],[139.621513,35.220015],[139.620748,35.219883],[139.62157,35.221099],[139.620783,35.221455],[139.61925,35.22015],[139.61561,35.221974],[139.614118,35.222084],[139.614309,35.222568],[139.613439,35.223096],[139.611441,35.222843],[139.611381,35.222223],[139.608892,35.223352],[139.608521,35.222957],[139.609146,35.22256],[139.608261,35.22164],[139.608564,35.222128],[139.607633,35.222734],[139.60819,35.223146],[139.607422,35.223709],[139.60591,35.223761],[139.604226,35.223006],[139.603576,35.223627],[139.604005,35.224361],[139.60244,35.2255],[139.603548,35.226059],[139.60375,35.227167],[139.602494,35.230913],[139.603554,35.230308],[139.604078,35.231574],[139.60239,35.232822],[139.601071,35.232729],[139.600839,35.233499],[139.601702,35.234589],[139.599023,35.234553],[139.598718,35.235143],[139.598517,35.236566],[139.599072,35.234768],[139.599679,35.235012],[139.599462,35.236578],[139.600017,35.236424],[139.600418,35.237143],[139.599835,35.238887],[139.597354,35.240902],[139.596058,35.2405],[139.597088,35.241227],[139.596435,35.242444],[139.595192,35.243296],[139.594717,35.243385],[139.593962,35.244585],[139.592793,35.245082],[139.59187,35.244881],[139.591886,35.245041],[139.590085,35.245924],[139.591864,35.245328],[139.592283,35.246272],[139.591088,35.246417],[139.592051,35.246352],[139.591883,35.247358],[139.590445,35.247608],[139.59038,35.248319],[139.585915,35.251494],[139.580761,35.253718],[139.578053,35.253371],[139.582208,35.254916],[139.585724,35.253991],[139.586656,35.25536],[139.595852,35.256045],[139.59917,35.255426],[139.603462,35.258095],[139.605963,35.257358],[139.608501,35.258439],[139.613244,35.25773],[139.614404,35.259541],[139.616828,35.260099],[139.618332,35.261499],[139.621101,35.260937],[139.62168,35.25731],[139.623712,35.256001],[139.626859,35.255553],[139.629457,35.25836],[139.633241,35.259671],[139.634665,35.261119],[139.636046,35.261701],[139.638601,35.26156],[139.640767,35.26266],[139.63812,35.263693],[139.638495,35.264335],[139.637762,35.264818],[139.638643,35.270132],[139.641873,35.272384],[139.6395,35.272806],[139.63934,35.273638],[139.637838,35.273091],[139.636391,35.273779],[139.635248,35.273612],[139.633783,35.274787],[139.632179,35.274559],[139.627673,35.278961],[139.625246,35.279711],[139.623107,35.279269],[139.622872,35.2802],[139.621121,35.281385],[139.621012,35.282469],[139.62193,35.283059],[139.621041,35.284492],[139.621927,35.285521],[139.623752,35.285831],[139.623995,35.286615],[139.623822,35.288455],[139.621452,35.291229],[139.622462,35.292702],[139.622103,35.29463],[139.620176,35.296594],[139.618603,35.299668],[139.618251,35.30257],[139.614698,35.303705],[139.613645,35.30581],[139.612201,35.306392],[139.611208,35.310974],[139.609434,35.312502],[139.609947,35.314431],[139.612414,35.315932],[139.613028,35.316982],[139.614175,35.316574],[139.618065,35.317078],[139.619818,35.318076],[139.621146,35.317853],[139.624605,35.318735],[139.629639,35.323411],[139.630619,35.323327],[139.631603,35.325205],[139.631738,35.323],[139.632352,35.322889],[139.631924,35.322306],[139.634483,35.321973],[139.635171,35.322584],[139.635882,35.323372],[139.636838,35.324625],[139.636916,35.324508],[139.638651,35.32672],[139.638763,35.326685],[139.640732,35.330373],[139.649089,35.327316]]],[[[139.718388,35.263724],[139.718301,35.263712],[139.718267,35.263735],[139.718388,35.263724]]],[[[139.718186,35.263738],[139.718141,35.263787],[139.718225,35.263748],[139.718186,35.263738]]],[[[139.718506,35.263979],[139.718513,35.263954],[139.718382,35.263972],[139.718506,35.263979]]],[[[139.718221,35.264013],[139.718255,35.264012],[139.718241,35.263998],[139.718221,35.264013]]],[[[139.727766,35.264514],[139.727702,35.264545],[139.727764,35.264527],[139.727766,35.264514]]],[[[139.727732,35.2647],[139.727731,35.264719],[139.727746,35.264711],[139.727732,35.2647]]],[[[139.72771,35.264747],[139.727714,35.264768],[139.727725,35.264754],[139.72771,35.264747]]],[[[139.727677,35.264814],[139.727701,35.264834],[139.727728,35.264821],[139.727677,35.264814]]],[[[139.727126,35.265397],[139.726822,35.26541],[139.72683,35.265443],[139.727126,35.265397]]],[[[139.724588,35.265351],[139.725889,35.265703],[139.726025,35.265249],[139.725807,35.265594],[139.724588,35.265351]]],[[[139.698922,35.265723],[139.698345,35.266006],[139.698414,35.266073],[139.698922,35.265723]]],[[[139.689882,35.272637],[139.688131,35.274153],[139.688214,35.274212],[139.689882,35.272637]]],[[[139.700924,35.281627],[139.700897,35.281704],[139.700945,35.281693],[139.700924,35.281627]]],[[[139.68889,35.283494],[139.688925,35.283619],[139.688995,35.283477],[139.68889,35.283494]]],[[[139.690525,35.284314],[139.690781,35.284252],[139.690773,35.284165],[139.690525,35.284314]]],[[[139.689754,35.284963],[139.689753,35.284725],[139.68959,35.284902],[139.689754,35.284963]]],[[[139.692211,35.285441],[139.692543,35.285403],[139.692224,35.285367],[139.692211,35.285441]]],[[[139.695145,35.287876],[139.696437,35.286796],[139.694875,35.286045],[139.694427,35.284226],[139.69303,35.284229],[139.692938,35.285733],[139.695145,35.287876]]],[[[139.696239,35.287257],[139.69638,35.287331],[139.696323,35.28724],[139.696239,35.287257]]],[[[139.695575,35.287684],[139.695462,35.287757],[139.695471,35.287772],[139.695575,35.287684]]],[[[139.663051,35.297337],[139.663313,35.297258],[139.663044,35.297333],[139.663051,35.297337]]],[[[139.654116,35.305793],[139.653274,35.30632],[139.652735,35.305945],[139.654702,35.303935],[139.656744,35.303053],[139.656273,35.302456],[139.656959,35.301984],[139.655092,35.299925],[139.65535,35.300521],[139.654762,35.300022],[139.653784,35.300264],[139.652145,35.298787],[139.651354,35.298978],[139.652914,35.2967],[139.651113,35.296322],[139.650394,35.295542],[139.650889,35.294563],[139.649716,35.294271],[139.647293,35.2959],[139.643801,35.300614],[139.645214,35.300898],[139.647252,35.303946],[139.65002,35.305457],[139.650635,35.306889],[139.651842,35.307418],[139.654116,35.305793]]],[[[139.656899,35.303228],[139.656937,35.303242],[139.656933,35.303221],[139.656899,35.303228]]],[[[139.656639,35.303357],[139.656496,35.303353],[139.656487,35.303363],[139.656537,35.30338],[139.656639,35.303357]]],[[[139.655764,35.303846],[139.655781,35.303829],[139.65576,35.303832],[139.655764,35.303846]]],[[[139.655622,35.303871],[139.655603,35.303835],[139.655596,35.303859],[139.655622,35.303871]]],[[[139.655742,35.303885],[139.655729,35.303863],[139.655723,35.303869],[139.655742,35.303885]]],[[[139.655678,35.303915],[139.65571,35.303881],[139.65567,35.303883],[139.655678,35.303915]]],[[[139.655655,35.303905],[139.655638,35.303899],[139.655639,35.303918],[139.655655,35.303905]]],[[[139.675136,35.319119],[139.675016,35.319573],[139.672865,35.320712],[139.672023,35.321273],[139.675136,35.319119]]],[[[139.634455,35.322061],[139.634843,35.322326],[139.634477,35.322039],[139.634455,35.322061]]],[[[139.663887,35.324306],[139.669737,35.322384],[139.671319,35.321519],[139.663887,35.324306]]],[[[139.664418,35.325494],[139.66413,35.326349],[139.664489,35.325515],[139.664418,35.325494]]],[[[139.663085,35.328607],[139.663273,35.32834],[139.663203,35.328321],[139.663085,35.328607]]],[[[139.728663,35.225171],[139.728502,35.225318],[139.728442,35.225458],[139.728663,35.225171]]],[[[139.72895,35.225456],[139.728878,35.225558],[139.728941,35.225562],[139.72895,35.225456]]],[[[139.728872,35.225885],[139.728801,35.225781],[139.728804,35.225887],[139.728872,35.225885]]],[[[139.728856,35.226115],[139.728765,35.226208],[139.728832,35.226218],[139.728856,35.226115]]],[[[139.728666,35.228062],[139.728614,35.228049],[139.728654,35.228074],[139.728666,35.228062]]],[[[139.728732,35.228206],[139.728693,35.228205],[139.728714,35.228225],[139.728732,35.228206]]],[[[139.728669,35.228319],[139.728682,35.228276],[139.728655,35.228276],[139.728669,35.228319]]],[[[139.728614,35.228363],[139.728611,35.228308],[139.72858,35.228315],[139.728614,35.228363]]],[[[139.728706,35.228423],[139.728703,35.228379],[139.728654,35.228402],[139.728706,35.228423]]],[[[139.728753,35.228424],[139.728809,35.228407],[139.72877,35.228381],[139.728753,35.228424]]],[[[139.728591,35.228464],[139.728643,35.228427],[139.728582,35.228424],[139.728591,35.228464]]],[[[139.728842,35.228595],[139.728789,35.228582],[139.72883,35.228607],[139.728842,35.228595]]],[[[139.72899,35.228689],[139.729004,35.228646],[139.728977,35.228646],[139.72899,35.228689]]],[[[139.728771,35.228683],[139.728864,35.228667],[139.728774,35.228657],[139.728771,35.228683]]],[[[139.728985,35.228771],[139.728948,35.228777],[139.728977,35.228784],[139.728985,35.228771]]],[[[139.72934,35.228854],[139.729301,35.228853],[139.729322,35.228873],[139.72934,35.228854]]],[[[139.729356,35.228938],[139.729424,35.228906],[139.729354,35.228917],[139.729356,35.228938]]],[[[139.729291,35.229031],[139.729356,35.229015],[139.729351,35.228982],[139.729291,35.229031]]],[[[139.729433,35.229024],[139.729391,35.22903],[139.729411,35.229044],[139.729433,35.229024]]],[[[139.730114,35.229852],[139.730101,35.229817],[139.730097,35.229858],[139.730114,35.229852]]],[[[139.730105,35.229926],[139.730071,35.229924],[139.730098,35.22994],[139.730105,35.229926]]],[[[139.730143,35.22994],[139.730204,35.229938],[139.730197,35.22991],[139.730143,35.22994]]],[[[139.728506,35.230538],[139.728581,35.230562],[139.728575,35.230504],[139.728506,35.230538]]],[[[139.728814,35.231425],[139.72878,35.231442],[139.728786,35.231475],[139.728814,35.231425]]],[[[139.729698,35.232625],[139.729727,35.232585],[139.729717,35.232582],[139.729698,35.232625]]],[[[139.72956,35.232683],[139.729611,35.232661],[139.729528,35.232659],[139.72956,35.232683]]],[[[139.729722,35.232707],[139.729804,35.232675],[139.729807,35.232653],[139.729722,35.232707]]],[[[139.729509,35.2329],[139.729626,35.232832],[139.729502,35.232821],[139.729509,35.2329]]],[[[139.729439,35.233163],[139.729384,35.233096],[139.72928,35.233098],[139.729362,35.233165],[139.729439,35.233163]]],[[[139.729561,35.233088],[139.729517,35.233162],[139.729649,35.233193],[139.729561,35.233088]]],[[[139.729125,35.233244],[139.729161,35.233229],[139.729146,35.233225],[139.729125,35.233244]]],[[[139.729057,35.233288],[139.729101,35.233241],[139.729016,35.233214],[139.729057,35.233288]]],[[[139.729037,35.233312],[139.729054,35.23339],[139.729071,35.233336],[139.729037,35.233312]]],[[[139.729226,35.233382],[139.729231,35.233458],[139.729287,35.233467],[139.729226,35.233382]]],[[[139.728898,35.233479],[139.728858,35.233487],[139.728891,35.2335],[139.728898,35.233479]]],[[[139.729069,35.233561],[139.729083,35.233478],[139.729045,35.233477],[139.729069,35.233561]]],[[[139.734671,35.243067],[139.734717,35.243331],[139.734822,35.243355],[139.734671,35.243067]]],[[[139.734987,35.243507],[139.734774,35.243503],[139.734815,35.243648],[139.734987,35.243507]]],[[[139.734152,35.245392],[139.734181,35.245345],[139.734163,35.245329],[139.734152,35.245392]]],[[[139.734186,35.245391],[139.734257,35.245378],[139.734256,35.245359],[139.734186,35.245391]]],[[[139.734968,35.262741],[139.734977,35.262773],[139.734986,35.262771],[139.734968,35.262741]]],[[[139.732646,35.262871],[139.732599,35.262798],[139.732568,35.262868],[139.732646,35.262871]]],[[[139.732533,35.262946],[139.732385,35.262955],[139.732395,35.262997],[139.732533,35.262946]]],[[[139.732567,35.262874],[139.73262,35.262904],[139.732646,35.262875],[139.732567,35.262874]]],[[[139.727816,35.264691],[139.727785,35.264688],[139.727812,35.264702],[139.727816,35.264691]]],[[[139.727875,35.265398],[139.727845,35.265386],[139.727849,35.26541],[139.727875,35.265398]]],[[[139.727775,35.265405],[139.727756,35.265408],[139.727769,35.265422],[139.727775,35.265405]]],[[[139.727949,35.265483],[139.727984,35.265467],[139.727946,35.265475],[139.727949,35.265483]]],[[[139.733723,35.265471],[139.733815,35.265504],[139.733797,35.265469],[139.733723,35.265471]]],[[[139.733758,35.265569],[139.733837,35.265562],[139.733825,35.26553],[139.733758,35.265569]]],[[[139.733654,35.265511],[139.733562,35.265557],[139.733536,35.265601],[139.733654,35.265511]]],[[[139.728095,35.265622],[139.728065,35.265715],[139.728131,35.265673],[139.728095,35.265622]]],[[[139.73388,35.26561],[139.733865,35.265743],[139.733938,35.265671],[139.73388,35.26561]]],[[[139.733525,35.265718],[139.733554,35.265674],[139.73354,35.265673],[139.733525,35.265718]]],[[[139.734008,35.265751],[139.733974,35.265685],[139.733957,35.265734],[139.734008,35.265751]]],[[[139.733955,35.265835],[139.734007,35.265826],[139.733957,35.265807],[139.733955,35.265835]]],[[[139.734046,35.265851],[139.73402,35.265822],[139.734021,35.265861],[139.734046,35.265851]]],[[[139.733364,35.265919],[139.733391,35.265832],[139.733346,35.265908],[139.733364,35.265919]]],[[[139.731267,35.265985],[139.731279,35.265896],[139.731137,35.265999],[139.731267,35.265985]]],[[[139.733425,35.265943],[139.733516,35.265986],[139.733499,35.265944],[139.733425,35.265943]]],[[[139.731282,35.266144],[139.731159,35.266112],[139.73119,35.266196],[139.731282,35.266144]]],[[[139.729083,35.266234],[139.729302,35.266114],[139.729238,35.266043],[139.729083,35.266234]]],[[[139.732934,35.266333],[139.732937,35.266191],[139.732803,35.266279],[139.732934,35.266333]]],[[[139.732822,35.266344],[139.732665,35.266228],[139.732704,35.266349],[139.732822,35.266344]]],[[[139.731948,35.266467],[139.73197,35.266419],[139.731938,35.266443],[139.731948,35.266467]]],[[[139.73271,35.266573],[139.732755,35.266605],[139.732753,35.266563],[139.73271,35.266573]]],[[[139.732933,35.266646],[139.732953,35.266693],[139.732973,35.266681],[139.732933,35.266646]]],[[[139.733032,35.266738],[139.733047,35.266701],[139.733006,35.266702],[139.733032,35.266738]]],[[[139.732481,35.267438],[139.732509,35.267573],[139.732581,35.267557],[139.732481,35.267438]]],[[[139.735125,35.212131],[139.735051,35.212045],[139.735062,35.212242],[139.735125,35.212131]]],[[[139.735441,35.212344],[139.735549,35.212181],[139.735446,35.212146],[139.735441,35.212344]]],[[[139.735427,35.244189],[139.735318,35.24418],[139.735314,35.244242],[139.735427,35.244189]]],[[[139.735111,35.244282],[139.735101,35.244218],[139.735072,35.244269],[139.735111,35.244282]]],[[[139.737522,35.247412],[139.737476,35.247494],[139.737618,35.24738],[139.737522,35.247412]]],[[[139.736768,35.24768],[139.736679,35.247763],[139.736799,35.24769],[139.736768,35.24768]]],[[[139.738651,35.248278],[139.738179,35.248289],[139.738247,35.248503],[139.738651,35.248278]]],[[[139.739335,35.249411],[139.739455,35.24947],[139.739398,35.249376],[139.739335,35.249411]]],[[[139.739639,35.249481],[139.739584,35.249598],[139.739756,35.249511],[139.739639,35.249481]]],[[[139.739272,35.249451],[139.739199,35.249643],[139.739334,35.249614],[139.739272,35.249451]]],[[[139.739328,35.249696],[139.73942,35.249704],[139.739416,35.249677],[139.739328,35.249696]]],[[[139.739172,35.249789],[139.739255,35.249748],[139.739199,35.249713],[139.739172,35.249789]]],[[[139.73864,35.249826],[139.738675,35.24979],[139.738614,35.249799],[139.73864,35.249826]]],[[[139.739266,35.249962],[139.739325,35.249974],[139.739311,35.249947],[139.739266,35.249962]]],[[[139.739959,35.250142],[139.739672,35.250123],[139.739645,35.250281],[139.739959,35.250142]]],[[[139.739519,35.25018],[139.739604,35.250236],[139.739614,35.250207],[139.739519,35.25018]]],[[[139.74,35.250455],[139.739974,35.250414],[139.739961,35.250446],[139.74,35.250455]]],[[[139.740269,35.250458],[139.740195,35.250526],[139.740318,35.250506],[139.740269,35.250458]]],[[[139.743415,35.251528],[139.743416,35.251476],[139.743304,35.251537],[139.743415,35.251528]]],[[[139.743722,35.251584],[139.743682,35.251613],[139.743795,35.251567],[139.743722,35.251584]]],[[[139.744319,35.251645],[139.744363,35.251776],[139.7444,35.251667],[139.744319,35.251645]]],[[[139.743688,35.251836],[139.743569,35.251891],[139.743715,35.251831],[139.743688,35.251836]]],[[[139.743823,35.252057],[139.743951,35.252021],[139.743959,35.252008],[139.743823,35.252057]]],[[[139.746065,35.252513],[139.746588,35.252269],[139.746756,35.252192],[139.746496,35.252241],[139.746065,35.252513]]],[[[139.745859,35.252735],[139.745708,35.252658],[139.745625,35.252842],[139.745859,35.252735]]],[[[139.746046,35.253132],[139.745955,35.253033],[139.745847,35.253171],[139.746046,35.253132]]],[[[139.74719,35.253411],[139.747205,35.253472],[139.747256,35.253439],[139.74719,35.253411]]],[[[139.746255,35.254355],[139.746194,35.254235],[139.746131,35.254289],[139.746255,35.254355]]],[[[139.745898,35.254581],[139.745924,35.254636],[139.745987,35.254567],[139.745898,35.254581]]],[[[139.745352,35.256811],[139.745388,35.256791],[139.745352,35.256794],[139.745352,35.256811]]],[[[139.744594,35.25804],[139.744684,35.258008],[139.74463,35.257975],[139.744594,35.25804]]],[[[139.742455,35.258561],[139.74244,35.258542],[139.742431,35.258552],[139.742455,35.258561]]],[[[139.742084,35.258635],[139.742089,35.258606],[139.742072,35.258634],[139.742084,35.258635]]],[[[139.742232,35.258638],[139.742302,35.258638],[139.742294,35.258612],[139.742232,35.258638]]],[[[139.742583,35.258633],[139.742545,35.258694],[139.742596,35.258634],[139.742583,35.258633]]],[[[139.742473,35.258689],[139.742465,35.258712],[139.742494,35.258693],[139.742473,35.258689]]],[[[139.742497,35.258718],[139.742531,35.258709],[139.742526,35.258693],[139.742497,35.258718]]],[[[139.741621,35.258786],[139.741533,35.258745],[139.74154,35.258796],[139.741621,35.258786]]],[[[139.742631,35.258778],[139.742584,35.258794],[139.742587,35.258817],[139.742631,35.258778]]],[[[139.742839,35.259039],[139.742702,35.259119],[139.742824,35.259129],[139.742839,35.259039]]],[[[139.743209,35.259193],[139.743274,35.259178],[139.743258,35.259166],[139.743209,35.259193]]],[[[139.743544,35.259203],[139.74344,35.25926],[139.743558,35.259239],[139.743544,35.259203]]],[[[139.743332,35.259262],[139.743339,35.259218],[139.743304,35.259249],[139.743332,35.259262]]],[[[139.743186,35.259302],[139.743223,35.259239],[139.743171,35.25926],[139.743186,35.259302]]],[[[139.743238,35.259392],[139.74334,35.259385],[139.743321,35.259298],[139.743238,35.259392]]],[[[139.740481,35.259903],[139.740537,35.259887],[139.740516,35.259862],[139.740481,35.259903]]],[[[139.740651,35.259892],[139.740655,35.259971],[139.74067,35.259889],[139.740651,35.259892]]],[[[139.739798,35.260176],[139.739835,35.260153],[139.739805,35.26015],[139.739798,35.260176]]],[[[139.739828,35.260242],[139.739795,35.260229],[139.739798,35.260254],[139.739828,35.260242]]],[[[139.739688,35.261362],[139.73968,35.261428],[139.739732,35.261372],[139.739688,35.261362]]],[[[139.739539,35.261511],[139.739522,35.261494],[139.739521,35.26151],[139.739539,35.261511]]],[[[139.739573,35.261527],[139.739614,35.261519],[139.739572,35.261518],[139.739573,35.261527]]],[[[139.739185,35.261721],[139.739094,35.261786],[139.739215,35.261722],[139.739185,35.261721]]],[[[139.739087,35.261828],[139.739072,35.261804],[139.739065,35.261813],[139.739087,35.261828]]],[[[139.739255,35.261932],[139.739376,35.261699],[139.739136,35.261842],[139.739255,35.261932]]],[[[139.739038,35.261848],[139.739026,35.261828],[139.739021,35.261854],[139.739038,35.261848]]],[[[139.738527,35.261929],[139.738566,35.261911],[139.738526,35.261913],[139.738527,35.261929]]],[[[139.737747,35.261972],[139.737788,35.261982],[139.737789,35.261964],[139.737747,35.261972]]],[[[139.738156,35.262065],[139.738116,35.262064],[139.738156,35.262073],[139.738156,35.262065]]],[[[139.739199,35.262115],[139.739155,35.262104],[139.739156,35.262126],[139.739199,35.262115]]],[[[139.737865,35.262151],[139.738063,35.262164],[139.738137,35.262112],[139.737865,35.262151]]],[[[139.739179,35.262164],[139.739197,35.262132],[139.73916,35.262143],[139.739179,35.262164]]],[[[139.738049,35.262223],[139.738037,35.262204],[139.738019,35.262214],[139.738049,35.262223]]],[[[139.735271,35.26277],[139.735292,35.262863],[139.735355,35.262771],[139.735271,35.26277]]],[[[139.735153,35.262848],[139.735214,35.262886],[139.735244,35.262886],[139.735182,35.262832],[139.735112,35.262832],[139.735153,35.262848]]],[[[139.735186,35.262896],[139.735162,35.262886],[139.73508,35.262891],[139.735186,35.262896]]],[[[139.735943,35.262989],[139.735901,35.262929],[139.73589,35.262987],[139.735943,35.262989]]],[[[139.735575,35.263364],[139.735629,35.26323],[139.735594,35.263215],[139.735575,35.263364]]],[[[139.735889,35.264117],[139.73595,35.263732],[139.73537,35.264446],[139.735889,35.264117]]]]}},{"type":"Feature","properties":{"N03_007":"14203","N03_001":"神奈川県","nam_ja":"平塚市"},"geometry":{"type":"MultiPolygon","coordinates":[[[[139.368824,35.313658],[139.368708,35.313012],[139.368757,35.31366],[139.368824,35.313658]]],[[[139.354966,35.403807],[139.356502,35.403799],[139.356507,35.399687],[139.357781,35.399691],[139.357767,35.395812],[139.35903,35.395802],[139.359014,35.394805],[139.369032,35.394814],[139.369355,35.393538],[139.370636,35.393454],[139.370604,35.394998],[139.373469,35.3945],[139.374656,35.3883],[139.370896,35.367846],[139.369628,35.366917],[139.36864,35.363232],[139.371871,35.361342],[139.372114,35.355356],[139.370537,35.354961],[139.370438,35.351164],[139.368749,35.343971],[139.369562,35.340067],[139.371753,35.339827],[139.372448,35.340308],[139.374821,35.339827],[139.375212,35.338587],[139.373914,35.336608],[139.371258,35.335239],[139.371556,35.329983],[139.369352,35.329783],[139.369438,35.323266],[139.3735,35.319335],[139.374361,35.315333],[139.367869,35.314173],[139.367925,35.313301],[139.366898,35.313336],[139.366657,35.312673],[139.363848,35.311448],[139.366475,35.312809],[139.366484,35.314481],[139.36505,35.314309],[139.365451,35.312803],[139.364495,35.312902],[139.364941,35.314308],[139.363859,35.314467],[139.3642,35.312297],[139.363687,35.314644],[139.358365,35.315085],[139.340412,35.313832],[139.330043,35.312119],[139.328402,35.316345],[139.329154,35.320954],[139.331629,35.320969],[139.33407,35.323194],[139.332884,35.325096],[139.332104,35.324831],[139.33109,35.326157],[139.327766,35.324867],[139.324172,35.328329],[139.323303,35.325629],[139.318678,35.3251],[139.318864,35.322489],[139.315126,35.322775],[139.312342,35.322107],[139.307614,35.319423],[139.305451,35.319192],[139.304691,35.320164],[139.308845,35.321357],[139.307137,35.322036],[139.300984,35.321845],[139.299378,35.322347],[139.298151,35.32387],[139.293773,35.324832],[139.296022,35.327738],[139.295748,35.331025],[139.291513,35.330231],[139.289518,35.330769],[139.284367,35.330131],[139.28286,35.330493],[139.283589,35.332459],[139.282731,35.333592],[139.281805,35.333107],[139.280694,35.333483],[139.279445,35.332515],[139.273717,35.333917],[139.263706,35.334439],[139.261594,35.333956],[139.259115,35.330731],[139.256125,35.329536],[139.251507,35.328681],[139.246181,35.331691],[139.246596,35.333396],[139.244534,35.336031],[139.244229,35.335373],[139.240327,35.335059],[139.241384,35.336384],[139.240074,35.336055],[139.240539,35.336471],[139.239872,35.336521],[139.240425,35.342672],[139.239105,35.342976],[139.23874,35.346439],[139.240227,35.346745],[139.240748,35.34783],[139.251191,35.354087],[139.261787,35.356861],[139.267093,35.356223],[139.273946,35.36798],[139.273649,35.370277],[139.274799,35.372638],[139.277156,35.373239],[139.28267,35.372854],[139.283805,35.374229],[139.285526,35.373397],[139.287337,35.37378],[139.291825,35.373342],[139.291026,35.380931],[139.290385,35.381397],[139.295425,35.381694],[139.300617,35.381111],[139.3016,35.383351],[139.30178,35.386613],[139.302763,35.388213],[139.30342,35.387903],[139.302274,35.385456],[139.303977,35.383165],[139.308194,35.381731],[139.30771,35.38029],[139.309679,35.380311],[139.310205,35.378807],[139.313286,35.378147],[139.315312,35.375135],[139.314765,35.374397],[139.316426,35.371209],[139.318256,35.370853],[139.31822,35.370006],[139.321596,35.369415],[139.318919,35.37754],[139.31855,35.381801],[139.319645,35.383223],[139.322132,35.380676],[139.323987,35.38058],[139.325038,35.378934],[139.326497,35.381303],[139.331665,35.380696],[139.333005,35.381373],[139.334771,35.384611],[139.343879,35.380026],[139.345877,35.388638],[139.348245,35.388297],[139.3485,35.387361],[139.348451,35.383638],[139.346944,35.37897],[139.347875,35.378827],[139.353372,35.381587],[139.355521,35.383967],[139.357365,35.389337],[139.357212,35.391347],[139.353645,35.394693],[139.355018,35.394911],[139.354966,35.403807]]]]}},{"type":"Feature","properties":{"N03_007":"14204","N03_001":"神奈川県","nam_ja":"鎌倉市"},"geometry":{"type":"MultiPolygon","coordinates":[[[[139.550923,35.300755],[139.550302,35.300536],[139.550329,35.300713],[139.550923,35.300755]]],[[[139.50447,35.36722],[139.513827,35.362465],[139.519059,35.36146],[139.520074,35.361992],[139.521327,35.361651],[139.522898,35.360551],[139.525755,35.356793],[139.527951,35.356802],[139.529412,35.358372],[139.53086,35.356966],[139.530854,35.354106],[139.533744,35.355017],[139.536255,35.354866],[139.537478,35.357199],[139.542098,35.357013],[139.544215,35.362996],[139.546952,35.362586],[139.54757,35.361611],[139.548742,35.36122],[139.548999,35.360297],[139.54726,35.35793],[139.548477,35.355437],[139.550315,35.35483],[139.552065,35.352723],[139.553994,35.351947],[139.557629,35.347114],[139.559369,35.347099],[139.561167,35.34618],[139.569907,35.347247],[139.572938,35.342358],[139.573623,35.336915],[139.575937,35.335871],[139.579358,35.336277],[139.581754,35.334894],[139.583944,35.336269],[139.588864,35.33639],[139.589445,35.332219],[139.58871,35.330047],[139.590033,35.3287],[139.589699,35.327987],[139.590857,35.327494],[139.591084,35.325223],[139.59303,35.323908],[139.593082,35.32027],[139.590716,35.319651],[139.588746,35.320374],[139.587333,35.320237],[139.585828,35.319031],[139.585336,35.317417],[139.5838,35.316515],[139.580955,35.316398],[139.577288,35.313954],[139.572863,35.312994],[139.568791,35.312859],[139.569114,35.310407],[139.567779,35.309271],[139.560088,35.307268],[139.557638,35.305105],[139.556592,35.305075],[139.556538,35.302593],[139.553508,35.30118],[139.552849,35.301536],[139.55234,35.299569],[139.551905,35.299406],[139.552715,35.301535],[139.551327,35.303878],[139.54497,35.308012],[139.539353,35.309402],[139.53438,35.308595],[139.533484,35.306953],[139.534871,35.3065],[139.533447,35.306888],[139.531667,35.303749],[139.526868,35.302626],[139.525764,35.301626],[139.522861,35.302861],[139.516602,35.303231],[139.509643,35.305011],[139.501545,35.30622],[139.496648,35.30648],[139.49397,35.305561],[139.492752,35.306054],[139.492621,35.304926],[139.490386,35.304746],[139.492133,35.304917],[139.492248,35.305657],[139.491542,35.305656],[139.492165,35.305692],[139.492612,35.306856],[139.491695,35.307211],[139.490734,35.305592],[139.49166,35.30723],[139.48867,35.307588],[139.488947,35.30934],[139.491111,35.311464],[139.490709,35.312501],[139.491475,35.313535],[139.493564,35.315002],[139.49455,35.316971],[139.496572,35.318136],[139.497137,35.324695],[139.500566,35.327986],[139.501583,35.330367],[139.502709,35.331314],[139.502894,35.332788],[139.504702,35.333488],[139.509531,35.333463],[139.516834,35.341367],[139.516002,35.341482],[139.516768,35.342089],[139.515963,35.343197],[139.511098,35.344172],[139.509827,35.342859],[139.510509,35.344709],[139.509588,35.345051],[139.509549,35.346024],[139.51181,35.347529],[139.510571,35.350155],[139.50895,35.349307],[139.508336,35.350756],[139.508772,35.351709],[139.507459,35.350817],[139.507353,35.352389],[139.505732,35.352493],[139.50406,35.351005],[139.504436,35.353503],[139.503442,35.355377],[139.500766,35.356822],[139.495828,35.357277],[139.495079,35.3581],[139.496257,35.358717],[139.497972,35.36227],[139.498851,35.362387],[139.499581,35.363883],[139.500405,35.363652],[139.500819,35.364141],[139.502591,35.367548],[139.50447,35.36722]]]]}},{"type":"Feature","properties":{"N03_007":"14205","N03_001":"神奈川県","nam_ja":"藤沢市"},"geometry":{"type":"MultiPolygon","coordinates":[[[[139.477072,35.297228],[139.477026,35.297232],[139.477041,35.297259],[139.477072,35.297228]]],[[[139.476486,35.297286],[139.4765,35.297285],[139.476489,35.297281],[139.476486,35.297286]]],[[[139.476515,35.297302],[139.476526,35.297308],[139.476527,35.297301],[139.476515,35.297302]]],[[[139.476492,35.297325],[139.476488,35.297314],[139.476485,35.297318],[139.476492,35.297325]]],[[[139.476513,35.297343],[139.476522,35.297343],[139.476518,35.29734],[139.476513,35.297343]]],[[[139.476502,35.297353],[139.476511,35.29735],[139.476506,35.297346],[139.476502,35.297353]]],[[[139.477009,35.297344],[139.477048,35.29738],[139.477031,35.297323],[139.477009,35.297344]]],[[[139.476551,35.297367],[139.476542,35.297366],[139.476547,35.297371],[139.476551,35.297367]]],[[[139.47715,35.29736],[139.477115,35.297322],[139.47709,35.297411],[139.477122,35.297361],[139.47715,35.29736]]],[[[139.476477,35.297368],[139.476489,35.297368],[139.476482,35.297362],[139.476477,35.297368]]],[[[139.477142,35.297369],[139.477119,35.297399],[139.477141,35.297386],[139.477129,35.297448],[139.477163,35.297403],[139.477142,35.297369]]],[[[139.476124,35.297445],[139.476149,35.297493],[139.476137,35.297439],[139.476124,35.297445]]],[[[139.476844,35.297488],[139.476841,35.297631],[139.476858,35.297481],[139.476844,35.297488]]],[[[139.47639,35.297561],[139.476411,35.297566],[139.476401,35.297556],[139.47639,35.297561]]],[[[139.475595,35.297674],[139.4758,35.297507],[139.475753,35.297468],[139.475595,35.297674]]],[[[139.476127,35.297608],[139.476161,35.297623],[139.476148,35.297594],[139.476127,35.297608]]],[[[139.476854,35.297914],[139.477064,35.297564],[139.477013,35.29748],[139.476854,35.297914]]],[[[139.476274,35.297604],[139.476181,35.297741],[139.47619,35.297804],[139.476274,35.297604]]],[[[139.475237,35.297717],[139.475234,35.29771],[139.475233,35.297713],[139.475237,35.297717]]],[[[139.475258,35.297719],[139.475256,35.297715],[139.475254,35.297717],[139.475258,35.297719]]],[[[139.475216,35.297723],[139.475225,35.297726],[139.475224,35.297722],[139.475216,35.297723]]],[[[139.475247,35.29773],[139.475252,35.297728],[139.475247,35.297727],[139.475247,35.29773]]],[[[139.475231,35.297741],[139.475233,35.297736],[139.475231,35.297736],[139.475231,35.297741]]],[[[139.475186,35.297787],[139.475184,35.297784],[139.475184,35.297788],[139.475186,35.297787]]],[[[139.475191,35.297788],[139.475196,35.297789],[139.475194,35.297786],[139.475191,35.297788]]],[[[139.475179,35.297791],[139.475182,35.297788],[139.475179,35.297787],[139.475179,35.297791]]],[[[139.475184,35.297801],[139.475187,35.297796],[139.475184,35.297796],[139.475184,35.297801]]],[[[139.475948,35.297876],[139.475959,35.297889],[139.475956,35.297873],[139.475948,35.297876]]],[[[139.476089,35.297816],[139.476031,35.297936],[139.476055,35.297965],[139.476089,35.297816]]],[[[139.475144,35.297895],[139.474941,35.298013],[139.475022,35.298061],[139.475144,35.297895]]],[[[139.476158,35.298011],[139.476167,35.298002],[139.476158,35.298001],[139.476158,35.298011]]],[[[139.476083,35.298024],[139.476141,35.298054],[139.476123,35.298011],[139.476083,35.298024]]],[[[139.476093,35.298091],[139.476093,35.298109],[139.476114,35.2981],[139.476093,35.298091]]],[[[139.474315,35.299209],[139.474335,35.299229],[139.474325,35.2992],[139.474315,35.299209]]],[[[139.474297,35.29925],[139.474311,35.299234],[139.474301,35.299219],[139.474297,35.29925]]],[[[139.474193,35.299385],[139.474231,35.299421],[139.474222,35.299371],[139.474193,35.299385]]],[[[139.474354,35.299403],[139.474288,35.299499],[139.474309,35.299539],[139.474354,35.299403]]],[[[139.474961,35.300095],[139.474986,35.299852],[139.4749,35.300085],[139.474961,35.300095]]],[[[139.470736,35.423554],[139.472776,35.424147],[139.473313,35.422569],[139.476728,35.421565],[139.478038,35.419935],[139.47795,35.416825],[139.475997,35.414466],[139.47569,35.409729],[139.476401,35.404758],[139.474819,35.402057],[139.477717,35.398738],[139.478496,35.392261],[139.480378,35.391182],[139.481354,35.389368],[139.48367,35.388434],[139.485598,35.384864],[139.48589,35.382382],[139.492114,35.379115],[139.493638,35.375094],[139.493006,35.373688],[139.489398,35.371136],[139.48892,35.366614],[139.486614,35.363014],[139.485732,35.359514],[139.48914,35.358495],[139.489801,35.359038],[139.492449,35.358681],[139.495828,35.357277],[139.500766,35.356822],[139.502615,35.355987],[139.504436,35.353503],[139.50406,35.351005],[139.505732,35.352493],[139.507353,35.352389],[139.507402,35.350843],[139.508585,35.351813],[139.508963,35.351409],[139.508336,35.350756],[139.509185,35.349137],[139.510314,35.350128],[139.51112,35.349673],[139.511175,35.347865],[139.511805,35.347455],[139.509549,35.346024],[139.509588,35.345051],[139.510509,35.344709],[139.509827,35.342859],[139.511098,35.344172],[139.515963,35.343197],[139.516768,35.342089],[139.516002,35.341482],[139.516834,35.341367],[139.509647,35.333536],[139.504702,35.333488],[139.502894,35.332788],[139.502709,35.331314],[139.501583,35.330367],[139.500566,35.327986],[139.497137,35.324695],[139.497119,35.319737],[139.496462,35.317959],[139.49455,35.316971],[139.493564,35.315002],[139.490831,35.312754],[139.491111,35.311464],[139.489113,35.309697],[139.48867,35.307588],[139.484914,35.306434],[139.483197,35.305165],[139.483012,35.304327],[139.481292,35.304778],[139.481421,35.306124],[139.480398,35.305129],[139.479759,35.305105],[139.481618,35.306703],[139.480629,35.306861],[139.480765,35.307527],[139.478921,35.304772],[139.480143,35.307136],[139.47832,35.309927],[139.473681,35.313171],[139.470782,35.314323],[139.454461,35.317801],[139.438045,35.319146],[139.442151,35.329867],[139.443506,35.33179],[139.442419,35.333302],[139.443776,35.335109],[139.444146,35.340529],[139.442671,35.344775],[139.442596,35.347337],[139.43984,35.352592],[139.437331,35.354078],[139.435712,35.35956],[139.436531,35.360952],[139.436592,35.363502],[139.43996,35.365173],[139.441395,35.368458],[139.439232,35.369628],[139.438083,35.368599],[139.436341,35.368716],[139.433591,35.3679],[139.432677,35.369976],[139.433985,35.370651],[139.432986,35.373627],[139.431711,35.372655],[139.430567,35.370076],[139.428446,35.370624],[139.429765,35.373229],[139.429183,35.373609],[139.430131,35.37428],[139.432483,35.379517],[139.430676,35.382223],[139.430696,35.384922],[139.425756,35.383736],[139.415926,35.384688],[139.412515,35.382383],[139.406716,35.380001],[139.405007,35.377299],[139.404126,35.377651],[139.403328,35.379551],[139.401647,35.380121],[139.401748,35.382698],[139.399643,35.384516],[139.401787,35.386668],[139.40312,35.39013],[139.398397,35.390549],[139.397852,35.391169],[139.395898,35.389918],[139.395815,35.394861],[139.396842,35.396607],[139.393983,35.397642],[139.395493,35.401285],[139.397685,35.401581],[139.401179,35.400649],[139.402134,35.402414],[139.403354,35.401927],[139.406842,35.407537],[139.410552,35.411344],[139.411745,35.41424],[139.413341,35.415712],[139.412579,35.418148],[139.412917,35.41906],[139.424094,35.416265],[139.424909,35.419719],[139.42946,35.419652],[139.434001,35.418547],[139.436359,35.416372],[139.442543,35.413116],[139.441215,35.409301],[139.442449,35.407487],[139.447697,35.407315],[139.448838,35.407555],[139.448782,35.408865],[139.451832,35.410861],[139.457578,35.411391],[139.455277,35.412573],[139.456555,35.414794],[139.455984,35.415627],[139.456845,35.416522],[139.452136,35.421607],[139.448719,35.423462],[139.443645,35.427607],[139.445156,35.428581],[139.449745,35.427611],[139.449818,35.427136],[139.457243,35.424717],[139.459358,35.42503],[139.459821,35.423575],[139.461083,35.422747],[139.464306,35.423498],[139.464302,35.424401],[139.466079,35.424192],[139.465818,35.427277],[139.46438,35.428725],[139.466034,35.4291],[139.46732,35.423645],[139.470736,35.423554]]],[[[139.477425,35.297487],[139.47744,35.297502],[139.477441,35.297479],[139.477425,35.297487]]],[[[139.477312,35.297498],[139.477323,35.297493],[139.477315,35.297489],[139.477312,35.297498]]],[[[139.47739,35.297511],[139.477369,35.29749],[139.477372,35.29751],[139.47739,35.297511]]],[[[139.477327,35.297498],[139.477344,35.297504],[139.477345,35.297499],[139.477327,35.297498]]],[[[139.477685,35.297806],[139.477664,35.297892],[139.477687,35.297897],[139.477685,35.297806]]],[[[139.477911,35.298183],[139.477757,35.297469],[139.477867,35.298302],[139.477911,35.298183]]],[[[139.478364,35.297977],[139.478303,35.298074],[139.478361,35.298109],[139.478364,35.297977]]],[[[139.477715,35.29791],[139.477675,35.298072],[139.477705,35.298127],[139.477715,35.29791]]],[[[139.478273,35.298085],[139.478353,35.298119],[139.47828,35.298066],[139.478273,35.298085]]],[[[139.478262,35.298237],[139.478298,35.29823],[139.478269,35.2982],[139.478262,35.298237]]],[[[139.47795,35.298269],[139.477953,35.298311],[139.477962,35.298253],[139.47795,35.298269]]],[[[139.478274,35.29831],[139.478277,35.298318],[139.478282,35.298311],[139.478274,35.29831]]],[[[139.47796,35.298345],[139.477969,35.29835],[139.477966,35.298344],[139.47796,35.298345]]],[[[139.478294,35.298359],[139.478307,35.298363],[139.478303,35.298354],[139.478294,35.298359]]],[[[139.478255,35.298392],[139.478294,35.298397],[139.478255,35.298382],[139.478255,35.298392]]],[[[139.478276,35.298409],[139.47828,35.298404],[139.478274,35.298406],[139.478276,35.298409]]],[[[139.477983,35.298416],[139.477979,35.298412],[139.47798,35.298417],[139.477983,35.298416]]],[[[139.477876,35.298429],[139.47793,35.298409],[139.477889,35.298382],[139.477876,35.298429]]],[[[139.477993,35.298429],[139.477938,35.298466],[139.477995,35.298469],[139.477993,35.298429]]],[[[139.478028,35.298442],[139.478038,35.298437],[139.478033,35.298436],[139.478028,35.298442]]],[[[139.478085,35.29845],[139.478108,35.298446],[139.478082,35.298439],[139.478085,35.29845]]],[[[139.478079,35.298499],[139.478092,35.298494],[139.47808,35.298491],[139.478079,35.298499]]],[[[139.47826,35.29852],[139.478269,35.298509],[139.478256,35.298512],[139.47826,35.29852]]],[[[139.477988,35.298669],[139.478001,35.29866],[139.477984,35.298664],[139.477988,35.298669]]],[[[139.477653,35.300613],[139.477662,35.300614],[139.477655,35.300607],[139.477653,35.300613]]],[[[139.477896,35.300662],[139.4779,35.300656],[139.477895,35.300657],[139.477896,35.300662]]],[[[139.477904,35.300666],[139.477912,35.300665],[139.477907,35.300664],[139.477904,35.300666]]],[[[139.477934,35.300691],[139.47794,35.300693],[139.47794,35.30069],[139.477934,35.300691]]],[[[139.477954,35.300702],[139.477953,35.3007],[139.477952,35.300702],[139.477954,35.300702]]],[[[139.477963,35.300723],[139.477961,35.300721],[139.47796,35.300723],[139.477963,35.300723]]],[[[139.477968,35.300746],[139.477974,35.300748],[139.477972,35.300745],[139.477968,35.300746]]],[[[139.477939,35.300988],[139.477959,35.301],[139.477964,35.300986],[139.477939,35.300988]]],[[[139.478051,35.301039],[139.478049,35.301037],[139.478049,35.301039],[139.478051,35.301039]]],[[[139.477935,35.301059],[139.477941,35.301076],[139.477949,35.301058],[139.477935,35.301059]]],[[[139.478039,35.301129],[139.478063,35.301129],[139.478041,35.30112],[139.478039,35.301129]]],[[[139.47797,35.301129],[139.477995,35.301135],[139.477996,35.301129],[139.47797,35.301129]]],[[[139.477995,35.301161],[139.478013,35.301158],[139.477995,35.301158],[139.477995,35.301161]]],[[[139.478118,35.301149],[139.478145,35.30117],[139.478151,35.301154],[139.478118,35.301149]]],[[[139.478318,35.30119],[139.478319,35.301156],[139.478302,35.301166],[139.478318,35.30119]]],[[[139.479355,35.297306],[139.479363,35.297113],[139.479285,35.297141],[139.479355,35.297306]]],[[[139.479455,35.297342],[139.479473,35.297353],[139.479475,35.297346],[139.479455,35.297342]]],[[[139.479404,35.297494],[139.479485,35.297379],[139.47926,35.297284],[139.479404,35.297494]]],[[[139.479066,35.29745],[139.479007,35.297486],[139.479052,35.297495],[139.479066,35.29745]]],[[[139.47909,35.297495],[139.479082,35.297491],[139.479084,35.297497],[139.47909,35.297495]]],[[[139.478727,35.297565],[139.478648,35.297497],[139.478672,35.297702],[139.478727,35.297565]]],[[[139.479025,35.297644],[139.479007,35.297595],[139.479003,35.297666],[139.479025,35.297644]]],[[[139.478531,35.297674],[139.478453,35.297574],[139.478511,35.297725],[139.478531,35.297674]]],[[[139.478425,35.297659],[139.478456,35.297672],[139.47843,35.297634],[139.478425,35.297659]]],[[[139.478815,35.2977],[139.478925,35.297611],[139.478857,35.297513],[139.478815,35.2977]]],[[[139.478385,35.297762],[139.478359,35.297763],[139.478382,35.297779],[139.478385,35.297762]]],[[[139.47867,35.297846],[139.478712,35.29778],[139.478701,35.297675],[139.47867,35.297846]]],[[[139.479484,35.297746],[139.479511,35.297807],[139.47955,35.297805],[139.479484,35.297746]]],[[[139.478824,35.297798],[139.478815,35.29776],[139.478809,35.29776],[139.478824,35.297798]]],[[[139.478527,35.297794],[139.478542,35.297814],[139.478545,35.297791],[139.478527,35.297794]]],[[[139.478505,35.29778],[139.478474,35.297811],[139.47851,35.29789],[139.478505,35.29778]]],[[[139.479449,35.297838],[139.479464,35.297843],[139.479461,35.297835],[139.479449,35.297838]]],[[[139.478557,35.297831],[139.478538,35.297865],[139.478572,35.297913],[139.478557,35.297831]]],[[[139.478496,35.297943],[139.47838,35.297921],[139.478454,35.29801],[139.478496,35.297943]]],[[[139.478535,35.297889],[139.478548,35.297903],[139.47854,35.29788],[139.478535,35.297889]]],[[[139.478961,35.297902],[139.47897,35.297916],[139.478969,35.297884],[139.478961,35.297902]]],[[[139.478595,35.297973],[139.47859,35.297969],[139.478589,35.29797],[139.478595,35.297973]]],[[[139.478881,35.297966],[139.47891,35.297976],[139.478917,35.297968],[139.478881,35.297966]]],[[[139.478825,35.29799],[139.478859,35.297999],[139.478851,35.297979],[139.478825,35.29799]]],[[[139.478468,35.298141],[139.478556,35.298018],[139.47851,35.297982],[139.478468,35.298141]]],[[[139.478637,35.301248],[139.478645,35.301235],[139.478638,35.301234],[139.478637,35.301248]]],[[[139.478652,35.301314],[139.478682,35.301324],[139.478663,35.301289],[139.478652,35.301314]]],[[[139.478912,35.301397],[139.478903,35.301419],[139.478913,35.30142],[139.478912,35.301397]]],[[[139.478887,35.301421],[139.478883,35.301419],[139.478884,35.301422],[139.478887,35.301421]]],[[[139.47891,35.301432],[139.4789,35.301431],[139.478901,35.301435],[139.47891,35.301432]]],[[[139.478901,35.301441],[139.478908,35.301443],[139.478906,35.301438],[139.478901,35.301441]]],[[[139.479432,35.301744],[139.47944,35.301739],[139.479433,35.301736],[139.479432,35.301744]]],[[[139.479322,35.301853],[139.47941,35.301727],[139.479342,35.301672],[139.479322,35.301853]]],[[[139.479365,35.301905],[139.479436,35.301891],[139.47945,35.301856],[139.479365,35.301905]]],[[[139.479287,35.301903],[139.479292,35.301898],[139.479288,35.301898],[139.479287,35.301903]]],[[[139.479378,35.301955],[139.479405,35.301959],[139.479385,35.301937],[139.479378,35.301955]]],[[[139.479424,35.302054],[139.479414,35.30205],[139.479413,35.302056],[139.479424,35.302054]]],[[[139.479308,35.302028],[139.479292,35.302139],[139.479353,35.302024],[139.479308,35.302028]]],[[[139.479456,35.302108],[139.47947,35.302153],[139.479477,35.302105],[139.479456,35.302108]]],[[[139.479927,35.297011],[139.479935,35.297016],[139.479936,35.297012],[139.479927,35.297011]]],[[[139.479996,35.297137],[139.479942,35.297015],[139.479928,35.29716],[139.479955,35.297162],[139.479973,35.297138],[139.479996,35.297137]]],[[[139.479974,35.297146],[139.479983,35.29715],[139.479979,35.297143],[139.479974,35.297146]]],[[[139.479693,35.297399],[139.479646,35.29738],[139.479661,35.29741],[139.479693,35.297399]]],[[[139.47969,35.297456],[139.479711,35.297449],[139.479693,35.297443],[139.47969,35.297456]]],[[[139.479921,35.297528],[139.479961,35.297534],[139.479959,35.297522],[139.479921,35.297528]]],[[[139.479797,35.297544],[139.479804,35.297563],[139.479813,35.297544],[139.479797,35.297544]]],[[[139.479954,35.297553],[139.479983,35.297584],[139.479988,35.297549],[139.479954,35.297553]]],[[[139.479849,35.297622],[139.479833,35.29761],[139.479826,35.297618],[139.479849,35.297622]]],[[[139.479752,35.297562],[139.479732,35.297682],[139.479791,35.297671],[139.479752,35.297562]]],[[[139.479557,35.297642],[139.47961,35.297642],[139.479561,35.297618],[139.479557,35.297642]]],[[[139.479808,35.297645],[139.479825,35.297666],[139.479827,35.297637],[139.479808,35.297645]]],[[[139.479691,35.297662],[139.479702,35.297674],[139.479707,35.297669],[139.479691,35.297662]]],[[[139.479779,35.297693],[139.479782,35.297696],[139.479785,35.29769],[139.479779,35.297693]]],[[[139.479709,35.297686],[139.47972,35.297705],[139.479721,35.297687],[139.479709,35.297686]]],[[[139.47961,35.297686],[139.47958,35.297742],[139.479611,35.297746],[139.47961,35.297686]]],[[[139.479678,35.297724],[139.479693,35.297711],[139.47968,35.297702],[139.479678,35.297724]]],[[[139.479582,35.297771],[139.479578,35.297766],[139.47958,35.29777],[139.479582,35.297771]]],[[[139.479672,35.297766],[139.479656,35.297774],[139.479663,35.297779],[139.479672,35.297766]]],[[[139.479753,35.297775],[139.479767,35.29778],[139.479762,35.297763],[139.479753,35.297775]]],[[[139.4797,35.297775],[139.479719,35.297792],[139.479711,35.297768],[139.4797,35.297775]]],[[[139.479578,35.297782],[139.47959,35.297813],[139.479589,35.297778],[139.479578,35.297782]]],[[[139.479645,35.297844],[139.479598,35.297806],[139.4796,35.297834],[139.479645,35.297844]]],[[[139.47959,35.297849],[139.479585,35.297843],[139.479584,35.297849],[139.47959,35.297849]]],[[[139.479694,35.297908],[139.479713,35.297915],[139.479706,35.297895],[139.479694,35.297908]]],[[[139.479636,35.297911],[139.479658,35.297911],[139.479646,35.297898],[139.479636,35.297911]]],[[[139.479541,35.297933],[139.479563,35.297934],[139.479557,35.29792],[139.479541,35.297933]]],[[[139.479528,35.301861],[139.479562,35.301887],[139.479539,35.301854],[139.479528,35.301861]]],[[[139.479643,35.30198],[139.479598,35.301969],[139.479646,35.301985],[139.479643,35.30198]]],[[[139.479727,35.302099],[139.479741,35.302114],[139.479734,35.302091],[139.479727,35.302099]]],[[[139.479624,35.302188],[139.479667,35.302146],[139.479578,35.302108],[139.479624,35.302188]]],[[[139.479916,35.302162],[139.479894,35.302182],[139.479909,35.302188],[139.479916,35.302162]]],[[[139.480051,35.302202],[139.480076,35.302203],[139.480057,35.302186],[139.480051,35.302202]]],[[[139.479897,35.302207],[139.479889,35.302202],[139.47989,35.302208],[139.479897,35.302207]]],[[[139.479986,35.302236],[139.479979,35.302229],[139.479979,35.302236],[139.479986,35.302236]]],[[[139.479989,35.30224],[139.479995,35.302248],[139.479996,35.302237],[139.479989,35.30224]]],[[[139.479634,35.302253],[139.47964,35.302266],[139.479644,35.302252],[139.479634,35.302253]]],[[[139.479776,35.302278],[139.479709,35.302236],[139.479686,35.302303],[139.479776,35.302278]]],[[[139.480059,35.302327],[139.480064,35.302323],[139.480058,35.302324],[139.480059,35.302327]]],[[[139.48513,35.296751],[139.485239,35.296477],[139.484913,35.296962],[139.48513,35.296751]]],[[[139.483759,35.29668],[139.483737,35.296745],[139.483804,35.296763],[139.483759,35.29668]]],[[[139.484139,35.296897],[139.484209,35.296775],[139.484114,35.296738],[139.484139,35.296897]]],[[[139.484913,35.296821],[139.484954,35.296827],[139.48495,35.296804],[139.484913,35.296821]]],[[[139.483716,35.296795],[139.483797,35.296826],[139.48375,35.296767],[139.483716,35.296795]]],[[[139.483104,35.296942],[139.483157,35.296923],[139.483102,35.296912],[139.483104,35.296942]]],[[[139.483455,35.296967],[139.483277,35.29693],[139.483327,35.297125],[139.483455,35.296967]]],[[[139.480128,35.297079],[139.480068,35.297009],[139.480048,35.297072],[139.480128,35.297079]]],[[[139.48248,35.297071],[139.482517,35.297052],[139.482479,35.297053],[139.48248,35.297071]]],[[[139.480165,35.297087],[139.480181,35.297078],[139.480164,35.297077],[139.480165,35.297087]]],[[[139.480179,35.297141],[139.480191,35.297135],[139.480182,35.297135],[139.480179,35.297141]]],[[[139.484173,35.297092],[139.483784,35.296917],[139.483899,35.297572],[139.484173,35.297092]]],[[[139.480174,35.297271],[139.480082,35.297106],[139.48003,35.297134],[139.480174,35.297271]]],[[[139.48284,35.297194],[139.482871,35.29717],[139.482832,35.297178],[139.48284,35.297194]]],[[[139.484174,35.297148],[139.48421,35.297236],[139.484224,35.297137],[139.484174,35.297148]]],[[[139.483282,35.297281],[139.483286,35.297295],[139.483294,35.297283],[139.483282,35.297281]]],[[[139.482935,35.297318],[139.482974,35.297294],[139.482947,35.297277],[139.482935,35.297318]]],[[[139.48283,35.297218],[139.482819,35.297428],[139.482873,35.297456],[139.48283,35.297218]]],[[[139.483755,35.297171],[139.483573,35.297475],[139.483812,35.297588],[139.483755,35.297171]]],[[[139.482596,35.297326],[139.48253,35.297445],[139.482547,35.29746],[139.482596,35.297326]]],[[[139.482727,35.297282],[139.482657,35.297537],[139.482707,35.297556],[139.482727,35.297282]]],[[[139.480417,35.297431],[139.480442,35.297425],[139.480421,35.297417],[139.480417,35.297431]]],[[[139.4801,35.29748],[139.48011,35.297476],[139.480098,35.297476],[139.4801,35.29748]]],[[[139.481072,35.297539],[139.481068,35.297501],[139.480967,35.297427],[139.481072,35.297539]]],[[[139.480725,35.29777],[139.48072,35.29779],[139.480727,35.29779],[139.480725,35.29777]]],[[[139.480767,35.297867],[139.480748,35.297878],[139.480757,35.297881],[139.480767,35.297867]]],[[[139.480807,35.297921],[139.480825,35.297909],[139.480821,35.297899],[139.480807,35.297921]]],[[[139.48074,35.297943],[139.480764,35.297933],[139.480744,35.297929],[139.48074,35.297943]]],[[[139.480782,35.297965],[139.480804,35.297952],[139.48077,35.297955],[139.480782,35.297965]]],[[[139.480759,35.297982],[139.480772,35.297998],[139.480784,35.297977],[139.480759,35.297982]]],[[[139.480761,35.298004],[139.480754,35.29801],[139.480763,35.298007],[139.480761,35.298004]]],[[[139.482706,35.302405],[139.484201,35.301565],[139.483231,35.301281],[139.483573,35.30093],[139.484581,35.301534],[139.484803,35.300964],[139.484393,35.301396],[139.483423,35.300782],[139.484299,35.29986],[139.485396,35.300553],[139.484991,35.301266],[139.485949,35.300601],[139.4851,35.299767],[139.486426,35.299459],[139.486463,35.30028],[139.486729,35.299024],[139.487864,35.299349],[139.488037,35.298934],[139.483198,35.297524],[139.483156,35.297215],[139.482981,35.297564],[139.481595,35.297891],[139.480875,35.297571],[139.480911,35.298063],[139.480728,35.298009],[139.480498,35.297461],[139.480361,35.29743],[139.480274,35.297365],[139.479578,35.298081],[139.479112,35.297582],[139.478878,35.298297],[139.47876,35.297881],[139.478689,35.29825],[139.478441,35.298166],[139.478272,35.298563],[139.477967,35.298703],[139.477422,35.297539],[139.476652,35.298117],[139.476778,35.297412],[139.476462,35.29816],[139.476368,35.297789],[139.476055,35.2982],[139.47597,35.298196],[139.475893,35.297565],[139.47424,35.298585],[139.474511,35.300022],[139.474866,35.299704],[139.475043,35.299843],[139.475024,35.300038],[139.475246,35.30019],[139.476419,35.300048],[139.476493,35.300475],[139.477201,35.300075],[139.476988,35.300626],[139.477317,35.30076],[139.477587,35.300594],[139.477876,35.300632],[139.478756,35.301118],[139.478919,35.301294],[139.47894,35.301553],[139.47945,35.301386],[139.4804,35.302378],[139.480316,35.302574],[139.482349,35.30278],[139.483183,35.30354],[139.482706,35.302405]]],[[[139.48015,35.302247],[139.480154,35.302254],[139.480159,35.302247],[139.48015,35.302247]]],[[[139.48014,35.302263],[139.480146,35.302262],[139.480141,35.30226],[139.48014,35.302263]]],[[[139.480127,35.302295],[139.48012,35.302288],[139.48012,35.302298],[139.480127,35.302295]]],[[[139.48011,35.302327],[139.480101,35.302331],[139.480112,35.302332],[139.48011,35.302327]]],[[[139.480323,35.30238],[139.480298,35.302407],[139.480346,35.302388],[139.480323,35.30238]]]]}},{"type":"Feature","properties":{"N03_007":"14206","N03_001":"神奈川県","nam_ja":"小田原市"},"geometry":{"type":"MultiPolygon","coordinates":[[[[139.138638,35.192205],[139.138153,35.192635],[139.138686,35.192254],[139.138638,35.192205]]],[[[139.142599,35.210258],[139.142655,35.210036],[139.142418,35.210231],[139.142599,35.210258]]],[[[139.142052,35.211595],[139.142063,35.211682],[139.14213,35.211621],[139.142052,35.211595]]],[[[139.142061,35.21187],[139.14202,35.211942],[139.142044,35.211935],[139.142061,35.21187]]],[[[139.141999,35.213359],[139.14194,35.213421],[139.142019,35.213376],[139.141999,35.213359]]],[[[139.14251,35.222459],[139.142552,35.222581],[139.142626,35.222518],[139.14251,35.222459]]],[[[139.142491,35.22261],[139.142551,35.222661],[139.142542,35.222609],[139.142491,35.22261]]],[[[139.142408,35.222763],[139.142484,35.222733],[139.142399,35.222711],[139.142408,35.222763]]],[[[139.142081,35.223997],[139.142138,35.224082],[139.142139,35.224007],[139.142081,35.223997]]],[[[139.141928,35.224294],[139.14199,35.224405],[139.142007,35.224325],[139.141928,35.224294]]],[[[139.142113,35.22503],[139.141875,35.225058],[139.142113,35.225061],[139.142113,35.22503]]],[[[139.12941,35.315796],[139.128241,35.316373],[139.12796,35.317867],[139.128787,35.317446],[139.12941,35.315796]]],[[[139.142635,35.206058],[139.142709,35.206105],[139.142697,35.206056],[139.142635,35.206058]]],[[[139.142576,35.20855],[139.142659,35.208591],[139.142646,35.20854],[139.142576,35.20855]]],[[[139.142733,35.208688],[139.142817,35.208722],[139.142835,35.208675],[139.142733,35.208688]]],[[[139.142601,35.209595],[139.142482,35.209674],[139.142658,35.209616],[139.142601,35.209595]]],[[[139.143065,35.218653],[139.142881,35.21885],[139.143106,35.218807],[139.143065,35.218653]]],[[[139.143004,35.219012],[139.143028,35.219099],[139.143083,35.219067],[139.143004,35.219012]]],[[[139.14289,35.219478],[139.142822,35.219402],[139.142745,35.219439],[139.14289,35.219478]]],[[[139.142655,35.220175],[139.142698,35.220236],[139.142723,35.220197],[139.142655,35.220175]]],[[[139.142895,35.220192],[139.142917,35.220247],[139.142963,35.220192],[139.142895,35.220192]]],[[[139.142917,35.222227],[139.142949,35.22231],[139.142974,35.222277],[139.142917,35.222227]]],[[[139.142695,35.222523],[139.142761,35.22258],[139.142769,35.22254],[139.142695,35.222523]]],[[[139.1831,35.326746],[139.187251,35.323108],[139.18971,35.319352],[139.19241,35.317681],[139.197215,35.316818],[139.199364,35.31545],[139.202872,35.311734],[139.202226,35.308675],[139.203084,35.307221],[139.203786,35.311253],[139.206435,35.312044],[139.208336,35.313626],[139.212208,35.314539],[139.212332,35.315944],[139.213329,35.317153],[139.215796,35.317285],[139.218664,35.316128],[139.223672,35.315914],[139.223919,35.31719],[139.224834,35.317602],[139.225523,35.316964],[139.226867,35.318195],[139.230205,35.318888],[139.232361,35.320425],[139.234368,35.317713],[139.235528,35.317425],[139.238104,35.314813],[139.237159,35.311601],[139.236213,35.310762],[139.236878,35.308804],[139.23652,35.30751],[139.23832,35.304455],[139.238037,35.300781],[139.237466,35.299819],[139.23703,35.30045],[139.236,35.300073],[139.235316,35.298818],[139.235688,35.296847],[139.237502,35.296178],[139.236637,35.293907],[139.235756,35.293339],[139.236006,35.292646],[139.237437,35.292789],[139.236784,35.290408],[139.237622,35.288881],[139.236695,35.288561],[139.236177,35.290088],[139.234344,35.2903],[139.233928,35.289612],[139.235013,35.289684],[139.235086,35.288576],[139.23345,35.287839],[139.234081,35.286443],[139.221467,35.281247],[139.215044,35.279919],[139.207875,35.277285],[139.202185,35.273135],[139.202521,35.272718],[139.186603,35.261179],[139.182009,35.258641],[139.171128,35.254103],[139.157931,35.24406],[139.157905,35.2432],[139.157074,35.243517],[139.153943,35.242107],[139.151028,35.240391],[139.150933,35.239373],[139.148531,35.238946],[139.147913,35.239496],[139.148678,35.240286],[139.147736,35.240904],[139.146552,35.239688],[139.148264,35.238638],[139.146228,35.236654],[139.146743,35.236322],[139.148322,35.238086],[139.150302,35.238513],[139.148589,35.238054],[139.146992,35.236116],[139.147918,35.235626],[139.146928,35.23361],[139.147699,35.235603],[139.146106,35.236232],[139.145575,35.23537],[139.146636,35.234624],[139.144218,35.233949],[139.142423,35.229743],[139.142923,35.227582],[139.141725,35.225145],[139.142455,35.219491],[139.142831,35.219284],[139.142331,35.217041],[139.142983,35.216856],[139.142193,35.216948],[139.142519,35.216578],[139.141438,35.215227],[139.142611,35.215237],[139.141827,35.21499],[139.142526,35.214097],[139.141982,35.213946],[139.141594,35.212782],[139.142431,35.209891],[139.142026,35.208804],[139.142593,35.208735],[139.140824,35.204418],[139.141516,35.203496],[139.138246,35.199325],[139.13844,35.194207],[139.137709,35.192287],[139.138159,35.191536],[139.139391,35.192366],[139.138454,35.191469],[139.140279,35.189052],[139.139625,35.187121],[139.136954,35.184882],[139.135969,35.182568],[139.137198,35.178816],[139.135095,35.177923],[139.131319,35.177979],[139.126664,35.18038],[139.125546,35.182036],[139.121269,35.183546],[139.116518,35.185079],[139.11275,35.185296],[139.110267,35.186525],[139.10461,35.186617],[139.101192,35.188063],[139.098894,35.188028],[139.09744,35.18901],[139.093672,35.189641],[139.093223,35.191685],[139.090951,35.19341],[139.087205,35.193445],[139.081507,35.195626],[139.078384,35.196081],[139.077757,35.197206],[139.078077,35.198525],[139.076724,35.20018],[139.079782,35.200662],[139.081515,35.20237],[139.080575,35.20421],[139.081285,35.206208],[139.084014,35.207422],[139.084942,35.211098],[139.084896,35.214626],[139.08718,35.215644],[139.088209,35.217721],[139.091719,35.219419],[139.092435,35.220831],[139.096187,35.221886],[139.100709,35.22508],[139.104551,35.226152],[139.106659,35.225733],[139.110148,35.226032],[139.115653,35.227548],[139.114125,35.232436],[139.116153,35.233304],[139.120462,35.236739],[139.120144,35.237781],[139.120423,35.238556],[139.121153,35.238602],[139.121217,35.239558],[139.120792,35.239871],[139.119292,35.239074],[139.118182,35.239998],[139.11434,35.24023],[139.11293,35.23936],[139.111176,35.239589],[139.108645,35.23864],[139.103192,35.240463],[139.100038,35.239653],[139.097595,35.242313],[139.095787,35.24204],[139.091897,35.243456],[139.089776,35.241769],[139.091235,35.240102],[139.089539,35.237745],[139.086769,35.235065],[139.085876,35.235201],[139.083545,35.233918],[139.082289,35.235443],[139.080969,35.235628],[139.078505,35.237257],[139.07795,35.238542],[139.074786,35.240038],[139.072515,35.242067],[139.070986,35.240435],[139.069434,35.241212],[139.067129,35.241214],[139.065818,35.243576],[139.06402,35.24352],[139.064394,35.245376],[139.063012,35.244852],[139.06211,35.245811],[139.06044,35.245405],[139.06,35.246976],[139.058966,35.247131],[139.059096,35.247932],[139.061464,35.2496],[139.064905,35.250863],[139.068943,35.255126],[139.064901,35.256464],[139.064785,35.260692],[139.06303,35.265387],[139.06021,35.269083],[139.06005,35.271823],[139.06279,35.271828],[139.066171,35.272742],[139.071308,35.271989],[139.085316,35.276048],[139.087092,35.275075],[139.091833,35.277802],[139.097233,35.278044],[139.100947,35.278987],[139.103479,35.278315],[139.108834,35.279843],[139.110177,35.279054],[139.113242,35.27912],[139.118118,35.280026],[139.119389,35.281335],[139.121606,35.28154],[139.120227,35.285225],[139.121291,35.286804],[139.123574,35.287584],[139.126572,35.286648],[139.130787,35.28821],[139.132075,35.290772],[139.131698,35.291923],[139.130748,35.291854],[139.130427,35.294303],[139.132119,35.294046],[139.135285,35.29017],[139.137107,35.288672],[139.137619,35.288945],[139.137884,35.289847],[139.136569,35.291248],[139.1346,35.291417],[139.134273,35.291901],[139.13508,35.292961],[139.133259,35.297155],[139.13166,35.308088],[139.132212,35.309591],[139.133708,35.310591],[139.13014,35.317384],[139.132867,35.318397],[139.133497,35.319455],[139.135545,35.318874],[139.136217,35.322561],[139.140359,35.322597],[139.143064,35.323491],[139.148642,35.313621],[139.155364,35.313333],[139.155379,35.313775],[139.158153,35.314429],[139.157946,35.315468],[139.161095,35.316261],[139.160765,35.317099],[139.163439,35.317824],[139.162601,35.318604],[139.163789,35.319179],[139.164894,35.316445],[139.165625,35.316452],[139.165511,35.318117],[139.166503,35.319995],[139.169082,35.321701],[139.168928,35.323189],[139.169646,35.32404],[139.16921,35.324687],[139.170464,35.326854],[139.171862,35.327219],[139.172979,35.326577],[139.174734,35.327558],[139.176382,35.327392],[139.178769,35.328361],[139.180317,35.329921],[139.18131,35.329485],[139.1831,35.326746]]]]}},{"type":"Feature","properties":{"N03_007":"14207","N03_001":"神奈川県","nam_ja":"茅ヶ崎市"},"geometry":{"type":"MultiPolygon","coordinates":[[[[139.396836,35.311287],[139.396916,35.311463],[139.396974,35.311356],[139.396836,35.311287]]],[[[139.398866,35.311475],[139.398918,35.311476],[139.398843,35.311427],[139.398866,35.311475]]],[[[139.397663,35.311904],[139.39757,35.311803],[139.397532,35.311909],[139.397663,35.311904]]],[[[139.397444,35.311958],[139.397495,35.311954],[139.397482,35.311932],[139.397444,35.311958]]],[[[139.397603,35.311929],[139.397532,35.312029],[139.397598,35.311996],[139.397603,35.311929]]],[[[139.397886,35.312121],[139.397973,35.311975],[139.397872,35.311978],[139.397886,35.312121]]],[[[139.397405,35.312074],[139.397465,35.312045],[139.397427,35.312027],[139.397405,35.312074]]],[[[139.398235,35.312165],[139.398241,35.312136],[139.398228,35.312138],[139.398235,35.312165]]],[[[139.398135,35.312082],[139.398068,35.312219],[139.398077,35.312242],[139.398135,35.312082]]],[[[139.398801,35.312196],[139.398871,35.312193],[139.398851,35.312114],[139.398801,35.312196]]],[[[139.397523,35.312255],[139.39749,35.312095],[139.397432,35.312128],[139.397523,35.312255]]],[[[139.397725,35.312319],[139.397806,35.312037],[139.397679,35.312052],[139.397725,35.312319]]],[[[139.397955,35.312216],[139.398014,35.312261],[139.397989,35.3122],[139.397955,35.312216]]],[[[139.398135,35.312301],[139.398165,35.312356],[139.398189,35.312305],[139.398135,35.312301]]],[[[139.399086,35.312342],[139.399118,35.312401],[139.399104,35.312335],[139.399086,35.312342]]],[[[139.397711,35.31247],[139.397524,35.312391],[139.397453,35.312498],[139.397711,35.31247]]],[[[139.39725,35.312507],[139.397296,35.31249],[139.39723,35.312486],[139.39725,35.312507]]],[[[139.398623,35.312469],[139.398479,35.312487],[139.398432,35.312615],[139.398623,35.312469]]],[[[139.398273,35.312667],[139.398312,35.312662],[139.398306,35.312637],[139.398273,35.312667]]],[[[139.398443,35.312643],[139.398482,35.312766],[139.398646,35.312586],[139.398443,35.312643]]],[[[139.397391,35.312686],[139.397473,35.312692],[139.397438,35.31265],[139.397391,35.312686]]],[[[139.397478,35.312698],[139.397545,35.312715],[139.397539,35.312665],[139.397478,35.312698]]],[[[139.398836,35.312952],[139.398909,35.312929],[139.3989,35.312916],[139.398836,35.312952]]],[[[139.41381,35.301623],[139.413928,35.301656],[139.413907,35.301607],[139.41381,35.301623]]],[[[139.414761,35.301883],[139.4147,35.301877],[139.414702,35.301898],[139.414761,35.301883]]],[[[139.414765,35.302073],[139.414667,35.301957],[139.414548,35.302108],[139.414765,35.302073]]],[[[139.413164,35.302293],[139.413266,35.30231],[139.413214,35.302249],[139.413164,35.302293]]],[[[139.414373,35.303075],[139.415377,35.302269],[139.415171,35.301633],[139.414373,35.303075]]],[[[139.413683,35.302363],[139.413748,35.302352],[139.413724,35.302336],[139.413683,35.302363]]],[[[139.413286,35.302446],[139.413321,35.3025],[139.413308,35.302438],[139.413286,35.302446]]],[[[139.413164,35.302396],[139.413136,35.302628],[139.413205,35.302426],[139.413164,35.302396]]],[[[139.413363,35.302583],[139.413406,35.302578],[139.413386,35.302559],[139.413363,35.302583]]],[[[139.412942,35.302605],[139.412914,35.302588],[139.412922,35.30261],[139.412942,35.302605]]],[[[139.414307,35.302692],[139.414356,35.302695],[139.414373,35.302626],[139.414307,35.302692]]],[[[139.41334,35.302843],[139.413447,35.303014],[139.413521,35.302899],[139.41334,35.302843]]],[[[139.413485,35.303017],[139.413502,35.303048],[139.413521,35.302999],[139.413485,35.303017]]],[[[139.413995,35.303045],[139.414044,35.303021],[139.414022,35.302994],[139.413995,35.303045]]],[[[139.414235,35.303129],[139.414257,35.303094],[139.414221,35.303115],[139.414235,35.303129]]],[[[139.414344,35.303277],[139.415068,35.303276],[139.414723,35.302967],[139.414344,35.303277]]],[[[139.415052,35.303391],[139.415106,35.303511],[139.415082,35.303381],[139.415052,35.303391]]],[[[139.415227,35.303481],[139.415338,35.303605],[139.415324,35.303492],[139.415227,35.303481]]],[[[139.399158,35.312364],[139.399225,35.312354],[139.399196,35.312337],[139.399158,35.312364]]],[[[139.399145,35.312453],[139.399161,35.312411],[139.399134,35.312441],[139.399145,35.312453]]],[[[139.399167,35.312563],[139.399042,35.312538],[139.399068,35.312714],[139.399167,35.312563]]],[[[139.399712,35.312584],[139.39977,35.312657],[139.399745,35.312579],[139.399712,35.312584]]],[[[139.430696,35.384922],[139.430676,35.382223],[139.432483,35.379517],[139.430131,35.37428],[139.429183,35.373609],[139.429765,35.373229],[139.428446,35.370624],[139.430567,35.370076],[139.431711,35.372655],[139.432986,35.373627],[139.433985,35.370651],[139.432677,35.369976],[139.433591,35.3679],[139.436341,35.368716],[139.438083,35.368599],[139.439232,35.369628],[139.441439,35.368246],[139.43996,35.365173],[139.436592,35.363502],[139.436531,35.360952],[139.435712,35.35956],[139.437331,35.354078],[139.43984,35.352592],[139.442596,35.347337],[139.442671,35.344775],[139.444146,35.340529],[139.443776,35.335109],[139.442419,35.333302],[139.443506,35.33179],[139.442151,35.329867],[139.438045,35.319146],[139.430801,35.319224],[139.423475,35.318359],[139.415807,35.316709],[139.414556,35.315883],[139.414864,35.314959],[139.413295,35.315197],[139.41409,35.315934],[139.412624,35.316988],[139.406131,35.318147],[139.402817,35.318127],[139.401059,35.317785],[139.401098,35.317379],[139.400942,35.31778],[139.400988,35.317261],[139.400529,35.317557],[139.398475,35.316306],[139.399107,35.313842],[139.398505,35.314041],[139.398246,35.316539],[139.397113,35.316101],[139.39818,35.313987],[139.397274,35.313077],[139.400049,35.313388],[139.399364,35.312744],[139.399171,35.312961],[139.398783,35.312975],[139.398924,35.312593],[139.398443,35.312897],[139.397715,35.312706],[139.397159,35.313037],[139.397091,35.315549],[139.394067,35.316375],[139.384318,35.316201],[139.383012,35.315192],[139.376032,35.314662],[139.37773,35.315062],[139.377532,35.315566],[139.374361,35.315333],[139.3735,35.319335],[139.369438,35.323266],[139.369352,35.329783],[139.371556,35.329983],[139.371258,35.335239],[139.373914,35.336608],[139.375212,35.338587],[139.374821,35.339827],[139.369525,35.340115],[139.368749,35.344158],[139.370331,35.351089],[139.375494,35.350179],[139.376911,35.35069],[139.392094,35.351699],[139.393978,35.352383],[139.395238,35.352081],[139.396576,35.355545],[139.396275,35.358344],[139.396787,35.358682],[139.395546,35.361066],[139.39398,35.362158],[139.393967,35.363168],[139.40128,35.369001],[139.40651,35.379837],[139.412515,35.382383],[139.415926,35.384688],[139.425756,35.383736],[139.430696,35.384922]]],[[[139.415825,35.301464],[139.415842,35.301554],[139.415885,35.30152],[139.415825,35.301464]]],[[[139.415487,35.302361],[139.416438,35.302294],[139.417187,35.302334],[139.416056,35.301773],[139.415711,35.302226],[139.415754,35.301603],[139.415487,35.302361]]],[[[139.417476,35.302415],[139.417406,35.302448],[139.417469,35.302458],[139.417476,35.302415]]],[[[139.418223,35.30259],[139.41832,35.30255],[139.41826,35.302518],[139.418223,35.30259]]],[[[139.418216,35.302729],[139.418127,35.303136],[139.418292,35.302706],[139.418216,35.302729]]],[[[139.417985,35.303357],[139.418046,35.303375],[139.418047,35.303358],[139.417985,35.303357]]],[[[139.417952,35.303109],[139.417647,35.303624],[139.417662,35.303749],[139.417952,35.303109]]],[[[139.41829,35.303521],[139.418327,35.303591],[139.418316,35.303516],[139.41829,35.303521]]],[[[139.41774,35.303702],[139.417778,35.303696],[139.417763,35.303675],[139.41774,35.303702]]],[[[139.418629,35.3037],[139.418521,35.303725],[139.418565,35.303785],[139.418629,35.3037]]],[[[139.418312,35.303686],[139.418345,35.303771],[139.418381,35.303699],[139.418312,35.303686]]],[[[139.417586,35.303742],[139.417576,35.30384],[139.417607,35.303733],[139.417586,35.303742]]],[[[139.418439,35.303791],[139.418458,35.303868],[139.418485,35.30382],[139.418439,35.303791]]],[[[139.418156,35.303868],[139.417866,35.303907],[139.417887,35.304067],[139.418156,35.303868]]],[[[139.417613,35.304038],[139.417779,35.303749],[139.417523,35.304005],[139.417613,35.304038]]],[[[139.418658,35.303939],[139.418722,35.303937],[139.418707,35.303902],[139.418658,35.303939]]],[[[139.418309,35.303924],[139.418347,35.30398],[139.41836,35.303897],[139.418309,35.303924]]],[[[139.418305,35.304044],[139.418033,35.304035],[139.418221,35.304168],[139.418305,35.304044]]],[[[139.417611,35.304047],[139.417608,35.304141],[139.417621,35.304041],[139.417611,35.304047]]],[[[139.418189,35.304544],[139.418531,35.303929],[139.418172,35.304247],[139.418189,35.304544]]],[[[139.418175,35.30461],[139.418251,35.304604],[139.418238,35.304559],[139.418175,35.30461]]],[[[139.418689,35.304417],[139.41869,35.304902],[139.418939,35.304902],[139.418689,35.304417]]]]}},{"type":"Feature","properties":{"N03_007":"14208","N03_001":"神奈川県","nam_ja":"逗子市"},"geometry":{"type":"MultiPolygon","coordinates":[[[[139.556939,35.291694],[139.556921,35.291788],[139.556967,35.291785],[139.556939,35.291694]]],[[[139.560322,35.291767],[139.560479,35.291798],[139.560395,35.291727],[139.560322,35.291767]]],[[[139.560752,35.291876],[139.560854,35.291846],[139.560722,35.291792],[139.560752,35.291876]]],[[[139.557051,35.291893],[139.557146,35.291961],[139.557112,35.291889],[139.557051,35.291893]]],[[[139.557004,35.292131],[139.557086,35.292091],[139.556999,35.292073],[139.557004,35.292131]]],[[[139.560961,35.292092],[139.561072,35.292192],[139.561077,35.292114],[139.560961,35.292092]]],[[[139.557648,35.29346],[139.557763,35.293558],[139.557807,35.293503],[139.557648,35.29346]]],[[[139.56279,35.291779],[139.562793,35.291876],[139.562903,35.291843],[139.56279,35.291779]]],[[[139.562389,35.291797],[139.562522,35.291893],[139.562545,35.291808],[139.562389,35.291797]]],[[[139.562139,35.291877],[139.56227,35.291901],[139.562203,35.291815],[139.562139,35.291877]]],[[[139.563051,35.292007],[139.563151,35.29207],[139.563099,35.292001],[139.563051,35.292007]]],[[[139.562847,35.292121],[139.562917,35.292103],[139.56283,35.292092],[139.562847,35.292121]]],[[[139.565175,35.292668],[139.565259,35.292386],[139.56491,35.292513],[139.565175,35.292668]]],[[[139.59316,35.320415],[139.596278,35.317941],[139.596222,35.316421],[139.598814,35.315753],[139.603633,35.317008],[139.60421,35.314696],[139.607135,35.313026],[139.609623,35.312408],[139.611063,35.311207],[139.612015,35.306685],[139.613645,35.30581],[139.614417,35.303933],[139.618251,35.30257],[139.618603,35.299668],[139.622488,35.293367],[139.621452,35.291229],[139.623844,35.288383],[139.62382,35.285894],[139.621927,35.285521],[139.620971,35.28426],[139.62193,35.283059],[139.621012,35.282469],[139.621121,35.281385],[139.622872,35.2802],[139.62438,35.277956],[139.622871,35.276039],[139.621584,35.276413],[139.61965,35.275703],[139.617432,35.276815],[139.616366,35.276234],[139.612684,35.278012],[139.610174,35.276709],[139.608342,35.277354],[139.605294,35.27609],[139.599935,35.277804],[139.597976,35.277025],[139.597399,35.279684],[139.596107,35.280477],[139.596458,35.28081],[139.59966,35.281118],[139.601097,35.282058],[139.604942,35.282004],[139.607034,35.283942],[139.608802,35.284033],[139.609637,35.285814],[139.611258,35.286228],[139.611324,35.288573],[139.609867,35.289242],[139.609185,35.290524],[139.606572,35.290546],[139.603286,35.291968],[139.598037,35.290961],[139.596262,35.291012],[139.596189,35.291631],[139.593376,35.290331],[139.589406,35.291342],[139.58594,35.287647],[139.583775,35.286476],[139.578987,35.287154],[139.577576,35.284293],[139.576239,35.284072],[139.574234,35.282412],[139.573205,35.283718],[139.569686,35.285022],[139.56944,35.286041],[139.570842,35.287115],[139.573423,35.287204],[139.571922,35.287311],[139.573434,35.287607],[139.573481,35.289128],[139.572652,35.291581],[139.571047,35.293221],[139.568108,35.294378],[139.565946,35.293033],[139.562917,35.292322],[139.56122,35.292897],[139.559632,35.291852],[139.557681,35.291777],[139.558134,35.293332],[139.556892,35.294298],[139.557504,35.2952],[139.556459,35.296316],[139.555244,35.295578],[139.55572,35.295108],[139.55522,35.295528],[139.55368,35.294311],[139.55217,35.29452],[139.550204,35.296219],[139.551499,35.295202],[139.552221,35.295733],[139.551493,35.295565],[139.551931,35.296365],[139.55116,35.295931],[139.551334,35.296465],[139.55092,35.296133],[139.55078,35.296251],[139.551326,35.29653],[139.551245,35.298719],[139.55234,35.299569],[139.552849,35.301536],[139.553508,35.30118],[139.556538,35.302593],[139.556592,35.305075],[139.557638,35.305105],[139.560273,35.307348],[139.567779,35.309271],[139.569114,35.310407],[139.568791,35.312859],[139.572863,35.312994],[139.577288,35.313954],[139.580955,35.316398],[139.5838,35.316515],[139.585336,35.317417],[139.585828,35.319031],[139.587333,35.320237],[139.588746,35.320374],[139.590716,35.319651],[139.59316,35.320415]]]]}},{"type":"Feature","properties":{"N03_007":"14210","N03_001":"神奈川県","nam_ja":"三浦市"},"geometry":{"type":"MultiPolygon","coordinates":[[[[139.609724,35.132821],[139.609298,35.133117],[139.609456,35.13337],[139.609724,35.132821]]],[[[139.60759,35.133924],[139.60788,35.133552],[139.607479,35.13368],[139.60759,35.133924]]],[[[139.610523,35.135582],[139.611079,35.135539],[139.611134,35.135495],[139.610523,35.135582]]],[[[139.612399,35.137732],[139.612531,35.13821],[139.612313,35.139026],[139.612584,35.13821],[139.612399,35.137732]]],[[[139.606653,35.138405],[139.606852,35.138559],[139.606871,35.138386],[139.606653,35.138405]]],[[[139.607208,35.138719],[139.607316,35.139481],[139.60751,35.138646],[139.60934,35.137769],[139.607208,35.138719]]],[[[139.613135,35.145275],[139.613294,35.145327],[139.613163,35.145243],[139.613135,35.145275]]],[[[139.605929,35.146852],[139.606667,35.14638],[139.606651,35.146365],[139.605929,35.146852]]],[[[139.610129,35.147448],[139.609844,35.14749],[139.609998,35.147604],[139.610129,35.147448]]],[[[139.607174,35.14817],[139.605811,35.146869],[139.607722,35.148717],[139.607174,35.14817]]],[[[139.613116,35.148943],[139.613272,35.149169],[139.613341,35.149042],[139.613116,35.148943]]],[[[139.611066,35.150696],[139.61155,35.150472],[139.611132,35.150339],[139.611066,35.150696]]],[[[139.611743,35.150959],[139.611739,35.150662],[139.611447,35.150902],[139.611743,35.150959]]],[[[139.610595,35.150982],[139.610757,35.150647],[139.610419,35.150827],[139.610595,35.150982]]],[[[139.61046,35.151224],[139.610618,35.151184],[139.610515,35.151151],[139.61046,35.151224]]],[[[139.605476,35.153053],[139.6056,35.153159],[139.605566,35.15303],[139.605476,35.153053]]],[[[139.607361,35.153196],[139.607265,35.153585],[139.607512,35.153472],[139.607361,35.153196]]],[[[139.602993,35.153439],[139.603116,35.153561],[139.603075,35.153424],[139.602993,35.153439]]],[[[139.603062,35.154072],[139.603769,35.153712],[139.60281,35.153964],[139.603062,35.154072]]],[[[139.605045,35.153928],[139.605367,35.153827],[139.605113,35.153725],[139.605045,35.153928]]],[[[139.602707,35.154148],[139.602347,35.154085],[139.602336,35.154419],[139.602707,35.154148]]],[[[139.605545,35.154638],[139.606244,35.154041],[139.605153,35.154229],[139.605545,35.154638]]],[[[139.606004,35.15554],[139.605983,35.15523],[139.605887,35.155399],[139.606004,35.15554]]],[[[139.606433,35.155984],[139.606776,35.155753],[139.606407,35.155783],[139.606433,35.155984]]],[[[139.603329,35.156573],[139.60403,35.15616],[139.603871,35.155934],[139.603282,35.155866],[139.603329,35.156573]]],[[[139.60672,35.156485],[139.606898,35.156192],[139.606563,35.156265],[139.60672,35.156485]]],[[[139.610422,35.158856],[139.610472,35.158575],[139.610335,35.158607],[139.610422,35.158856]]],[[[139.609046,35.160582],[139.609622,35.160278],[139.609425,35.160068],[139.609046,35.160582]]],[[[139.610114,35.160715],[139.610201,35.16076],[139.610181,35.160695],[139.610114,35.160715]]],[[[139.609617,35.162082],[139.60974,35.162126],[139.609715,35.162057],[139.609617,35.162082]]],[[[139.611214,35.163872],[139.61132,35.163822],[139.611224,35.163813],[139.611214,35.163872]]],[[[139.61074,35.163833],[139.610835,35.163922],[139.610803,35.163807],[139.61074,35.163833]]],[[[139.631587,35.128492],[139.631504,35.12871],[139.631661,35.128626],[139.631587,35.128492]]],[[[139.630752,35.128856],[139.630564,35.129157],[139.630964,35.129022],[139.630752,35.128856]]],[[[139.619348,35.131153],[139.619468,35.131452],[139.619555,35.131243],[139.619348,35.131153]]],[[[139.615174,35.131093],[139.615071,35.131564],[139.615336,35.131542],[139.615174,35.131093]]],[[[139.617092,35.131846],[139.616789,35.131513],[139.616744,35.131936],[139.617092,35.131846]]],[[[139.613133,35.132278],[139.613564,35.131825],[139.612813,35.13187],[139.613133,35.132278]]],[[[139.609965,35.137726],[139.61192,35.136746],[139.612257,35.137665],[139.617105,35.136817],[139.616831,35.135818],[139.617618,35.13567],[139.617798,35.13669],[139.621003,35.136303],[139.622198,35.136904],[139.623134,35.136424],[139.622853,35.135761],[139.623795,35.135715],[139.623966,35.136234],[139.624003,35.136226],[139.623775,35.135352],[139.62667,35.134076],[139.627945,35.13465],[139.625634,35.131905],[139.627589,35.130755],[139.628459,35.130836],[139.630233,35.129188],[139.629145,35.128619],[139.627752,35.128822],[139.625412,35.130365],[139.623231,35.130721],[139.622157,35.132403],[139.620014,35.132118],[139.617811,35.130603],[139.617967,35.131497],[139.616147,35.132914],[139.61458,35.13229],[139.612492,35.133423],[139.612757,35.132853],[139.612148,35.132615],[139.611145,35.133127],[139.610187,35.132808],[139.609661,35.13347],[139.611104,35.133921],[139.611481,35.133446],[139.611764,35.134265],[139.609361,35.13385],[139.608339,35.13489],[139.609125,35.135037],[139.608992,35.135508],[139.609963,35.135338],[139.609145,35.135829],[139.60994,35.135564],[139.611228,35.13548],[139.610611,35.135751],[139.611637,35.135562],[139.610211,35.135937],[139.611273,35.13582],[139.609965,35.137726]]],[[[139.627446,35.13699],[139.627008,35.136639],[139.62739,35.13702],[139.627446,35.13699]]],[[[139.622751,35.136822],[139.622609,35.136987],[139.622715,35.13697],[139.622751,35.136822]]],[[[139.627753,35.136911],[139.628164,35.137299],[139.628403,35.137021],[139.627753,35.136911]]],[[[139.62991,35.137892],[139.629583,35.137964],[139.629852,35.138023],[139.62991,35.137892]]],[[[139.63834,35.139136],[139.637469,35.139903],[139.63755,35.139961],[139.63834,35.139136]]],[[[139.639599,35.139622],[139.639801,35.139723],[139.639623,35.139595],[139.639599,35.139622]]],[[[139.638089,35.140002],[139.638335,35.139657],[139.637919,35.139763],[139.638089,35.140002]]],[[[139.638926,35.140113],[139.638889,35.140232],[139.639578,35.139508],[139.638926,35.140113]]],[[[139.614907,35.147083],[139.614669,35.146412],[139.61446,35.146399],[139.614907,35.147083]]],[[[139.61372,35.146959],[139.613839,35.147033],[139.61381,35.146955],[139.61372,35.146959]]],[[[139.614896,35.147358],[139.615046,35.147194],[139.614852,35.147251],[139.614896,35.147358]]],[[[139.614391,35.148039],[139.614254,35.148232],[139.614455,35.148144],[139.614391,35.148039]]],[[[139.614471,35.148246],[139.614597,35.148348],[139.614624,35.148237],[139.614471,35.148246]]],[[[139.613546,35.148829],[139.614098,35.14851],[139.613356,35.148756],[139.613546,35.148829]]],[[[139.613518,35.149071],[139.613677,35.149007],[139.613493,35.148989],[139.613518,35.149071]]],[[[139.61388,35.149593],[139.614016,35.149552],[139.61392,35.149521],[139.61388,35.149593]]],[[[139.615204,35.161976],[139.615157,35.162008],[139.615164,35.162041],[139.615213,35.162019],[139.615204,35.161976]]],[[[139.615053,35.162004],[139.615111,35.162048],[139.615117,35.162021],[139.615053,35.162004]]],[[[139.623473,35.164311],[139.623608,35.164465],[139.623676,35.16429],[139.623473,35.164311]]],[[[139.613821,35.183258],[139.613948,35.183207],[139.613816,35.183195],[139.613821,35.183258]]],[[[139.613883,35.18346],[139.614,35.183443],[139.613883,35.183398],[139.613883,35.18346]]],[[[139.615851,35.185482],[139.616082,35.18565],[139.616044,35.185393],[139.615851,35.185482]]],[[[139.615873,35.18566],[139.615739,35.185733],[139.615813,35.185748],[139.615873,35.18566]]],[[[139.615336,35.185868],[139.615635,35.185944],[139.615601,35.185773],[139.615336,35.185868]]],[[[139.616514,35.186678],[139.616421,35.186467],[139.616242,35.186525],[139.616514,35.186678]]],[[[139.662882,35.13618],[139.663076,35.136438],[139.663101,35.136149],[139.662882,35.13618]]],[[[139.657734,35.137036],[139.657317,35.136704],[139.656763,35.136941],[139.657244,35.137268],[139.657734,35.137036]]],[[[139.663259,35.138124],[139.664415,35.137305],[139.664412,35.136781],[139.662611,35.137857],[139.663259,35.138124]]],[[[139.655309,35.137946],[139.655056,35.137232],[139.654579,35.137747],[139.655309,35.137946]]],[[[139.641332,35.137988],[139.641681,35.137711],[139.641114,35.137887],[139.641332,35.137988]]],[[[139.642591,35.138173],[139.642739,35.13825],[139.642732,35.13807],[139.642591,35.138173]]],[[[139.647463,35.138514],[139.647578,35.138177],[139.647322,35.138377],[139.647463,35.138514]]],[[[139.643223,35.13842],[139.643388,35.138555],[139.643359,35.138367],[139.643223,35.13842]]],[[[139.648086,35.138659],[139.648446,35.138428],[139.648038,35.138482],[139.648086,35.138659]]],[[[139.659479,35.138594],[139.659458,35.138846],[139.659663,35.138777],[139.659479,35.138594]]],[[[139.652973,35.138692],[139.652435,35.138791],[139.652987,35.138848],[139.652973,35.138692]]],[[[139.662227,35.138697],[139.66221,35.138885],[139.662306,35.138748],[139.662227,35.138697]]],[[[139.663706,35.138944],[139.663745,35.138892],[139.663709,35.138902],[139.663706,35.138944]]],[[[139.654747,35.138835],[139.654385,35.139013],[139.654786,35.138935],[139.654747,35.138835]]],[[[139.650205,35.139169],[139.650366,35.138859],[139.650128,35.138867],[139.650205,35.139169]]],[[[139.653296,35.139217],[139.652949,35.139032],[139.652952,35.139215],[139.653296,35.139217]]],[[[139.663299,35.139009],[139.663516,35.139234],[139.663518,35.139049],[139.663299,35.139009]]],[[[139.654148,35.139159],[139.653714,35.139151],[139.653737,35.139216],[139.654148,35.139159]]],[[[139.660201,35.139372],[139.661016,35.139065],[139.660366,35.138921],[139.660201,35.139372]]],[[[139.65041,35.139424],[139.651143,35.139327],[139.650406,35.139369],[139.65041,35.139424]]],[[[139.659964,35.139689],[139.660154,35.139762],[139.660176,35.139631],[139.659964,35.139689]]],[[[139.660167,35.140228],[139.660231,35.140172],[139.660133,35.140134],[139.660167,35.140228]]],[[[139.65024,35.141891],[139.650348,35.141858],[139.650269,35.141844],[139.65024,35.141891]]],[[[139.6501,35.142067],[139.650125,35.141976],[139.650039,35.142009],[139.6501,35.142067]]],[[[139.655641,35.208166],[139.654651,35.206446],[139.655007,35.204595],[139.658291,35.202401],[139.660045,35.2001],[139.660086,35.19832],[139.661997,35.195839],[139.661069,35.194996],[139.664783,35.19306],[139.661895,35.190125],[139.662439,35.189635],[139.66167,35.190253],[139.660096,35.189224],[139.656248,35.184528],[139.654987,35.180791],[139.655318,35.174609],[139.656384,35.17273],[139.65744,35.172887],[139.658203,35.171949],[139.660156,35.171515],[139.660438,35.164305],[139.663365,35.159404],[139.664604,35.160163],[139.665619,35.160232],[139.663894,35.159697],[139.664595,35.158944],[139.666451,35.158968],[139.666853,35.160001],[139.665948,35.160747],[139.667507,35.159588],[139.666919,35.158073],[139.66741,35.157831],[139.669853,35.157664],[139.671918,35.158311],[139.674728,35.157584],[139.678571,35.157656],[139.677882,35.157462],[139.679375,35.156924],[139.678655,35.154853],[139.67992,35.154283],[139.679477,35.153301],[139.679816,35.152783],[139.680565,35.153133],[139.680561,35.151642],[139.681945,35.151031],[139.680346,35.150759],[139.679909,35.150112],[139.680403,35.14974],[139.679894,35.149786],[139.680518,35.149469],[139.679339,35.148983],[139.679508,35.14684],[139.681297,35.146395],[139.680086,35.146046],[139.680117,35.145425],[139.679133,35.145623],[139.678692,35.145137],[139.678779,35.144055],[139.67862,35.143723],[139.678677,35.144845],[139.677537,35.144623],[139.677725,35.14564],[139.676286,35.144899],[139.677217,35.143277],[139.67798,35.143426],[139.677342,35.144159],[139.678186,35.143448],[139.677576,35.143101],[139.678499,35.142879],[139.678486,35.142007],[139.677863,35.14248],[139.677764,35.141792],[139.678964,35.140917],[139.678687,35.14049],[139.677867,35.141107],[139.676475,35.140552],[139.677926,35.140826],[139.678432,35.139892],[139.677821,35.140319],[139.67786,35.139304],[139.677462,35.139707],[139.676921,35.139377],[139.675661,35.140431],[139.674372,35.14059],[139.673956,35.141557],[139.673283,35.141348],[139.673328,35.142136],[139.672456,35.141987],[139.672778,35.141305],[139.670949,35.142096],[139.671905,35.139548],[139.66987,35.139377],[139.668421,35.140994],[139.669152,35.141042],[139.668982,35.14271],[139.666605,35.142852],[139.667642,35.142818],[139.667658,35.14372],[139.668931,35.144665],[139.666235,35.146601],[139.665207,35.146355],[139.665103,35.14495],[139.663949,35.14436],[139.661804,35.144624],[139.662523,35.143342],[139.665179,35.143158],[139.665327,35.14223],[139.665191,35.142612],[139.664789,35.142207],[139.665364,35.141831],[139.663867,35.140274],[139.664525,35.139612],[139.661992,35.140386],[139.661498,35.139579],[139.660337,35.139896],[139.66063,35.140396],[139.66006,35.140674],[139.659214,35.139888],[139.659416,35.139137],[139.658331,35.139643],[139.657152,35.139248],[139.656825,35.138514],[139.657654,35.137682],[139.657069,35.137303],[139.656552,35.138018],[139.656228,35.137407],[139.656159,35.138711],[139.654674,35.139646],[139.652444,35.13957],[139.651867,35.140745],[139.651159,35.14073],[139.652152,35.141657],[139.651476,35.142333],[139.648584,35.141985],[139.648614,35.141303],[139.650262,35.140796],[139.650484,35.139686],[139.648489,35.139704],[139.648745,35.138921],[139.647483,35.13852],[139.647378,35.139272],[139.647169,35.139294],[139.647206,35.138042],[139.646106,35.137698],[139.646395,35.138143],[139.645395,35.137983],[139.645358,35.138567],[139.643725,35.138071],[139.64354,35.139355],[139.641993,35.138085],[139.640648,35.138698],[139.640732,35.138037],[139.639771,35.137931],[139.639212,35.138986],[139.640642,35.139683],[139.639864,35.139961],[139.640436,35.140706],[139.639638,35.141452],[139.638644,35.140493],[139.637905,35.142101],[139.637289,35.142027],[139.637838,35.140605],[139.637263,35.1414],[139.637281,35.140819],[139.633947,35.139768],[139.630117,35.13989],[139.628843,35.138073],[139.630163,35.137199],[139.628357,35.137783],[139.62779,35.13719],[139.625545,35.137502],[139.625936,35.137796],[139.624372,35.138076],[139.623094,35.139115],[139.62146,35.139145],[139.623863,35.142677],[139.623554,35.143075],[139.622388,35.142779],[139.619441,35.138702],[139.616674,35.139751],[139.617589,35.141241],[139.614973,35.139099],[139.61431,35.139545],[139.615378,35.141104],[139.614365,35.141267],[139.613306,35.139383],[139.613585,35.140155],[139.612716,35.140475],[139.613349,35.141629],[139.611842,35.142187],[139.610834,35.141169],[139.610085,35.14145],[139.609117,35.139847],[139.609766,35.141295],[139.604868,35.144703],[139.604392,35.146088],[139.604975,35.144722],[139.607797,35.142878],[139.611333,35.146427],[139.613405,35.145034],[139.613719,35.145449],[139.614201,35.14491],[139.614871,35.145531],[139.61386,35.145959],[139.615017,35.145767],[139.614934,35.146444],[139.615914,35.147043],[139.615669,35.147734],[139.616875,35.147122],[139.617305,35.147597],[139.616292,35.148512],[139.614998,35.148274],[139.613996,35.148971],[139.615786,35.150844],[139.613144,35.150262],[139.612716,35.151082],[139.613328,35.152406],[139.612116,35.151204],[139.611108,35.151124],[139.610494,35.151597],[139.6106,35.152977],[139.610281,35.152395],[139.609314,35.153187],[139.60764,35.153007],[139.608212,35.15374],[139.607047,35.154353],[139.606812,35.154871],[139.607136,35.15521],[139.607441,35.154398],[139.607573,35.155361],[139.607071,35.155948],[139.609123,35.155879],[139.609585,35.154669],[139.610333,35.154769],[139.610145,35.155476],[139.610497,35.154802],[139.611277,35.154911],[139.611092,35.155425],[139.612114,35.155017],[139.613879,35.155719],[139.619306,35.154551],[139.61954,35.155481],[139.616221,35.156162],[139.615847,35.157003],[139.61407,35.157488],[139.614635,35.159399],[139.616652,35.1582],[139.619536,35.158374],[139.618346,35.159496],[139.616038,35.160208],[139.614146,35.160221],[139.612425,35.157958],[139.61109,35.157578],[139.610579,35.159009],[139.611703,35.158979],[139.612033,35.159721],[139.610731,35.160528],[139.61048,35.163247],[139.611893,35.163303],[139.612067,35.162625],[139.61368,35.162976],[139.615287,35.161701],[139.618532,35.16162],[139.618594,35.163383],[139.619051,35.163486],[139.619197,35.162427],[139.619728,35.162708],[139.619317,35.163397],[139.622305,35.163101],[139.622461,35.163516],[139.623454,35.162378],[139.626065,35.161981],[139.626167,35.162375],[139.626236,35.161795],[139.627853,35.163135],[139.630125,35.163592],[139.627615,35.164241],[139.626211,35.163119],[139.625166,35.163764],[139.626354,35.164898],[139.62456,35.164047],[139.622495,35.165619],[139.618564,35.16653],[139.616825,35.1653],[139.61799,35.166323],[139.616719,35.166823],[139.617989,35.168394],[139.616936,35.16881],[139.617528,35.169256],[139.616523,35.170041],[139.616572,35.171513],[139.618016,35.171848],[139.617832,35.17337],[139.618471,35.172019],[139.619537,35.172476],[139.620069,35.174673],[139.61846,35.179021],[139.615573,35.181158],[139.615762,35.182143],[139.614733,35.183009],[139.614298,35.182857],[139.613932,35.183097],[139.616287,35.182954],[139.620176,35.18373],[139.618846,35.184399],[139.618359,35.183961],[139.617912,35.185072],[139.618806,35.185318],[139.618094,35.185845],[139.616856,35.185202],[139.616257,35.18537],[139.617626,35.18627],[139.616522,35.1867],[139.61739,35.187152],[139.617332,35.1878],[139.615717,35.189934],[139.616691,35.191501],[139.621209,35.197457],[139.622799,35.198237],[139.624581,35.197909],[139.626774,35.199694],[139.627978,35.199095],[139.630116,35.199794],[139.630089,35.20087],[139.632864,35.205214],[139.635942,35.206146],[139.638273,35.205898],[139.640752,35.206533],[139.647924,35.206411],[139.654963,35.209792],[139.655641,35.208166]]],[[[139.660005,35.176969],[139.660095,35.17712],[139.660138,35.177022],[139.660005,35.176969]]],[[[139.655345,35.177825],[139.655415,35.177747],[139.655331,35.177762],[139.655345,35.177825]]],[[[139.655563,35.177857],[139.655665,35.177843],[139.655592,35.177797],[139.655563,35.177857]]],[[[139.655835,35.177908],[139.655905,35.177847],[139.655821,35.177842],[139.655835,35.177908]]],[[[139.655787,35.178043],[139.655896,35.178087],[139.655848,35.178015],[139.655787,35.178043]]],[[[139.65552,35.178104],[139.655644,35.178111],[139.655565,35.178035],[139.65552,35.178104]]],[[[139.663293,35.189891],[139.663835,35.190209],[139.663351,35.18984],[139.663293,35.189891]]],[[[139.664503,35.135982],[139.664611,35.136035],[139.664611,35.135988],[139.664503,35.135982]]],[[[139.668744,35.136359],[139.668703,35.136565],[139.668821,35.136424],[139.668744,35.136359]]],[[[139.668709,35.137413],[139.669043,35.137284],[139.668685,35.137219],[139.668709,35.137413]]],[[[139.663922,35.138924],[139.664001,35.138875],[139.663943,35.13886],[139.663922,35.138924]]],[[[139.673627,35.139084],[139.673802,35.139031],[139.673636,35.138988],[139.673627,35.139084]]],[[[139.673867,35.139456],[139.673664,35.139757],[139.673849,35.139778],[139.673867,35.139456]]],[[[139.671819,35.140452],[139.671978,35.140532],[139.672009,35.140474],[139.671819,35.140452]]],[[[139.674113,35.140698],[139.674081,35.140444],[139.673857,35.140732],[139.674113,35.140698]]],[[[139.667264,35.140607],[139.667417,35.140644],[139.667346,35.140569],[139.667264,35.140607]]],[[[139.66774,35.1408],[139.667586,35.140702],[139.667565,35.140809],[139.66774,35.1408]]],[[[139.667126,35.140715],[139.667034,35.140846],[139.66718,35.140763],[139.667126,35.140715]]],[[[139.667236,35.140967],[139.667299,35.14089],[139.667194,35.1409],[139.667236,35.140967]]],[[[139.67319,35.140845],[139.673279,35.141022],[139.673251,35.140847],[139.67319,35.140845]]],[[[139.673634,35.140904],[139.673756,35.141017],[139.673717,35.140881],[139.673634,35.140904]]],[[[139.671774,35.141124],[139.671922,35.141148],[139.671912,35.1411],[139.671774,35.141124]]],[[[139.668133,35.14118],[139.668315,35.141203],[139.668267,35.141133],[139.668133,35.14118]]],[[[139.678495,35.14178],[139.678663,35.14184],[139.67865,35.141774],[139.678495,35.14178]]],[[[139.679571,35.144781],[139.679695,35.144657],[139.679621,35.144629],[139.679571,35.144781]]],[[[139.668153,35.144867],[139.668199,35.145056],[139.668356,35.144937],[139.668153,35.144867]]],[[[139.680438,35.145382],[139.680644,35.145444],[139.680685,35.145354],[139.680438,35.145382]]],[[[139.667181,35.145595],[139.667046,35.145371],[139.666942,35.145614],[139.667181,35.145595]]],[[[139.680757,35.149743],[139.680481,35.14976],[139.680654,35.149877],[139.680757,35.149743]]],[[[139.682417,35.150148],[139.682581,35.149808],[139.682174,35.149888],[139.682417,35.150148]]],[[[139.68045,35.150008],[139.680605,35.150022],[139.680467,35.149967],[139.68045,35.150008]]],[[[139.682038,35.149995],[139.682005,35.150151],[139.682103,35.150094],[139.682038,35.149995]]],[[[139.679725,35.15346],[139.6799,35.15347],[139.679781,35.153392],[139.679725,35.15346]]],[[[139.680141,35.15382],[139.68031,35.153529],[139.679999,35.153524],[139.680141,35.15382]]],[[[139.68024,35.154156],[139.680362,35.154211],[139.680307,35.154109],[139.68024,35.154156]]],[[[139.679884,35.154431],[139.680023,35.154491],[139.67996,35.154407],[139.679884,35.154431]]]]}},{"type":"Feature","properties":{"N03_007":"14211","N03_001":"神奈川県","nam_ja":"秦野市"},"geometry":{"type":"Polygon","coordinates":[[[139.216294,35.461194],[139.221403,35.458585],[139.22331,35.45912],[139.225408,35.457818],[139.229021,35.456829],[139.229018,35.454321],[139.228002,35.451436],[139.229902,35.449818],[139.22993,35.448427],[139.231518,35.445972],[139.230527,35.443768],[139.23122,35.440982],[139.230244,35.440243],[139.229965,35.438267],[139.232741,35.434608],[139.231497,35.432239],[139.2347,35.427299],[139.23491,35.425218],[139.239014,35.422096],[139.23885,35.417701],[139.242585,35.415766],[139.243778,35.413635],[139.246389,35.413694],[139.247563,35.412431],[139.248927,35.408765],[139.250985,35.408109],[139.252168,35.406189],[139.254757,35.40518],[139.254631,35.402225],[139.255756,35.401459],[139.255709,35.400228],[139.258294,35.397724],[139.254592,35.39498],[139.254095,35.393452],[139.250855,35.391217],[139.25187,35.388237],[139.251725,35.386504],[139.252734,35.385434],[139.252213,35.382098],[139.25547,35.381761],[139.259197,35.382276],[139.260358,35.383601],[139.264982,35.385693],[139.267171,35.384301],[139.270782,35.385452],[139.274185,35.385303],[139.275687,35.386372],[139.27693,35.386134],[139.277708,35.385148],[139.278877,35.386077],[139.280303,35.386103],[139.283805,35.382985],[139.289257,35.381181],[139.290849,35.381201],[139.291889,35.373429],[139.287337,35.37378],[139.285526,35.373397],[139.283805,35.374229],[139.28267,35.372854],[139.277156,35.373239],[139.274882,35.372696],[139.273649,35.370277],[139.273946,35.36798],[139.267093,35.356223],[139.261787,35.356861],[139.251191,35.354087],[139.244652,35.355469],[139.240024,35.352576],[139.237248,35.352512],[139.23608,35.351697],[139.234538,35.351884],[139.233548,35.351264],[139.224753,35.35333],[139.222756,35.352964],[139.222358,35.353665],[139.219377,35.353281],[139.217578,35.351711],[139.211929,35.356365],[139.21279,35.358239],[139.210992,35.360164],[139.210159,35.360509],[139.209464,35.359389],[139.207178,35.360318],[139.206391,35.361326],[139.205457,35.361273],[139.204569,35.359557],[139.201468,35.360121],[139.200159,35.359128],[139.198936,35.354758],[139.196305,35.355589],[139.193465,35.354296],[139.190227,35.354031],[139.188704,35.351688],[139.186771,35.3534],[139.184707,35.35032],[139.182145,35.34899],[139.182239,35.346655],[139.179931,35.345995],[139.177659,35.347538],[139.176733,35.349785],[139.173708,35.351456],[139.172032,35.356909],[139.170008,35.359265],[139.16863,35.358356],[139.165976,35.358301],[139.163454,35.356716],[139.161492,35.35687],[139.159692,35.356285],[139.158656,35.356862],[139.159909,35.358387],[139.158606,35.362094],[139.157303,35.363758],[139.15801,35.364492],[139.155222,35.366528],[139.153682,35.368957],[139.149129,35.372812],[139.146868,35.377559],[139.144693,35.379176],[139.144125,35.38166],[139.145802,35.385806],[139.144507,35.388391],[139.147948,35.389881],[139.150278,35.391918],[139.152639,35.395364],[139.150926,35.395825],[139.149152,35.401056],[139.149971,35.40431],[139.146253,35.407235],[139.145298,35.409689],[139.147904,35.414079],[139.146923,35.418042],[139.14846,35.420344],[139.147096,35.422777],[139.145549,35.429568],[139.143835,35.430786],[139.14304,35.433711],[139.141448,35.43514],[139.142309,35.439598],[139.141243,35.442338],[139.141398,35.444152],[139.14373,35.444983],[139.148696,35.444252],[139.152547,35.445412],[139.154752,35.44516],[139.157521,35.449102],[139.161021,35.449905],[139.163388,35.454025],[139.173129,35.452856],[139.176674,35.451487],[139.17732,35.44946],[139.178978,35.447431],[139.182023,35.449217],[139.186217,35.448925],[139.189872,35.449598],[139.191586,35.450782],[139.192887,35.450531],[139.194075,35.451025],[139.195628,35.449337],[139.196327,35.449392],[139.202182,35.454507],[139.201792,35.456758],[139.202833,35.457464],[139.203661,35.459911],[139.205678,35.460529],[139.207127,35.460053],[139.207495,35.459219],[139.209583,35.460184],[139.211534,35.459595],[139.212895,35.460884],[139.216294,35.461194]]]}},{"type":"Feature","properties":{"N03_007":"14212","N03_001":"神奈川県","nam_ja":"厚木市"},"geometry":{"type":"Polygon","coordinates":[[[139.376417,35.506049],[139.373737,35.48805],[139.374947,35.482683],[139.379221,35.472078],[139.38002,35.465579],[139.378321,35.457998],[139.370654,35.448601],[139.370683,35.445329],[139.372795,35.441496],[139.372981,35.439319],[139.375235,35.437201],[139.373392,35.434129],[139.374125,35.428771],[139.371261,35.420502],[139.369224,35.408341],[139.36966,35.404048],[139.373917,35.395961],[139.373469,35.3945],[139.370604,35.394998],[139.370636,35.393454],[139.369355,35.393538],[139.369032,35.394814],[139.359014,35.394805],[139.35903,35.395802],[139.357767,35.395812],[139.357781,35.399691],[139.356507,35.399687],[139.356502,35.403799],[139.354966,35.403807],[139.355018,35.394911],[139.353645,35.394693],[139.35226,35.397417],[139.352229,35.400155],[139.348686,35.403692],[139.347903,35.405315],[139.348466,35.412864],[139.346801,35.41591],[139.333412,35.423121],[139.329825,35.424211],[139.329082,35.424979],[139.329136,35.426477],[139.326363,35.428031],[139.324809,35.42766],[139.322173,35.428385],[139.322621,35.426487],[139.321723,35.424294],[139.31722,35.421575],[139.315361,35.421419],[139.312841,35.424259],[139.30985,35.424022],[139.305371,35.427663],[139.303089,35.428283],[139.301977,35.433106],[139.298278,35.436041],[139.295846,35.434908],[139.29482,35.435464],[139.294112,35.437095],[139.289068,35.438868],[139.288362,35.440136],[139.279441,35.44109],[139.277109,35.442881],[139.271837,35.443426],[139.270514,35.444131],[139.267037,35.443435],[139.264176,35.445164],[139.261606,35.445363],[139.261119,35.446202],[139.258247,35.446586],[139.257164,35.447512],[139.254939,35.447942],[139.252304,35.447618],[139.250896,35.446651],[139.248701,35.447187],[139.247923,35.44674],[139.2431,35.44705],[139.242216,35.443898],[139.240291,35.441742],[139.238876,35.442051],[139.236113,35.44071],[139.235037,35.4412],[139.231913,35.440651],[139.23122,35.440982],[139.230527,35.443768],[139.231518,35.445972],[139.22993,35.448427],[139.229902,35.449818],[139.228075,35.451292],[139.228301,35.452226],[139.230597,35.452399],[139.234797,35.455893],[139.237929,35.456376],[139.236879,35.459111],[139.242825,35.460745],[139.245442,35.462831],[139.246505,35.462789],[139.248856,35.460146],[139.253156,35.459704],[139.254896,35.459781],[139.257248,35.460872],[139.260701,35.460699],[139.265729,35.461416],[139.266996,35.462693],[139.271886,35.460724],[139.277889,35.46231],[139.281057,35.462435],[139.285444,35.461073],[139.288178,35.461469],[139.289782,35.463271],[139.293813,35.462038],[139.295371,35.463206],[139.296208,35.464717],[139.296314,35.469689],[139.298419,35.471695],[139.298295,35.473533],[139.299397,35.474819],[139.29873,35.477923],[139.297262,35.479859],[139.295492,35.48088],[139.290609,35.481818],[139.287205,35.489355],[139.283321,35.491988],[139.281746,35.495238],[139.283291,35.497398],[139.280303,35.498663],[139.278907,35.500304],[139.277368,35.505515],[139.275982,35.507354],[139.277321,35.509286],[139.276963,35.511157],[139.278179,35.512986],[139.281621,35.512034],[139.285091,35.512663],[139.289695,35.515171],[139.290651,35.51611],[139.290559,35.517454],[139.294316,35.518693],[139.295762,35.52076],[139.296969,35.521065],[139.298959,35.520462],[139.300153,35.521281],[139.302289,35.520825],[139.304098,35.52134],[139.304644,35.520579],[139.307414,35.5227],[139.311162,35.520532],[139.312094,35.51921],[139.311519,35.517214],[139.315603,35.513711],[139.316347,35.510781],[139.314992,35.509372],[139.315811,35.508471],[139.317625,35.50917],[139.319145,35.507479],[139.320701,35.507515],[139.322335,35.505992],[139.324842,35.507534],[139.327119,35.50617],[139.330365,35.505985],[139.332119,35.504813],[139.334635,35.504484],[139.340389,35.499954],[139.343597,35.498258],[139.347685,35.498917],[139.346857,35.504888],[139.348436,35.505043],[139.346628,35.506647],[139.348036,35.507215],[139.347482,35.508319],[139.350265,35.509064],[139.34736,35.517089],[139.354554,35.519225],[139.353729,35.522552],[139.351027,35.523675],[139.354505,35.527467],[139.359612,35.523252],[139.363888,35.520876],[139.37539,35.5172],[139.376571,35.512795],[139.376417,35.506049]]]}},{"type":"Feature","properties":{"N03_007":"14213","N03_001":"神奈川県","nam_ja":"大和市"},"geometry":{"type":"Polygon","coordinates":[[[139.461121,35.51928],[139.463565,35.517421],[139.464609,35.511466],[139.468268,35.506206],[139.467464,35.501233],[139.464783,35.497437],[139.466229,35.495316],[139.468855,35.494548],[139.470779,35.492119],[139.470967,35.488989],[139.469395,35.485756],[139.470873,35.481269],[139.470046,35.478291],[139.471758,35.472313],[139.473202,35.470482],[139.474508,35.469863],[139.473565,35.466159],[139.472096,35.464176],[139.472058,35.462573],[139.474199,35.456929],[139.477561,35.452587],[139.478677,35.449939],[139.479781,35.449928],[139.480665,35.448618],[139.479034,35.444708],[139.477335,35.443264],[139.475375,35.439711],[139.474864,35.43697],[139.473154,35.435772],[139.472794,35.432187],[139.473979,35.430534],[139.472776,35.424147],[139.470849,35.423557],[139.46732,35.423645],[139.466264,35.428942],[139.465458,35.429085],[139.464389,35.428374],[139.465818,35.427277],[139.466079,35.424192],[139.464302,35.424401],[139.464306,35.423498],[139.461083,35.422747],[139.459821,35.423575],[139.459358,35.42503],[139.457243,35.424717],[139.447804,35.427971],[139.449473,35.432473],[139.449645,35.445712],[139.454542,35.452264],[139.454216,35.456833],[139.452154,35.459386],[139.45098,35.46782],[139.44093,35.46698],[139.436489,35.467328],[139.436299,35.47327],[139.4349,35.477302],[139.438835,35.479921],[139.429239,35.507373],[139.442779,35.512338],[139.447184,35.516827],[139.45071,35.518001],[139.452432,35.517457],[139.452721,35.518412],[139.454944,35.519354],[139.455766,35.520468],[139.461121,35.51928]]]}},{"type":"Feature","properties":{"N03_007":"14214","N03_001":"神奈川県","nam_ja":"伊勢原市"},"geometry":{"type":"Polygon","coordinates":[[[139.25264,35.447704],[139.257164,35.447512],[139.258247,35.446586],[139.261119,35.446202],[139.261606,35.445363],[139.264176,35.445164],[139.267037,35.443435],[139.270514,35.444131],[139.271837,35.443426],[139.277109,35.442881],[139.279441,35.44109],[139.288362,35.440136],[139.289068,35.438868],[139.294112,35.437095],[139.29482,35.435464],[139.295846,35.434908],[139.298278,35.436041],[139.301977,35.433106],[139.303089,35.428283],[139.305371,35.427663],[139.30985,35.424022],[139.312841,35.424259],[139.315361,35.421419],[139.31722,35.421575],[139.321723,35.424294],[139.322621,35.426487],[139.322173,35.428385],[139.324809,35.42766],[139.326363,35.428031],[139.329136,35.426477],[139.329082,35.424979],[139.329825,35.424211],[139.333412,35.423121],[139.346801,35.41591],[139.348466,35.412864],[139.348102,35.404784],[139.352229,35.400155],[139.35226,35.397417],[139.353619,35.394727],[139.357437,35.390815],[139.356335,35.385822],[139.354123,35.382064],[139.347875,35.378827],[139.346944,35.37897],[139.348451,35.383638],[139.3485,35.387361],[139.348245,35.388297],[139.345877,35.388638],[139.343879,35.380026],[139.334771,35.384611],[139.333005,35.381373],[139.331665,35.380696],[139.326497,35.381303],[139.325038,35.378934],[139.323987,35.38058],[139.322132,35.380676],[139.319645,35.383223],[139.31855,35.381801],[139.318919,35.37754],[139.321596,35.369415],[139.31822,35.370006],[139.318256,35.370853],[139.316426,35.371209],[139.314765,35.374397],[139.315312,35.375135],[139.313286,35.378147],[139.310205,35.378807],[139.309679,35.380311],[139.30771,35.38029],[139.308194,35.381731],[139.303977,35.383165],[139.302274,35.385456],[139.30342,35.387903],[139.302763,35.388213],[139.30178,35.386613],[139.3016,35.383351],[139.300617,35.381111],[139.295425,35.381694],[139.289257,35.381181],[139.283805,35.382985],[139.280303,35.386103],[139.278877,35.386077],[139.277708,35.385148],[139.275976,35.386391],[139.274185,35.385303],[139.270782,35.385452],[139.267171,35.384301],[139.264982,35.385693],[139.260358,35.383601],[139.259197,35.382276],[139.25547,35.381761],[139.252213,35.382098],[139.252734,35.385434],[139.251725,35.386504],[139.25187,35.388237],[139.250855,35.391217],[139.254095,35.393452],[139.254592,35.39498],[139.258294,35.397724],[139.255709,35.400228],[139.255756,35.401459],[139.254631,35.402225],[139.254757,35.40518],[139.252168,35.406189],[139.250985,35.408109],[139.248927,35.408765],[139.247563,35.412431],[139.246389,35.413694],[139.243778,35.413635],[139.242585,35.415766],[139.240305,35.416528],[139.238742,35.417827],[139.239139,35.421846],[139.23491,35.425218],[139.2347,35.427299],[139.231497,35.432239],[139.232741,35.434608],[139.229948,35.43849],[139.230244,35.440243],[139.23122,35.440982],[139.231913,35.440651],[139.235037,35.4412],[139.236113,35.44071],[139.238876,35.442051],[139.240291,35.441742],[139.242216,35.443898],[139.2431,35.44705],[139.247923,35.44674],[139.248701,35.447187],[139.250896,35.446651],[139.25264,35.447704]]]}},{"type":"Feature","properties":{"N03_007":"14215","N03_001":"神奈川県","nam_ja":"海老名市"},"geometry":{"type":"Polygon","coordinates":[[[139.436299,35.47327],[139.436196,35.467018],[139.422205,35.465898],[139.42117,35.467924],[139.416964,35.464193],[139.414441,35.460704],[139.415931,35.45757],[139.411211,35.457433],[139.408747,35.456288],[139.406485,35.452813],[139.407004,35.449155],[139.402635,35.448242],[139.407056,35.442874],[139.406954,35.439665],[139.409637,35.433408],[139.410272,35.429886],[139.409246,35.422443],[139.40644,35.410947],[139.406948,35.407679],[139.403354,35.401927],[139.402134,35.402414],[139.401179,35.400649],[139.397575,35.401581],[139.388374,35.39989],[139.383886,35.401177],[139.371806,35.400677],[139.369448,35.404848],[139.369349,35.411137],[139.371261,35.420502],[139.374125,35.428771],[139.373392,35.434129],[139.375235,35.437201],[139.372981,35.439319],[139.372795,35.441496],[139.370683,35.445329],[139.370654,35.448601],[139.378469,35.458276],[139.379865,35.463737],[139.379552,35.470208],[139.385718,35.470271],[139.386053,35.470673],[139.387516,35.47032],[139.388964,35.47164],[139.395461,35.47152],[139.397398,35.473617],[139.402767,35.473769],[139.408558,35.471485],[139.414109,35.471385],[139.421534,35.468571],[139.434628,35.477389],[139.436299,35.47327]]]}},{"type":"Feature","properties":{"N03_007":"14216","N03_001":"神奈川県","nam_ja":"座間市"},"geometry":{"type":"Polygon","coordinates":[[[139.427673,35.511414],[139.437888,35.483508],[139.438835,35.479921],[139.438001,35.479239],[139.421534,35.468571],[139.414109,35.471385],[139.408558,35.471485],[139.402767,35.473769],[139.397398,35.473617],[139.395461,35.47152],[139.388964,35.47164],[139.387516,35.47032],[139.386053,35.470673],[139.385718,35.470271],[139.379552,35.470208],[139.374238,35.484978],[139.373968,35.491824],[139.383451,35.49097],[139.383524,35.490466],[139.387656,35.490957],[139.388175,35.493032],[139.391268,35.493999],[139.392347,35.49643],[139.395535,35.49755],[139.39548,35.497164],[139.397827,35.497385],[139.399627,35.496651],[139.400485,35.497651],[139.40129,35.496766],[139.401681,35.497622],[139.403949,35.49786],[139.403955,35.498459],[139.406847,35.49931],[139.409773,35.502365],[139.409782,35.503649],[139.41065,35.504257],[139.410227,35.504667],[139.411033,35.504953],[139.410937,35.50595],[139.410391,35.506022],[139.420501,35.515425],[139.427673,35.511414]]]}},{"type":"Feature","properties":{"N03_007":"14217","N03_001":"神奈川県","nam_ja":"南足柄市"},"geometry":{"type":"Polygon","coordinates":[[[139.104553,35.351679],[139.112506,35.352172],[139.110993,35.349391],[139.10659,35.344747],[139.106961,35.343872],[139.11005,35.339669],[139.114572,35.338674],[139.114977,35.336601],[139.116637,35.334087],[139.117889,35.328676],[139.120837,35.324367],[139.120615,35.321547],[139.121659,35.31966],[139.125911,35.318105],[139.129942,35.318352],[139.130655,35.317675],[139.130184,35.317272],[139.133708,35.310591],[139.132212,35.309591],[139.13166,35.308088],[139.133259,35.297155],[139.13508,35.292961],[139.134273,35.291901],[139.136681,35.29114],[139.137884,35.289847],[139.137475,35.288833],[139.135285,35.29017],[139.132119,35.294046],[139.130427,35.294303],[139.130748,35.291854],[139.131698,35.291923],[139.132075,35.290772],[139.130787,35.28821],[139.126572,35.286648],[139.123574,35.287584],[139.121291,35.286804],[139.120227,35.285225],[139.121606,35.28154],[139.119389,35.281335],[139.11838,35.280107],[139.110988,35.279032],[139.108004,35.279785],[139.103479,35.278315],[139.100947,35.278987],[139.097233,35.278044],[139.092203,35.277868],[139.087092,35.275075],[139.085316,35.276048],[139.071002,35.271967],[139.069749,35.272581],[139.066171,35.272742],[139.06279,35.271828],[139.05927,35.272161],[139.057834,35.273865],[139.055821,35.274347],[139.052887,35.277755],[139.052275,35.279624],[139.049403,35.281688],[139.043986,35.281494],[139.042017,35.279308],[139.036423,35.27815],[139.034961,35.275942],[139.032106,35.275166],[139.030643,35.27408],[139.029552,35.274576],[139.028338,35.276381],[139.025758,35.277603],[139.024498,35.277631],[139.02206,35.279005],[139.017485,35.27917],[139.016173,35.281492],[139.014657,35.28137],[139.010712,35.28247],[139.00994,35.285145],[139.007821,35.286561],[139.006323,35.288977],[139.004612,35.289898],[139.004461,35.292622],[139.006658,35.295571],[139.006068,35.298462],[139.010696,35.310598],[139.009633,35.313649],[139.012911,35.317511],[139.012687,35.319706],[139.015143,35.320684],[139.016465,35.322409],[139.018975,35.32906],[139.018528,35.329846],[139.019393,35.330718],[139.022757,35.331645],[139.026802,35.331033],[139.028586,35.332023],[139.031602,35.332325],[139.030181,35.336759],[139.032906,35.337658],[139.036819,35.342055],[139.043579,35.342571],[139.049148,35.344879],[139.050034,35.347529],[139.049291,35.348747],[139.050233,35.348679],[139.051087,35.350152],[139.053156,35.350194],[139.053438,35.351151],[139.054387,35.350826],[139.055802,35.351503],[139.059317,35.351477],[139.063472,35.348406],[139.065947,35.348048],[139.066292,35.34712],[139.068882,35.347052],[139.071182,35.347197],[139.073935,35.348609],[139.079734,35.350211],[139.085828,35.348555],[139.091059,35.350541],[139.093459,35.346776],[139.095719,35.346103],[139.097252,35.346549],[139.098933,35.349345],[139.100538,35.350319],[139.104553,35.351679]],[[139.128555,35.316546],[139.129827,35.31589],[139.12796,35.317867],[139.128555,35.316546]]]}},{"type":"Feature","properties":{"N03_007":"14218","N03_001":"神奈川県","nam_ja":"綾瀬市"},"geometry":{"type":"Polygon","coordinates":[[[139.422163,35.465925],[139.436489,35.467328],[139.44093,35.46698],[139.451056,35.467702],[139.452154,35.459386],[139.454216,35.456833],[139.454553,35.452313],[139.449645,35.445712],[139.449473,35.432473],[139.447804,35.427971],[139.445156,35.428581],[139.44364,35.427542],[139.448719,35.423462],[139.452136,35.421607],[139.45462,35.4184],[139.4565,35.417347],[139.456845,35.416522],[139.45597,35.415535],[139.456555,35.414794],[139.455277,35.412573],[139.457724,35.411704],[139.45639,35.411626],[139.456007,35.410995],[139.454759,35.411361],[139.454215,35.410912],[139.453529,35.411296],[139.453054,35.410613],[139.451832,35.410861],[139.448782,35.408865],[139.448753,35.407506],[139.44257,35.407402],[139.441215,35.409301],[139.44252,35.413138],[139.436359,35.416372],[139.434001,35.418547],[139.427109,35.419728],[139.424909,35.419719],[139.424094,35.416265],[139.412917,35.41906],[139.412579,35.418148],[139.413341,35.415712],[139.411745,35.41424],[139.410552,35.411344],[139.406948,35.407679],[139.406617,35.408256],[139.40644,35.410947],[139.409246,35.422443],[139.410249,35.430244],[139.409637,35.433408],[139.406954,35.439665],[139.407056,35.442874],[139.402551,35.448034],[139.402912,35.448531],[139.407004,35.449155],[139.406485,35.452813],[139.408747,35.456288],[139.411211,35.457433],[139.415931,35.45757],[139.414441,35.460704],[139.416964,35.464193],[139.42117,35.467924],[139.422163,35.465925]]]}},{"type":"Feature","properties":{"N03_007":"14301","N03_001":"神奈川県","nam_ja":"葉山町"},"geometry":{"type":"MultiPolygon","coordinates":[[[[139.55657,35.269109],[139.556804,35.269149],[139.556625,35.269048],[139.55657,35.269109]]],[[[139.556742,35.269403],[139.556886,35.269346],[139.556762,35.269318],[139.556742,35.269403]]],[[[139.55782,35.269555],[139.557518,35.269639],[139.557655,35.269803],[139.55782,35.269555]]],[[[139.558912,35.269836],[139.558905,35.269707],[139.558844,35.269763],[139.558912,35.269836]]],[[[139.558919,35.26996],[139.558795,35.269943],[139.558851,35.270005],[139.558919,35.26996]]],[[[139.55951,35.270039],[139.559572,35.26996],[139.559544,35.269966],[139.55951,35.270039]]],[[[139.558377,35.270152],[139.558562,35.270101],[139.558514,35.270061],[139.558377,35.270152]]],[[[139.558685,35.270135],[139.558809,35.270264],[139.558878,35.270067],[139.558685,35.270135]]],[[[139.560245,35.270242],[139.560231,35.270326],[139.5603,35.270304],[139.560245,35.270242]]],[[[139.559936,35.270377],[139.559867,35.270321],[139.559826,35.270371],[139.559936,35.270377]]],[[[139.561186,35.270445],[139.561214,35.270326],[139.561159,35.270321],[139.561186,35.270445]]],[[[139.55929,35.270546],[139.559517,35.270163],[139.559029,35.270653],[139.55929,35.270546]]],[[[139.561495,35.270466],[139.561409,35.270511],[139.561415,35.270539],[139.561495,35.270466]]],[[[139.562058,35.270588],[139.561999,35.270607],[139.562009,35.270637],[139.562058,35.270588]]],[[[139.56152,35.270664],[139.561406,35.270667],[139.56146,35.270721],[139.56152,35.270664]]],[[[139.558747,35.270743],[139.558775,35.270648],[139.558713,35.270614],[139.558747,35.270743]]],[[[139.55962,35.270563],[139.559372,35.270715],[139.559421,35.270828],[139.55962,35.270563]]],[[[139.557834,35.2708],[139.557786,35.270676],[139.557765,35.270693],[139.557834,35.2708]]],[[[139.562052,35.270821],[139.561983,35.27085],[139.562021,35.270871],[139.562052,35.270821]]],[[[139.562662,35.270864],[139.562635,35.270948],[139.562645,35.270966],[139.562662,35.270864]]],[[[139.562133,35.270907],[139.562075,35.270944],[139.562069,35.270977],[139.562133,35.270907]]],[[[139.562378,35.271048],[139.562538,35.270973],[139.562489,35.270863],[139.562378,35.271048]]],[[[139.562378,35.271016],[139.562412,35.270938],[139.562346,35.270997],[139.562378,35.271016]]],[[[139.561914,35.271003],[139.561845,35.270952],[139.561859,35.271019],[139.561914,35.271003]]],[[[139.562242,35.270923],[139.562087,35.271098],[139.562108,35.271159],[139.562242,35.270923]]],[[[139.558844,35.271098],[139.558864,35.270997],[139.558795,35.271081],[139.558844,35.271098]]],[[[139.557957,35.27111],[139.557951,35.270997],[139.557902,35.271036],[139.557957,35.27111]]],[[[139.562279,35.271034],[139.562317,35.271096],[139.562313,35.27102],[139.562279,35.271034]]],[[[139.562555,35.271092],[139.562461,35.271106],[139.562449,35.271135],[139.562555,35.271092]]],[[[139.561449,35.271375],[139.561191,35.270874],[139.561132,35.271489],[139.561449,35.271375]]],[[[139.561074,35.271486],[139.560684,35.270559],[139.559644,35.270928],[139.560443,35.271822],[139.561074,35.271486]]],[[[139.562254,35.27115],[139.562331,35.271233],[139.562348,35.271131],[139.562254,35.27115]]],[[[139.562206,35.271482],[139.561815,35.271079],[139.561615,35.271327],[139.562206,35.271482]]],[[[139.565796,35.264097],[139.565577,35.264021],[139.565488,35.264086],[139.565796,35.264097]]],[[[139.565627,35.264157],[139.565602,35.264206],[139.565674,35.264194],[139.565627,35.264157]]],[[[139.565451,35.26418],[139.56543,35.264291],[139.565563,35.264226],[139.565451,35.26418]]],[[[139.565513,35.264474],[139.565847,35.264198],[139.56562,35.264282],[139.565513,35.264474]]],[[[139.564538,35.264373],[139.564443,35.264546],[139.564538,35.264524],[139.564538,35.264373]]],[[[139.565769,35.264471],[139.56573,35.264472],[139.565733,35.264503],[139.565769,35.264471]]],[[[139.565726,35.264545],[139.565631,35.264572],[139.565658,35.264582],[139.565726,35.264545]]],[[[139.565205,35.264626],[139.565369,35.26453],[139.565345,35.264474],[139.565205,35.264626]]],[[[139.56436,35.264541],[139.564267,35.264674],[139.564431,35.264587],[139.56436,35.264541]]],[[[139.565464,35.264637],[139.565512,35.264655],[139.565518,35.264634],[139.565464,35.264637]]],[[[139.565534,35.26466],[139.565578,35.264689],[139.565577,35.264661],[139.565534,35.26466]]],[[[139.565633,35.264778],[139.565514,35.264706],[139.565441,35.264759],[139.565633,35.264778]]],[[[139.564691,35.264869],[139.564716,35.264889],[139.564722,35.264862],[139.564691,35.264869]]],[[[139.565698,35.264983],[139.565754,35.264941],[139.565688,35.264962],[139.565698,35.264983]]],[[[139.564718,35.264986],[139.564763,35.26493],[139.564699,35.265016],[139.564718,35.264986]]],[[[139.564937,35.264902],[139.564832,35.265091],[139.565021,35.264976],[139.564937,35.264902]]],[[[139.565383,35.265008],[139.5653,35.265098],[139.56541,35.265081],[139.565383,35.265008]]],[[[139.564621,35.265054],[139.564525,35.265211],[139.564706,35.265052],[139.564621,35.265054]]],[[[139.564708,35.265173],[139.564747,35.265146],[139.564724,35.26514],[139.564708,35.265173]]],[[[139.565081,35.265191],[139.565169,35.265171],[139.565134,35.265119],[139.565081,35.265191]]],[[[139.56469,35.265187],[139.564637,35.265202],[139.564646,35.265218],[139.56469,35.265187]]],[[[139.564042,35.265341],[139.564059,35.26539],[139.564076,35.265401],[139.564125,35.265339],[139.564042,35.265341]]],[[[139.564634,35.265407],[139.564633,35.265366],[139.564572,35.265404],[139.564634,35.265407]]],[[[139.564578,35.265489],[139.564686,35.265453],[139.564587,35.265427],[139.564578,35.265489]]],[[[139.565149,35.265881],[139.565967,35.265267],[139.565898,35.265002],[139.564112,35.265774],[139.565149,35.265881]]],[[[139.565733,35.266039],[139.565815,35.265943],[139.565733,35.265932],[139.565733,35.266039]]],[[[139.562932,35.270488],[139.562893,35.270555],[139.562917,35.270581],[139.562932,35.270488]]],[[[139.563046,35.270582],[139.563011,35.270659],[139.563065,35.270586],[139.563046,35.270582]]],[[[139.562866,35.270785],[139.562801,35.270733],[139.562771,35.270811],[139.562866,35.270785]]],[[[139.563514,35.270974],[139.563652,35.270879],[139.563597,35.270845],[139.563514,35.270974]]],[[[139.564064,35.271008],[139.563995,35.271059],[139.564064,35.271048],[139.564064,35.271008]]],[[[139.565794,35.271393],[139.565863,35.271498],[139.565885,35.271471],[139.565794,35.271393]]],[[[139.565661,35.271586],[139.565599,35.27154],[139.565632,35.271601],[139.565661,35.271586]]],[[[139.565966,35.264311],[139.566073,35.264271],[139.565998,35.264263],[139.565966,35.264311]]],[[[139.565965,35.26444],[139.566032,35.264405],[139.565961,35.264405],[139.565965,35.26444]]],[[[139.565877,35.264901],[139.565861,35.264835],[139.565781,35.264894],[139.565877,35.264901]]],[[[139.567334,35.265441],[139.567251,35.264782],[139.56675,35.264918],[139.567334,35.265441]]],[[[139.566571,35.265453],[139.566585,35.265312],[139.566509,35.265351],[139.566571,35.265453]]],[[[139.566358,35.265475],[139.566337,35.265379],[139.566282,35.265396],[139.566358,35.265475]]],[[[139.567947,35.26556],[139.568001,35.265465],[139.567951,35.265458],[139.567947,35.26556]]],[[[139.567065,35.265599],[139.567086,35.265464],[139.566956,35.265492],[139.567065,35.265599]]],[[[139.565946,35.265684],[139.565953,35.265583],[139.565864,35.265644],[139.565946,35.265684]]],[[[139.5662,35.265689],[139.566282,35.265611],[139.566166,35.265639],[139.5662,35.265689]]],[[[139.56655,35.265644],[139.566688,35.265701],[139.566653,35.265611],[139.56655,35.265644]]],[[[139.566269,35.266202],[139.566166,35.266118],[139.566207,35.266208],[139.566269,35.266202]]],[[[139.567745,35.265988],[139.566708,35.266129],[139.567807,35.266597],[139.567745,35.265988]]],[[[139.566585,35.26707],[139.566633,35.266991],[139.566599,35.266991],[139.566585,35.26707]]],[[[139.566873,35.267351],[139.566763,35.267351],[139.566756,35.267391],[139.566873,35.267351]]],[[[139.56642,35.271081],[139.566296,35.271143],[139.566392,35.271166],[139.56642,35.271081]]],[[[139.56653,35.271147],[139.566653,35.271087],[139.56661,35.27105],[139.56653,35.271147]]],[[[139.565994,35.271126],[139.566124,35.271318],[139.566188,35.271147],[139.565994,35.271126]]],[[[139.56671,35.271318],[139.566817,35.271406],[139.566825,35.271255],[139.56671,35.271318]]],[[[139.566447,35.271369],[139.566406,35.271436],[139.566447,35.271419],[139.566447,35.271369]]],[[[139.56708,35.271496],[139.56699,35.271397],[139.567004,35.271484],[139.56708,35.271496]]],[[[139.566138,35.271577],[139.566166,35.271487],[139.566063,35.271487],[139.566138,35.271577]]],[[[139.565872,35.271698],[139.565782,35.271614],[139.565839,35.271705],[139.565872,35.271698]]],[[[139.56708,35.271854],[139.567096,35.27175],[139.567027,35.271796],[139.56708,35.271854]]],[[[139.568013,35.271899],[139.568109,35.271899],[139.56802,35.271853],[139.568013,35.271899]]],[[[139.567354,35.271876],[139.567329,35.271991],[139.567379,35.27195],[139.567354,35.271876]]],[[[139.567987,35.28094],[139.568083,35.280947],[139.568009,35.28088],[139.567987,35.28094]]],[[[139.567941,35.281163],[139.568047,35.281087],[139.567901,35.281106],[139.567941,35.281163]]],[[[139.567746,35.281138],[139.56781,35.281193],[139.567819,35.281159],[139.567746,35.281138]]],[[[139.567883,35.281347],[139.568072,35.281446],[139.568062,35.281346],[139.567883,35.281347]]],[[[139.567286,35.281747],[139.566779,35.281644],[139.566777,35.281737],[139.567286,35.281747]]],[[[139.566379,35.285015],[139.566585,35.284998],[139.566454,35.284959],[139.566379,35.285015]]],[[[139.566166,35.285184],[139.566159,35.285071],[139.56609,35.285111],[139.566166,35.285184]]],[[[139.56823,35.265428],[139.568109,35.265464],[139.568216,35.265498],[139.56823,35.265428]]],[[[139.568226,35.26565],[139.568191,35.26572],[139.56826,35.265723],[139.568226,35.26565]]],[[[139.570135,35.265703],[139.570041,35.265743],[139.570103,35.265782],[139.570135,35.265703]]],[[[139.569833,35.265761],[139.569757,35.265798],[139.569856,35.265786],[139.569833,35.265761]]],[[[139.569806,35.269864],[139.569827,35.269718],[139.569758,35.26978],[139.569806,35.269864]]],[[[139.568405,35.270974],[139.568494,35.271042],[139.568501,35.271008],[139.568405,35.270974]]],[[[139.568604,35.271093],[139.568659,35.27116],[139.56868,35.27111],[139.568604,35.271093]]],[[[139.568343,35.271234],[139.568405,35.271104],[139.568295,35.271087],[139.568343,35.271234]]],[[[139.567972,35.271166],[139.568164,35.271126],[139.568089,35.271104],[139.567972,35.271166]]],[[[139.568425,35.271842],[139.568329,35.271842],[139.568405,35.271955],[139.568425,35.271842]]],[[[139.568776,35.27209],[139.56892,35.272056],[139.568776,35.272023],[139.568776,35.27209]]],[[[139.568478,35.272208],[139.568478,35.272281],[139.568496,35.272259],[139.568478,35.272208]]],[[[139.56871,35.272391],[139.568667,35.272435],[139.568717,35.272458],[139.56871,35.272391]]],[[[139.568602,35.272579],[139.568509,35.272488],[139.568557,35.272604],[139.568602,35.272579]]],[[[139.568724,35.272816],[139.568788,35.272752],[139.568693,35.272721],[139.568724,35.272816]]],[[[139.568781,35.273049],[139.568878,35.273009],[139.568789,35.272963],[139.568781,35.273049]]],[[[139.569004,35.273218],[139.569,35.273111],[139.568932,35.273145],[139.569004,35.273218]]],[[[139.570462,35.276606],[139.569701,35.276882],[139.569492,35.277073],[139.56954,35.277107],[139.570462,35.276606]]],[[[139.569734,35.278048],[139.56984,35.277994],[139.569807,35.27795],[139.569734,35.278048]]],[[[139.569838,35.278386],[139.569909,35.278321],[139.569856,35.278296],[139.569838,35.278386]]],[[[139.569703,35.278474],[139.569572,35.2784],[139.569572,35.278479],[139.569703,35.278474]]],[[[139.569373,35.279121],[139.569167,35.279217],[139.569388,35.279205],[139.569373,35.279121]]],[[[139.56914,35.279364],[139.569085,35.27933],[139.569078,35.279364],[139.56914,35.279364]]],[[[139.569057,35.279544],[139.568989,35.279476],[139.568989,35.279561],[139.569057,35.279544]]],[[[139.56868,35.279572],[139.568824,35.279589],[139.568776,35.279488],[139.56868,35.279572]]],[[[139.569009,35.279737],[139.569282,35.279576],[139.569263,35.279558],[139.569009,35.279737]]],[[[139.568819,35.279776],[139.568915,35.279766],[139.568825,35.279742],[139.568819,35.279776]]],[[[139.569118,35.279967],[139.569048,35.279919],[139.569054,35.279966],[139.569118,35.279967]]],[[[139.568721,35.280158],[139.568961,35.280096],[139.568865,35.280023],[139.568721,35.280158]]],[[[139.568336,35.280395],[139.568467,35.280499],[139.568516,35.280412],[139.568336,35.280395]]],[[[139.568563,35.280547],[139.568648,35.28061],[139.568653,35.280554],[139.568563,35.280547]]],[[[139.568041,35.280687],[139.568159,35.280612],[139.568069,35.280581],[139.568041,35.280687]]],[[[139.568278,35.280846],[139.568261,35.280744],[139.568221,35.280752],[139.568278,35.280846]]],[[[139.578632,35.255317],[139.578497,35.255368],[139.578611,35.255401],[139.578632,35.255317]]],[[[139.578419,35.255559],[139.578447,35.255469],[139.578364,35.255514],[139.578419,35.255559]]],[[[139.576482,35.258179],[139.576549,35.258275],[139.576582,35.258188],[139.576482,35.258179]]],[[[139.576338,35.25845],[139.576504,35.258441],[139.576441,35.258354],[139.576338,35.25845]]],[[[139.576716,35.258528],[139.576665,35.258448],[139.576593,35.258531],[139.576716,35.258528]]],[[[139.576783,35.258771],[139.576805,35.258675],[139.576708,35.258696],[139.576783,35.258771]]],[[[139.57572,35.258731],[139.575816,35.258765],[139.575734,35.258681],[139.57572,35.258731]]],[[[139.576361,35.258953],[139.576258,35.258859],[139.576254,35.258943],[139.576361,35.258953]]],[[[139.576036,35.258979],[139.576065,35.259074],[139.576108,35.259009],[139.576036,35.258979]]],[[[139.574861,35.259351],[139.574868,35.25925],[139.574758,35.259272],[139.574861,35.259351]]],[[[139.575342,35.259554],[139.575232,35.259452],[139.575205,35.25952],[139.575342,35.259554]]],[[[139.574868,35.259469],[139.574538,35.259627],[139.574896,35.259605],[139.574868,35.259469]]],[[[139.575541,35.25965],[139.575644,35.259588],[139.575528,35.25956],[139.575541,35.25965]]],[[[139.573872,35.259841],[139.573714,35.259543],[139.573638,35.259813],[139.573872,35.259841]]],[[[139.5745,35.259871],[139.57438,35.25979],[139.574378,35.259894],[139.5745,35.259871]]],[[[139.575067,35.260055],[139.57526,35.259937],[139.575054,35.260005],[139.575067,35.260055]]],[[[139.575993,35.260589],[139.575651,35.261069],[139.575795,35.261142],[139.57571,35.261056],[139.575993,35.260589]]],[[[139.571221,35.264658],[139.57107,35.264653],[139.571187,35.264703],[139.571221,35.264658]]],[[[139.571937,35.26504],[139.572025,35.264979],[139.571858,35.264939],[139.571937,35.26504]]],[[[139.571428,35.265223],[139.571372,35.265251],[139.571466,35.265323],[139.571428,35.265223]]],[[[139.573465,35.265354],[139.573537,35.26529],[139.573422,35.265301],[139.573465,35.265354]]],[[[139.570711,35.265315],[139.570885,35.265425],[139.570865,35.265276],[139.570711,35.265315]]],[[[139.573645,35.265392],[139.573758,35.265343],[139.573639,35.265351],[139.573645,35.265392]]],[[[139.571221,35.265453],[139.571269,35.265368],[139.571152,35.265396],[139.571221,35.265453]]],[[[139.571207,35.265611],[139.571104,35.265543],[139.571152,35.265645],[139.571207,35.265611]]],[[[139.571738,35.265547],[139.571488,35.265645],[139.571735,35.265765],[139.571738,35.265547]]],[[[139.570672,35.265785],[139.570541,35.265661],[139.570541,35.265712],[139.570672,35.265785]]],[[[139.572,35.265878],[139.572163,35.26581],[139.572111,35.265725],[139.572,35.265878]]],[[[139.571677,35.265874],[139.571939,35.265864],[139.571931,35.26578],[139.571677,35.265874]]],[[[139.570417,35.269876],[139.570287,35.269774],[139.570239,35.269831],[139.570417,35.269876]]],[[[139.570088,35.269949],[139.570177,35.269994],[139.570218,35.269904],[139.570088,35.269949]]],[[[139.60257,35.291936],[139.606776,35.290496],[139.609446,35.29036],[139.609867,35.289242],[139.611324,35.288573],[139.61151,35.286602],[139.609637,35.285814],[139.608802,35.284033],[139.607034,35.283942],[139.604942,35.282004],[139.601097,35.282058],[139.59966,35.281118],[139.596458,35.28081],[139.596107,35.280477],[139.597399,35.279684],[139.597976,35.277025],[139.599935,35.277804],[139.605294,35.27609],[139.608342,35.277354],[139.610174,35.276709],[139.612684,35.278012],[139.616366,35.276234],[139.617432,35.276815],[139.619719,35.275698],[139.62323,35.276375],[139.62438,35.277956],[139.623107,35.279269],[139.625246,35.279711],[139.627549,35.279019],[139.632179,35.274559],[139.633783,35.274787],[139.635248,35.273612],[139.636391,35.273779],[139.637838,35.273091],[139.63934,35.273638],[139.6395,35.272806],[139.641039,35.272865],[139.64195,35.272293],[139.639934,35.271469],[139.638643,35.270132],[139.637762,35.264818],[139.638495,35.264335],[139.63812,35.263693],[139.640767,35.26266],[139.638601,35.26156],[139.636046,35.261701],[139.634665,35.261119],[139.633241,35.259671],[139.629457,35.25836],[139.626859,35.255553],[139.623712,35.256001],[139.62168,35.25731],[139.621101,35.260937],[139.618332,35.261499],[139.616828,35.260099],[139.614404,35.259541],[139.613244,35.25773],[139.608501,35.258439],[139.605963,35.257358],[139.603462,35.258095],[139.59917,35.255426],[139.595852,35.256045],[139.586656,35.25536],[139.585724,35.253991],[139.582208,35.254916],[139.579655,35.253769],[139.576591,35.253082],[139.57633,35.25401],[139.577262,35.253358],[139.579199,35.254052],[139.579785,35.256353],[139.579211,35.256958],[139.578761,35.256523],[139.57925,35.257347],[139.578547,35.258984],[139.576929,35.260119],[139.575718,35.260091],[139.577098,35.261867],[139.575509,35.264648],[139.573963,35.26559],[139.572798,35.26525],[139.572635,35.26603],[139.571012,35.266455],[139.568401,35.266097],[139.567381,35.267295],[139.568689,35.268721],[139.568479,35.269626],[139.568732,35.268918],[139.569128,35.269572],[139.570376,35.268885],[139.570664,35.269238],[139.570811,35.27105],[139.568909,35.27228],[139.569047,35.273288],[139.570741,35.273895],[139.571025,35.276241],[139.570413,35.278248],[139.569464,35.278747],[139.570281,35.278644],[139.57028,35.279237],[139.569081,35.28128],[139.568348,35.281339],[139.567869,35.281735],[139.56904,35.281485],[139.568838,35.2826],[139.568439,35.28258],[139.568594,35.281966],[139.568372,35.281956],[139.568132,35.282638],[139.568121,35.281861],[139.567874,35.283055],[139.566837,35.283076],[139.566633,35.282534],[139.566622,35.283073],[139.565547,35.283282],[139.564756,35.284524],[139.566132,35.283205],[139.566841,35.284357],[139.565534,35.284244],[139.566874,35.284856],[139.56689,35.285594],[139.567766,35.285165],[139.567257,35.284639],[139.567764,35.284142],[139.568663,35.284299],[139.56869,35.284973],[139.567979,35.285158],[139.569686,35.285022],[139.573205,35.283718],[139.574361,35.282405],[139.576239,35.284072],[139.577576,35.284293],[139.578987,35.287154],[139.583775,35.286476],[139.58594,35.287647],[139.589406,35.291342],[139.593116,35.290326],[139.596189,35.291631],[139.596262,35.291012],[139.597437,35.290971],[139.60257,35.291936]]],[[[139.570333,35.277672],[139.570296,35.277758],[139.570334,35.277752],[139.570333,35.277672]]]]}},{"type":"Feature","properties":{"N03_007":"14321","N03_001":"神奈川県","nam_ja":"寒川町"},"geometry":{"type":"Polygon","coordinates":[[[139.395493,35.401285],[139.393983,35.397642],[139.396842,35.396607],[139.395815,35.394861],[139.395898,35.389918],[139.397852,35.391169],[139.398397,35.390549],[139.403141,35.390083],[139.401787,35.386668],[139.399643,35.384516],[139.401748,35.382698],[139.401707,35.379999],[139.403328,35.379551],[139.404126,35.377651],[139.405158,35.377222],[139.401002,35.368635],[139.393967,35.363168],[139.39398,35.362158],[139.395546,35.361066],[139.396787,35.358682],[139.396275,35.358344],[139.396576,35.355545],[139.395359,35.352229],[139.375494,35.350179],[139.370438,35.351164],[139.370537,35.354961],[139.372114,35.355356],[139.371918,35.361101],[139.36864,35.363232],[139.369628,35.366917],[139.370896,35.367846],[139.374656,35.3883],[139.373502,35.393839],[139.373955,35.395833],[139.371806,35.400677],[139.383886,35.401177],[139.388219,35.399885],[139.395493,35.401285]]]}},{"type":"Feature","properties":{"N03_007":"14341","N03_001":"神奈川県","nam_ja":"大磯町"},"geometry":{"type":"MultiPolygon","coordinates":[[[[139.316095,35.305319],[139.315743,35.305354],[139.315855,35.305556],[139.316095,35.305319]]],[[[139.262094,35.33421],[139.273717,35.333917],[139.279445,35.332515],[139.280694,35.333483],[139.281805,35.333107],[139.282731,35.333592],[139.283589,35.332459],[139.28286,35.330493],[139.284367,35.330131],[139.289518,35.330769],[139.291513,35.330231],[139.295748,35.331025],[139.296022,35.327738],[139.293773,35.324832],[139.298151,35.32387],[139.299378,35.322347],[139.300984,35.321845],[139.307137,35.322036],[139.308845,35.321357],[139.304691,35.320164],[139.305451,35.319192],[139.307614,35.319423],[139.312342,35.322107],[139.315126,35.322775],[139.318864,35.322489],[139.318678,35.3251],[139.323303,35.325629],[139.324172,35.328329],[139.327766,35.324867],[139.33109,35.326157],[139.332104,35.324831],[139.332884,35.325096],[139.33407,35.323194],[139.331629,35.320969],[139.329154,35.320954],[139.328402,35.316345],[139.330043,35.312119],[139.319868,35.309055],[139.318687,35.307908],[139.32025,35.306912],[139.319598,35.305887],[139.320055,35.306868],[139.318301,35.308109],[139.31755,35.307221],[139.318466,35.30671],[139.318906,35.307097],[139.318034,35.306079],[139.317222,35.306522],[139.316838,35.306033],[139.318608,35.304856],[139.319585,35.305195],[139.320472,35.304854],[139.318725,35.304656],[139.31564,35.305715],[139.312019,35.305921],[139.269275,35.297288],[139.266308,35.304862],[139.266424,35.309415],[139.265181,35.310579],[139.264613,35.314808],[139.263291,35.315903],[139.258027,35.315057],[139.257289,35.315929],[139.256797,35.319475],[139.250851,35.328806],[139.254535,35.329139],[139.259115,35.330731],[139.262094,35.33421]]]]}},{"type":"Feature","properties":{"N03_007":"14342","N03_001":"神奈川県","nam_ja":"二宮町"},"geometry":{"type":"Polygon","coordinates":[[[139.250851,35.328806],[139.256797,35.319475],[139.257289,35.315929],[139.258027,35.315057],[139.263291,35.315903],[139.264613,35.314808],[139.265181,35.310579],[139.266424,35.309415],[139.266308,35.304862],[139.269275,35.297288],[139.251478,35.293357],[139.248451,35.292201],[139.248747,35.291237],[139.248158,35.29194],[139.247088,35.29163],[139.234081,35.286443],[139.23345,35.287839],[139.235086,35.288576],[139.235013,35.289684],[139.233928,35.289612],[139.234258,35.290254],[139.236177,35.290088],[139.236695,35.288561],[139.237622,35.288881],[139.236784,35.290408],[139.237437,35.292789],[139.236006,35.292646],[139.235756,35.293339],[139.236637,35.293907],[139.237502,35.296178],[139.235688,35.296847],[139.235316,35.298818],[139.236,35.300073],[139.23703,35.30045],[139.237466,35.299819],[139.238037,35.300781],[139.23832,35.304455],[139.23652,35.30751],[139.236878,35.308804],[139.236213,35.310762],[139.237159,35.311601],[139.238104,35.314813],[139.235528,35.317425],[139.234368,35.317713],[139.23293,35.319821],[139.236588,35.320949],[139.238978,35.324166],[139.240673,35.325632],[139.243087,35.326604],[139.245217,35.328872],[139.24682,35.328676],[139.249271,35.32985],[139.250851,35.328806]]]}},{"type":"Feature","properties":{"N03_007":"14361","N03_001":"神奈川県","nam_ja":"中井町"},"geometry":{"type":"Polygon","coordinates":[[[139.206391,35.361326],[139.207178,35.360318],[139.209464,35.359389],[139.210159,35.360509],[139.211147,35.360032],[139.21279,35.358239],[139.211929,35.356365],[139.217578,35.351711],[139.219377,35.353281],[139.222358,35.353665],[139.222756,35.352964],[139.224753,35.35333],[139.233548,35.351264],[139.234538,35.351884],[139.23608,35.351697],[139.237248,35.352512],[139.240024,35.352576],[139.244652,35.355469],[139.251191,35.354087],[139.240748,35.34783],[139.240227,35.346745],[139.23874,35.346439],[139.239105,35.342976],[139.240425,35.342672],[139.239872,35.336521],[139.240539,35.336471],[139.240074,35.336055],[139.241384,35.336384],[139.240327,35.335059],[139.244229,35.335373],[139.244534,35.336031],[139.246596,35.333396],[139.246181,35.331691],[139.249271,35.32985],[139.24682,35.328676],[139.244865,35.328637],[139.243087,35.326604],[139.240673,35.325632],[139.238978,35.324166],[139.236588,35.320949],[139.233218,35.319832],[139.231983,35.32054],[139.230205,35.318888],[139.226867,35.318195],[139.225523,35.316964],[139.224834,35.317602],[139.223919,35.31719],[139.223672,35.315914],[139.218664,35.316128],[139.215796,35.317285],[139.213329,35.317153],[139.212332,35.315944],[139.212208,35.314539],[139.208336,35.313626],[139.206435,35.312044],[139.203786,35.311253],[139.203084,35.307221],[139.202226,35.308675],[139.202872,35.311734],[139.199364,35.31545],[139.197215,35.316818],[139.192348,35.317709],[139.18971,35.319352],[139.187665,35.321926],[139.187251,35.323108],[139.187908,35.323883],[139.189926,35.324395],[139.193743,35.32902],[139.191968,35.332331],[139.192379,35.335581],[139.191674,35.335862],[139.189385,35.335137],[139.190591,35.336776],[139.189895,35.339046],[139.190733,35.338982],[139.193242,35.340486],[139.193676,35.341845],[139.194404,35.341189],[139.196846,35.342641],[139.195069,35.342458],[139.195138,35.343004],[139.194161,35.34294],[139.192649,35.344755],[139.187951,35.34666],[139.186066,35.351026],[139.18908,35.35191],[139.189355,35.353453],[139.190227,35.354031],[139.193465,35.354296],[139.196305,35.355589],[139.19907,35.354825],[139.200667,35.359597],[139.201612,35.360126],[139.204569,35.359557],[139.205457,35.361273],[139.206391,35.361326]]]}},{"type":"Feature","properties":{"N03_007":"14362","N03_001":"神奈川県","nam_ja":"大井町"},"geometry":{"type":"Polygon","coordinates":[[[139.171016,35.358333],[139.173708,35.351456],[139.176733,35.349785],[139.177659,35.347538],[139.179661,35.346087],[139.182239,35.346655],[139.182145,35.34899],[139.184707,35.35032],[139.186967,35.353443],[139.1883,35.351771],[139.186066,35.351026],[139.187816,35.34677],[139.192649,35.344755],[139.194161,35.34294],[139.195138,35.343004],[139.195069,35.342458],[139.196749,35.34284],[139.196472,35.342074],[139.194404,35.341189],[139.193345,35.341671],[139.193242,35.340486],[139.189695,35.338563],[139.190675,35.337604],[139.190405,35.335944],[139.189385,35.335137],[139.191674,35.335862],[139.192379,35.335581],[139.191968,35.332331],[139.193743,35.32902],[139.190013,35.324473],[139.188521,35.324253],[139.187251,35.323108],[139.182558,35.327243],[139.180574,35.329866],[139.176382,35.327392],[139.174734,35.327558],[139.172979,35.326577],[139.171862,35.327219],[139.170464,35.326854],[139.16921,35.324687],[139.169646,35.32404],[139.168928,35.323189],[139.169082,35.321701],[139.166503,35.319995],[139.165511,35.318117],[139.165625,35.316452],[139.164894,35.316445],[139.163789,35.319179],[139.162601,35.318604],[139.163439,35.317824],[139.160765,35.317099],[139.161095,35.316261],[139.157946,35.315468],[139.158153,35.314429],[139.155379,35.313775],[139.155364,35.313333],[139.148642,35.313621],[139.14315,35.323365],[139.137113,35.331689],[139.135594,35.336722],[139.137924,35.336768],[139.139093,35.337358],[139.139478,35.336931],[139.140576,35.337972],[139.141637,35.337689],[139.143855,35.338792],[139.146391,35.340679],[139.149611,35.344496],[139.151576,35.344676],[139.152673,35.345398],[139.154374,35.34504],[139.159437,35.34613],[139.162357,35.349618],[139.161858,35.351831],[139.160897,35.352304],[139.162208,35.352967],[139.162666,35.35494],[139.160326,35.356479],[139.163454,35.356716],[139.165976,35.358301],[139.16863,35.358356],[139.169766,35.359347],[139.171016,35.358333]]]}},{"type":"Feature","properties":{"N03_007":"14363","N03_001":"神奈川県","nam_ja":"松田町"},"geometry":{"type":"Polygon","coordinates":[[[139.13167,35.445318],[139.135384,35.444874],[139.137356,35.445772],[139.141398,35.444152],[139.141243,35.442338],[139.142309,35.439598],[139.141448,35.43514],[139.14304,35.433711],[139.143835,35.430786],[139.145549,35.429568],[139.147096,35.422777],[139.148338,35.421042],[139.148116,35.419181],[139.146912,35.417909],[139.147904,35.414079],[139.145298,35.409689],[139.146253,35.407235],[139.149971,35.40431],[139.149152,35.401056],[139.150926,35.395825],[139.152644,35.3952],[139.147948,35.389881],[139.144507,35.388391],[139.145802,35.385806],[139.144125,35.38166],[139.144693,35.379176],[139.146868,35.377559],[139.149129,35.372812],[139.153682,35.368957],[139.155222,35.366528],[139.15801,35.364492],[139.157303,35.363758],[139.158606,35.362094],[139.159909,35.358387],[139.158656,35.356862],[139.161918,35.35584],[139.162704,35.35476],[139.162208,35.352967],[139.160897,35.352304],[139.161858,35.351831],[139.162357,35.349618],[139.159437,35.34613],[139.154374,35.34504],[139.152673,35.345398],[139.151576,35.344676],[139.149611,35.344496],[139.146391,35.340679],[139.143855,35.338792],[139.141637,35.337689],[139.140576,35.337972],[139.139478,35.336931],[139.139093,35.337358],[139.136993,35.336683],[139.135594,35.336722],[139.134173,35.34098],[139.129948,35.346323],[139.118938,35.350948],[139.114487,35.351971],[139.115823,35.357777],[139.119163,35.359387],[139.119855,35.361068],[139.122288,35.362254],[139.123148,35.365229],[139.123963,35.365442],[139.123505,35.36769],[139.12398,35.369837],[139.123251,35.37084],[139.124193,35.373792],[139.124687,35.374492],[139.128048,35.374652],[139.129514,35.373885],[139.128964,35.37526],[139.127031,35.37694],[139.122878,35.378032],[139.121008,35.381634],[139.116613,35.382482],[139.114222,35.384489],[139.111288,35.384455],[139.107509,35.387041],[139.100743,35.389694],[139.098925,35.392198],[139.100405,35.395128],[139.099382,35.397453],[139.101433,35.401737],[139.100274,35.406376],[139.106118,35.409311],[139.103479,35.412514],[139.102914,35.414166],[139.101671,35.414817],[139.100881,35.418349],[139.102021,35.420504],[139.105275,35.423025],[139.105331,35.426517],[139.108322,35.427036],[139.112719,35.429916],[139.114614,35.429993],[139.118303,35.435986],[139.123236,35.437843],[139.12764,35.441293],[139.128069,35.442075],[139.127047,35.444425],[139.130093,35.446177],[139.13167,35.445318]]]}},{"type":"Feature","properties":{"N03_007":"14364","N03_001":"神奈川県","nam_ja":"山北町"},"geometry":{"type":"Polygon","coordinates":[[[139.051126,35.510571],[139.053221,35.508859],[139.058185,35.508366],[139.060081,35.507499],[139.066038,35.509408],[139.067585,35.504147],[139.072311,35.501357],[139.074957,35.49563],[139.081427,35.494425],[139.084599,35.492644],[139.086682,35.493041],[139.087728,35.492626],[139.090356,35.490693],[139.09105,35.488116],[139.094149,35.486699],[139.096664,35.486561],[139.097352,35.485216],[139.099255,35.483838],[139.100541,35.480406],[139.102491,35.478927],[139.108371,35.478961],[139.114544,35.476958],[139.117076,35.477887],[139.119079,35.477238],[139.12183,35.477459],[139.123605,35.478472],[139.126458,35.47802],[139.12705,35.479658],[139.128746,35.48073],[139.130177,35.484749],[139.132022,35.484692],[139.139103,35.486381],[139.141012,35.485874],[139.143575,35.484075],[139.14667,35.483214],[139.146758,35.480038],[139.148391,35.477736],[139.149942,35.476916],[139.151163,35.476779],[139.155841,35.478454],[139.158098,35.478298],[139.161201,35.475369],[139.162704,35.475091],[139.163728,35.472613],[139.163493,35.47063],[139.165228,35.468615],[139.166241,35.465349],[139.166157,35.462433],[139.165086,35.461793],[139.165323,35.456904],[139.163569,35.455163],[139.161021,35.449905],[139.157521,35.449102],[139.154644,35.445123],[139.152547,35.445412],[139.148696,35.444252],[139.14373,35.444983],[139.141398,35.444152],[139.137356,35.445772],[139.135384,35.444874],[139.131718,35.445293],[139.130294,35.446203],[139.128868,35.445641],[139.126829,35.444158],[139.128069,35.442075],[139.12764,35.441293],[139.123236,35.437843],[139.118303,35.435986],[139.114614,35.429993],[139.112719,35.429916],[139.108322,35.427036],[139.105331,35.426517],[139.105275,35.423025],[139.101682,35.420061],[139.100881,35.418349],[139.101091,35.415866],[139.106118,35.409311],[139.100274,35.406376],[139.101433,35.401737],[139.099382,35.397453],[139.100429,35.395538],[139.098925,35.392198],[139.099831,35.390384],[139.103709,35.388206],[139.107509,35.387041],[139.111288,35.384455],[139.114222,35.384489],[139.116613,35.382482],[139.121008,35.381634],[139.122878,35.378032],[139.127031,35.37694],[139.129627,35.374162],[139.128048,35.374652],[139.124588,35.374422],[139.123251,35.37084],[139.12398,35.369837],[139.123505,35.36769],[139.123963,35.365442],[139.123148,35.365229],[139.122288,35.362254],[139.119855,35.361068],[139.119163,35.359387],[139.115823,35.357777],[139.114487,35.351971],[139.108597,35.35225],[139.102623,35.351144],[139.099111,35.349506],[139.097252,35.346549],[139.095719,35.346103],[139.093459,35.346776],[139.091059,35.350541],[139.085828,35.348555],[139.079734,35.350211],[139.073935,35.348609],[139.071182,35.347197],[139.068882,35.347052],[139.066292,35.34712],[139.065947,35.348048],[139.063472,35.348406],[139.059317,35.351477],[139.055802,35.351503],[139.054387,35.350826],[139.053438,35.351151],[139.053156,35.350194],[139.051087,35.350152],[139.050233,35.348679],[139.049291,35.348747],[139.050034,35.347529],[139.049148,35.344879],[139.043579,35.342571],[139.036819,35.342055],[139.032906,35.337658],[139.030181,35.336759],[139.031602,35.332325],[139.028586,35.332023],[139.026802,35.331033],[139.022757,35.331645],[139.019764,35.330916],[139.018528,35.329846],[139.017296,35.330393],[139.016456,35.33269],[139.014714,35.334668],[139.012481,35.335943],[139.012331,35.337067],[139.01059,35.338411],[139.011072,35.340689],[139.009999,35.341726],[139.011018,35.343639],[139.008622,35.347094],[139.009457,35.348435],[139.008115,35.350304],[139.008362,35.351372],[139.011814,35.355426],[139.012317,35.358163],[139.013353,35.35867],[139.010497,35.359861],[139.009675,35.359017],[139.008811,35.359044],[139.006839,35.361386],[139.007502,35.364395],[139.006142,35.367727],[139.006629,35.368438],[139.005731,35.371739],[139.004549,35.373737],[139.005916,35.375385],[139.001449,35.37986],[139.000698,35.381842],[138.999297,35.382094],[138.998617,35.38404],[139.000958,35.39191],[139.000849,35.395511],[139.001789,35.398806],[138.99991,35.401652],[138.993933,35.403475],[138.989902,35.4032],[138.986934,35.402078],[138.984071,35.401772],[138.98265,35.403643],[138.981274,35.404337],[138.97182,35.405176],[138.969055,35.404754],[138.966612,35.40193],[138.962727,35.4014],[138.959056,35.402308],[138.957001,35.401387],[138.951485,35.401726],[138.948037,35.40127],[138.945734,35.399719],[138.943256,35.399188],[138.941098,35.399695],[138.937942,35.399131],[138.931152,35.401134],[138.925798,35.400265],[138.923012,35.401257],[138.918381,35.400423],[138.916403,35.400614],[138.915817,35.405532],[138.918066,35.411339],[138.925124,35.414686],[138.92666,35.418185],[138.926726,35.420026],[138.928422,35.421103],[138.93017,35.420871],[138.930645,35.426329],[138.929472,35.42852],[138.926591,35.430653],[138.926198,35.432391],[138.927912,35.435179],[138.927404,35.437645],[138.928575,35.439169],[138.930906,35.440113],[138.930997,35.441361],[138.933572,35.444275],[138.937391,35.447001],[138.93737,35.448868],[138.940583,35.44957],[138.949302,35.456095],[138.953145,35.457851],[138.954566,35.459906],[138.957026,35.46075],[138.958727,35.462086],[138.964405,35.462643],[138.966332,35.463826],[138.96923,35.463515],[138.973463,35.466545],[138.976534,35.466178],[138.977428,35.464453],[138.978769,35.463742],[138.980922,35.465326],[138.9822,35.467332],[138.985035,35.468547],[138.98663,35.471807],[138.988822,35.473641],[138.992648,35.47435],[138.99572,35.473673],[138.998608,35.475148],[139.007873,35.474498],[139.010121,35.475633],[139.014593,35.479831],[139.017207,35.479025],[139.02095,35.478793],[139.022484,35.479333],[139.023686,35.480973],[139.027549,35.480968],[139.027874,35.484528],[139.03062,35.488702],[139.033446,35.490256],[139.037317,35.491108],[139.039509,35.495215],[139.043701,35.498942],[139.046019,35.509663],[139.051126,35.510571]]]}},{"type":"Feature","properties":{"N03_007":"14366","N03_001":"神奈川県","nam_ja":"開成町"},"geometry":{"type":"Polygon","coordinates":[[[139.117475,35.351397],[139.129054,35.346804],[139.131287,35.345063],[139.134461,35.340396],[139.137113,35.331689],[139.143064,35.323491],[139.140359,35.322597],[139.136217,35.322561],[139.135545,35.318874],[139.133497,35.319455],[139.132867,35.318397],[139.130655,35.317675],[139.129942,35.318352],[139.125911,35.318105],[139.121659,35.31966],[139.120615,35.321547],[139.120837,35.324367],[139.117889,35.328676],[139.116637,35.334087],[139.114977,35.336601],[139.114572,35.338674],[139.11005,35.339669],[139.10659,35.344747],[139.110993,35.349391],[139.112482,35.352202],[139.117475,35.351397]]]}},{"type":"Feature","properties":{"N03_007":"14382","N03_001":"神奈川県","nam_ja":"箱根町"},"geometry":{"type":"Polygon","coordinates":[[[139.004612,35.289898],[139.006491,35.288819],[139.007821,35.286561],[139.00994,35.285145],[139.010091,35.283318],[139.01096,35.282276],[139.016173,35.281492],[139.017485,35.27917],[139.02206,35.279005],[139.024498,35.277631],[139.025758,35.277603],[139.028338,35.276381],[139.030262,35.274094],[139.034961,35.275942],[139.036423,35.27815],[139.042017,35.279308],[139.043986,35.281494],[139.049686,35.281516],[139.052275,35.279624],[139.052887,35.277755],[139.055821,35.274347],[139.057719,35.273937],[139.06005,35.271823],[139.06021,35.269083],[139.06303,35.265387],[139.064785,35.260692],[139.064901,35.256464],[139.068943,35.255126],[139.064905,35.250863],[139.061464,35.2496],[139.059096,35.247932],[139.058966,35.247131],[139.06,35.246976],[139.06044,35.245405],[139.06211,35.245811],[139.063012,35.244852],[139.064394,35.245376],[139.06402,35.24352],[139.065818,35.243576],[139.067129,35.241214],[139.069434,35.241212],[139.070986,35.240435],[139.072515,35.242067],[139.074786,35.240038],[139.07795,35.238542],[139.078505,35.237257],[139.080969,35.235628],[139.082289,35.235443],[139.083405,35.233943],[139.085876,35.235201],[139.086769,35.235065],[139.089143,35.237296],[139.09123,35.240035],[139.089776,35.241769],[139.091897,35.243456],[139.095787,35.24204],[139.097595,35.242313],[139.100038,35.239653],[139.103192,35.240463],[139.108645,35.23864],[139.111176,35.239589],[139.11293,35.23936],[139.11434,35.24023],[139.118182,35.239998],[139.119292,35.239074],[139.120792,35.239871],[139.121217,35.239558],[139.121153,35.238602],[139.120423,35.238556],[139.120144,35.237781],[139.120462,35.236739],[139.116153,35.233304],[139.114125,35.232436],[139.115653,35.227548],[139.110148,35.226032],[139.106659,35.225733],[139.104551,35.226152],[139.100709,35.22508],[139.096187,35.221886],[139.092435,35.220831],[139.091719,35.219419],[139.088209,35.217721],[139.08718,35.215644],[139.084896,35.214626],[139.084942,35.211098],[139.084014,35.207422],[139.081285,35.206208],[139.080535,35.203951],[139.081657,35.202707],[139.07989,35.200742],[139.077496,35.200051],[139.074138,35.201094],[139.071752,35.198872],[139.071447,35.197545],[139.068562,35.196366],[139.068257,35.19569],[139.06615,35.195216],[139.064319,35.19294],[139.060135,35.190516],[139.051702,35.187726],[139.051138,35.185962],[139.04914,35.185138],[139.047887,35.183401],[139.046386,35.183356],[139.046074,35.18119],[139.04223,35.179692],[139.041999,35.177591],[139.040855,35.177787],[139.036216,35.176111],[139.033527,35.177097],[139.031828,35.175688],[139.026535,35.175426],[139.024886,35.176143],[139.024167,35.177728],[139.021663,35.179515],[139.021487,35.182105],[139.02055,35.181756],[139.018503,35.182564],[139.017698,35.181854],[139.011539,35.18239],[139.009336,35.183245],[139.006477,35.185863],[139.002856,35.187892],[139.001137,35.19071],[138.996545,35.194704],[138.993054,35.198813],[138.989679,35.20055],[138.987678,35.200881],[138.988095,35.202844],[138.986422,35.205443],[138.988098,35.209045],[138.988353,35.211346],[138.987687,35.212815],[138.985876,35.213798],[138.982282,35.217585],[138.982055,35.21963],[138.983646,35.221676],[138.983524,35.222904],[138.980777,35.226573],[138.980716,35.22807],[138.97911,35.228981],[138.978779,35.231079],[138.979514,35.233217],[138.976074,35.235553],[138.97874,35.239393],[138.976062,35.241703],[138.976403,35.244317],[138.974395,35.248144],[138.975634,35.251739],[138.974312,35.256511],[138.975658,35.260353],[138.975471,35.263753],[138.978272,35.267508],[138.981911,35.270126],[138.982241,35.273324],[138.985318,35.277795],[138.987638,35.278822],[138.989011,35.281202],[138.994265,35.285384],[138.997208,35.288702],[139.000056,35.289616],[139.00304,35.289412],[139.004612,35.289898]]]}},{"type":"Feature","properties":{"N03_007":"14383","N03_001":"神奈川県","nam_ja":"真鶴町"},"geometry":{"type":"MultiPolygon","coordinates":[[[[139.140756,35.162977],[139.140869,35.162792],[139.140663,35.162894],[139.140756,35.162977]]],[[[139.142551,35.162977],[139.142369,35.163147],[139.142564,35.163137],[139.142551,35.162977]]],[[[139.140551,35.163087],[139.140592,35.163096],[139.140578,35.163075],[139.140551,35.163087]]],[[[139.14104,35.163123],[139.141081,35.163132],[139.141066,35.163111],[139.14104,35.163123]]],[[[139.14085,35.16313],[139.140891,35.16314],[139.140876,35.163118],[139.14085,35.16313]]],[[[139.140954,35.163131],[139.140995,35.16314],[139.14098,35.163119],[139.140954,35.163131]]],[[[139.140754,35.163138],[139.140795,35.163147],[139.14078,35.163126],[139.140754,35.163138]]],[[[139.141026,35.163174],[139.141067,35.163165],[139.141041,35.163152],[139.141026,35.163174]]],[[[139.140892,35.163199],[139.140934,35.16319],[139.140908,35.163177],[139.140892,35.163199]]],[[[139.140776,35.16322],[139.140817,35.163229],[139.140802,35.163208],[139.140776,35.16322]]],[[[139.140829,35.163229],[139.14087,35.163238],[139.140855,35.163217],[139.140829,35.163229]]],[[[139.140893,35.163279],[139.140934,35.163288],[139.140919,35.163267],[139.140893,35.163279]]],[[[139.140926,35.163333],[139.140967,35.163324],[139.140941,35.163311],[139.140926,35.163333]]],[[[139.103023,35.187098],[139.110267,35.186525],[139.113362,35.185169],[139.116518,35.185079],[139.125354,35.18213],[139.126664,35.18038],[139.131319,35.177979],[139.135095,35.177923],[139.137198,35.178816],[139.138925,35.175915],[139.143031,35.173379],[139.1442,35.169685],[139.145361,35.168427],[139.145231,35.16736],[139.140492,35.163258],[139.140163,35.162381],[139.140627,35.161349],[139.142745,35.160312],[139.142469,35.161306],[139.143266,35.161511],[139.144427,35.158971],[139.144138,35.158956],[139.143636,35.157339],[139.144226,35.156796],[139.143969,35.156953],[139.144246,35.156393],[139.144529,35.156125],[139.144447,35.154919],[139.144585,35.153878],[139.145223,35.15361],[139.145708,35.152336],[139.145274,35.152931],[139.144916,35.152502],[139.144903,35.153037],[139.144308,35.15265],[139.143316,35.153223],[139.142829,35.154102],[139.141653,35.152195],[139.144917,35.151317],[139.145234,35.151826],[139.146263,35.150739],[139.146897,35.150755],[139.147232,35.151329],[139.146848,35.1504],[139.148638,35.15011],[139.148984,35.147996],[139.15047,35.146783],[139.152181,35.146664],[139.154972,35.147941],[139.156181,35.147692],[139.156459,35.147008],[139.157682,35.147278],[139.159219,35.14529],[139.158,35.144179],[139.158905,35.143254],[139.161607,35.142574],[139.161807,35.141582],[139.161058,35.141597],[139.160169,35.140326],[139.160012,35.140573],[139.15928,35.140907],[139.158867,35.140583],[139.158634,35.141214],[139.156918,35.14156],[139.156972,35.141947],[139.155943,35.142077],[139.155321,35.141788],[139.155318,35.140703],[139.15412,35.140616],[139.154248,35.140106],[139.153578,35.140885],[139.152921,35.140571],[139.152274,35.141596],[139.151445,35.14033],[139.149708,35.141622],[139.149253,35.14399],[139.14867,35.143459],[139.146633,35.144806],[139.14453,35.1442],[139.143495,35.145346],[139.142524,35.145039],[139.141808,35.146349],[139.140788,35.146348],[139.13944,35.148086],[139.138749,35.147879],[139.138564,35.149072],[139.137568,35.148977],[139.137696,35.148108],[139.137134,35.150453],[139.13578,35.151037],[139.135448,35.152265],[139.133172,35.154758],[139.130876,35.154765],[139.129479,35.155445],[139.129564,35.156095],[139.126711,35.159312],[139.126512,35.160225],[139.127653,35.162149],[139.129211,35.162613],[139.129722,35.16344],[139.128982,35.166099],[139.124361,35.16876],[139.12318,35.170485],[139.120243,35.171638],[139.116264,35.176103],[139.115774,35.177691],[139.112481,35.180744],[139.104414,35.184384],[139.103023,35.187098]]],[[[139.141383,35.163585],[139.141342,35.163621],[139.141378,35.16363],[139.141383,35.163585]]],[[[139.141653,35.163662],[139.141625,35.1637],[139.141668,35.163681],[139.141653,35.163662]]],[[[139.142335,35.164085],[139.142244,35.164119],[139.142258,35.164135],[139.142335,35.164085]]],[[[139.142287,35.164138],[139.142282,35.164182],[139.142308,35.16415],[139.142287,35.164138]]],[[[139.142469,35.164277],[139.14246,35.164327],[139.142489,35.164302],[139.142469,35.164277]]],[[[139.14244,35.164411],[139.142365,35.164451],[139.142379,35.164474],[139.14244,35.164411]]],[[[139.142495,35.16448],[139.14242,35.164489],[139.14243,35.164528],[139.142495,35.16448]]],[[[139.143531,35.165412],[139.143411,35.165435],[139.143435,35.165489],[139.143531,35.165412]]],[[[139.143699,35.165532],[139.143668,35.165587],[139.143725,35.165555],[139.143699,35.165532]]],[[[139.143437,35.17327],[139.143479,35.17328],[139.143464,35.173258],[139.143437,35.17327]]],[[[139.143272,35.173336],[139.143313,35.173345],[139.143298,35.173324],[139.143272,35.173336]]],[[[139.143267,35.17347],[139.143308,35.173479],[139.143294,35.173458],[139.143267,35.17347]]],[[[139.144798,35.154151],[139.144741,35.154245],[139.144826,35.154157],[139.144798,35.154151]]],[[[139.144874,35.154385],[139.144814,35.15448],[139.144901,35.154406],[139.144874,35.154385]]],[[[139.144675,35.154628],[139.144694,35.154673],[139.144767,35.154647],[139.144675,35.154628]]],[[[139.144891,35.154651],[139.144848,35.154692],[139.144907,35.154664],[139.144891,35.154651]]],[[[139.144725,35.155532],[139.144695,35.155564],[139.144746,35.155546],[139.144725,35.155532]]],[[[139.144777,35.155546],[139.1448,35.155574],[139.144808,35.155551],[139.144777,35.155546]]],[[[139.144764,35.155768],[139.144823,35.1558],[139.144845,35.155783],[139.144764,35.155768]]],[[[139.144947,35.155896],[139.144806,35.155988],[139.144975,35.155912],[139.144947,35.155896]]],[[[139.144684,35.156007],[139.144575,35.156075],[139.144717,35.156025],[139.144684,35.156007]]],[[[139.144345,35.156453],[139.1442,35.156542],[139.144288,35.156714],[139.144345,35.156453]]],[[[139.14435,35.156859],[139.144269,35.156801],[139.144261,35.156897],[139.14435,35.156859]]],[[[139.144056,35.157056],[139.143982,35.157157],[139.144078,35.157061],[139.144056,35.157056]]],[[[139.144311,35.15877],[139.144344,35.158725],[139.144296,35.158714],[139.144311,35.15877]]],[[[139.144398,35.166272],[139.144439,35.166281],[139.144424,35.166259],[139.144398,35.166272]]],[[[139.144372,35.166507],[139.144414,35.166517],[139.144399,35.166495],[139.144372,35.166507]]],[[[139.144417,35.166552],[139.144458,35.166561],[139.144443,35.16654],[139.144417,35.166552]]],[[[139.144812,35.166565],[139.144853,35.166574],[139.144838,35.166552],[139.144812,35.166565]]],[[[139.144671,35.166623],[139.144712,35.166633],[139.144697,35.166611],[139.144671,35.166623]]],[[[139.144611,35.166634],[139.144652,35.166643],[139.144637,35.166621],[139.144611,35.166634]]],[[[139.144154,35.17002],[139.144195,35.170011],[139.14418,35.169999],[139.144154,35.17002]]],[[[139.144288,35.170202],[139.144323,35.170186],[139.144288,35.170178],[139.144288,35.170202]]],[[[139.144034,35.17041],[139.144075,35.170401],[139.144049,35.170388],[139.144034,35.17041]]],[[[139.144054,35.170547],[139.144023,35.17061],[139.144055,35.170635],[139.144054,35.170547]]],[[[139.144403,35.170664],[139.144445,35.170673],[139.14443,35.170652],[139.144403,35.170664]]],[[[139.144006,35.17086],[139.144048,35.170869],[139.144033,35.170848],[139.144006,35.17086]]],[[[139.143883,35.171],[139.143924,35.170991],[139.143899,35.170978],[139.143883,35.171]]],[[[139.16268,35.137656],[139.16273,35.13764],[139.162701,35.137627],[139.16268,35.137656]]],[[[139.163976,35.137864],[139.164026,35.137866],[139.163994,35.137842],[139.163976,35.137864]]],[[[139.162779,35.139104],[139.164039,35.137069],[139.163397,35.136979],[139.163112,35.137958],[139.162556,35.137964],[139.162779,35.139104]]],[[[139.159756,35.14055],[139.159763,35.140593],[139.159798,35.140541],[139.159756,35.14055]]],[[[139.150346,35.140703],[139.150435,35.140557],[139.150291,35.140619],[139.150346,35.140703]]],[[[139.149418,35.148626],[139.149466,35.148093],[139.149245,35.148703],[139.149418,35.148626]]],[[[139.149526,35.148945],[139.149025,35.149099],[139.148935,35.149778],[139.149526,35.148945]]],[[[139.148119,35.150291],[139.148086,35.150397],[139.148153,35.150296],[139.148119,35.150291]]],[[[139.146681,35.150922],[139.146807,35.151179],[139.146705,35.150913],[139.146681,35.150922]]],[[[139.149468,35.152402],[139.148887,35.151135],[139.149376,35.152426],[139.149468,35.152402]]],[[[139.147146,35.151957],[139.145853,35.152778],[139.147209,35.152032],[139.147146,35.151957]]],[[[139.145302,35.153823],[139.145603,35.153621],[139.145141,35.153793],[139.145302,35.153823]]],[[[139.144908,35.154482],[139.144879,35.154556],[139.144942,35.154496],[139.144908,35.154482]]],[[[139.144992,35.154768],[139.144948,35.154829],[139.145013,35.154783],[139.144992,35.154768]]],[[[139.147611,35.166179],[139.14757,35.166004],[139.147495,35.166151],[139.147611,35.166179]]],[[[139.148087,35.166286],[139.148128,35.166278],[139.148102,35.166265],[139.148087,35.166286]]],[[[139.147482,35.166472],[139.147426,35.166442],[139.14742,35.166458],[139.147482,35.166472]]],[[[139.144902,35.166882],[139.144943,35.166891],[139.144929,35.16687],[139.144902,35.166882]]],[[[139.146266,35.167004],[139.146434,35.166971],[139.146509,35.166969],[139.146384,35.166941],[139.146266,35.167004]]],[[[139.146741,35.167187],[139.146695,35.167137],[139.146686,35.167188],[139.146741,35.167187]]],[[[139.145383,35.167174],[139.145425,35.167165],[139.145398,35.167153],[139.145383,35.167174]]],[[[139.145148,35.167244],[139.145189,35.167254],[139.145174,35.167232],[139.145148,35.167244]]],[[[139.146302,35.16708],[139.146199,35.167463],[139.146487,35.167052],[139.146302,35.16708]]],[[[139.14654,35.167372],[139.146596,35.167288],[139.146504,35.167362],[139.14654,35.167372]]],[[[139.145584,35.168069],[139.145625,35.168061],[139.145599,35.168048],[139.145584,35.168069]]],[[[139.144863,35.16903],[139.144904,35.169021],[139.144878,35.169008],[139.144863,35.16903]]]]}},{"type":"Feature","properties":{"N03_007":"14384","N03_001":"神奈川県","nam_ja":"湯河原町"},"geometry":{"type":"Polygon","coordinates":[[[139.079082,35.19579],[139.081507,35.195626],[139.087205,35.193445],[139.090951,35.19341],[139.093223,35.191685],[139.093672,35.189641],[139.09744,35.18901],[139.098894,35.188028],[139.102081,35.187724],[139.10451,35.184302],[139.112481,35.180744],[139.115774,35.177691],[139.116264,35.176103],[139.120243,35.171638],[139.12318,35.170485],[139.124361,35.16876],[139.128982,35.166099],[139.129722,35.16344],[139.129211,35.162613],[139.127653,35.162149],[139.126512,35.160225],[139.126711,35.159312],[139.129564,35.156095],[139.129479,35.155445],[139.130876,35.154765],[139.133172,35.154758],[139.135448,35.152265],[139.13578,35.151037],[139.137134,35.150453],[139.137554,35.149236],[139.137358,35.148573],[139.136102,35.150066],[139.134739,35.150556],[139.131531,35.149564],[139.132671,35.150159],[139.131238,35.150911],[139.1315,35.150236],[139.131103,35.150678],[139.126361,35.149164],[139.126173,35.149843],[139.125101,35.149568],[139.123038,35.15043],[139.117249,35.147366],[139.116151,35.146365],[139.116817,35.145538],[139.112125,35.141379],[139.108076,35.141863],[139.100974,35.140344],[139.093253,35.140718],[139.090099,35.140185],[139.083106,35.141255],[139.077977,35.143368],[139.075824,35.144951],[139.070583,35.145037],[139.065806,35.14412],[139.06041,35.146044],[139.059313,35.147214],[139.058039,35.146704],[139.054534,35.147308],[139.051638,35.147062],[139.050061,35.148954],[139.048227,35.149703],[139.042209,35.150046],[139.040346,35.150705],[139.036013,35.149935],[139.030095,35.149754],[139.028877,35.150259],[139.028411,35.154874],[139.031226,35.156986],[139.030526,35.158749],[139.026279,35.160257],[139.029482,35.16519],[139.028986,35.166588],[139.027631,35.167137],[139.029124,35.170299],[139.026581,35.172181],[139.026136,35.173259],[139.027049,35.17414],[139.026535,35.175426],[139.031828,35.175688],[139.033527,35.177097],[139.035795,35.176038],[139.040855,35.177787],[139.041999,35.177591],[139.04223,35.179692],[139.046074,35.18119],[139.046386,35.183356],[139.047887,35.183401],[139.04914,35.185138],[139.051138,35.185962],[139.051702,35.187726],[139.060135,35.190516],[139.064319,35.19294],[139.06615,35.195216],[139.068257,35.19569],[139.068562,35.196366],[139.071447,35.197545],[139.071752,35.198872],[139.074265,35.201165],[139.076724,35.20018],[139.078077,35.198525],[139.077898,35.196794],[139.079082,35.19579]]]}},{"type":"Feature","properties":{"N03_007":"14401","N03_001":"神奈川県","nam_ja":"愛川町"},"geometry":{"type":"Polygon","coordinates":[[[139.290798,35.555541],[139.294437,35.556512],[139.295262,35.554958],[139.296656,35.554971],[139.297842,35.553481],[139.300808,35.552968],[139.303162,35.55151],[139.303568,35.548267],[139.305534,35.54776],[139.307534,35.544436],[139.310617,35.543432],[139.310903,35.54249],[139.312783,35.541955],[139.316985,35.538165],[139.318174,35.539475],[139.319773,35.539713],[139.321676,35.541192],[139.32501,35.54094],[139.326339,35.542592],[139.324976,35.543501],[139.3254,35.544008],[139.343545,35.533113],[139.350672,35.530138],[139.354505,35.527467],[139.351027,35.523675],[139.353729,35.522552],[139.354554,35.519225],[139.34736,35.517089],[139.350265,35.509064],[139.347482,35.508319],[139.348036,35.507215],[139.346628,35.506647],[139.348436,35.505043],[139.346857,35.504888],[139.347712,35.498933],[139.343597,35.498258],[139.340389,35.499954],[139.334635,35.504484],[139.332119,35.504813],[139.330365,35.505985],[139.327119,35.50617],[139.324842,35.507534],[139.322335,35.505992],[139.320701,35.507515],[139.319145,35.507479],[139.317625,35.50917],[139.315811,35.508471],[139.314992,35.509372],[139.316347,35.510781],[139.315603,35.513711],[139.311519,35.517214],[139.312094,35.51921],[139.311162,35.520532],[139.307414,35.5227],[139.304644,35.520579],[139.304098,35.52134],[139.302289,35.520825],[139.300153,35.521281],[139.298959,35.520462],[139.296969,35.521065],[139.295762,35.52076],[139.294316,35.518693],[139.290559,35.517454],[139.290651,35.51611],[139.289695,35.515171],[139.285091,35.512663],[139.281621,35.512034],[139.278179,35.512986],[139.276963,35.511157],[139.277321,35.509286],[139.275572,35.507146],[139.270573,35.507031],[139.268516,35.508167],[139.268123,35.509201],[139.266185,35.509512],[139.264257,35.510868],[139.264225,35.513392],[139.261525,35.518292],[139.258315,35.520392],[139.257142,35.51964],[139.255402,35.520247],[139.254751,35.521762],[139.253013,35.522291],[139.252853,35.523197],[139.250903,35.524462],[139.2504,35.525894],[139.247338,35.528953],[139.245571,35.534657],[139.247938,35.538839],[139.248131,35.542519],[139.249401,35.543832],[139.249789,35.54691],[139.251195,35.546978],[139.253548,35.548457],[139.259287,35.549733],[139.260141,35.549335],[139.26226,35.550151],[139.264173,35.549246],[139.267302,35.549973],[139.269965,35.548212],[139.274408,35.547212],[139.27674,35.545851],[139.27888,35.546009],[139.281199,35.550016],[139.280746,35.55102],[139.281337,35.552137],[139.283224,35.552292],[139.286573,35.55623],[139.288536,35.556602],[139.290798,35.555541]]]}},{"type":"Feature","properties":{"N03_007":"14402","N03_001":"神奈川県","nam_ja":"清川村"},"geometry":{"type":"Polygon","coordinates":[[[139.247956,35.542535],[139.247938,35.538839],[139.245508,35.534102],[139.246625,35.53232],[139.247399,35.528847],[139.2504,35.525894],[139.250903,35.524462],[139.252853,35.523197],[139.253013,35.522291],[139.254751,35.521762],[139.255402,35.520247],[139.257142,35.51964],[139.258315,35.520392],[139.261525,35.518292],[139.264225,35.513392],[139.264257,35.510868],[139.266185,35.509512],[139.268123,35.509201],[139.268516,35.508167],[139.270614,35.507017],[139.27635,35.507029],[139.278907,35.500304],[139.280303,35.498663],[139.283291,35.497398],[139.281746,35.495238],[139.283321,35.491988],[139.287205,35.489355],[139.290609,35.481818],[139.295492,35.48088],[139.297262,35.479859],[139.29873,35.477923],[139.299397,35.474819],[139.298295,35.473533],[139.298419,35.471695],[139.296314,35.469689],[139.296208,35.464717],[139.295046,35.462824],[139.293813,35.462038],[139.289782,35.463271],[139.288178,35.461469],[139.285444,35.461073],[139.281253,35.462423],[139.277889,35.46231],[139.271886,35.460724],[139.266996,35.462693],[139.265729,35.461416],[139.260701,35.460699],[139.257248,35.460872],[139.254896,35.459781],[139.253156,35.459704],[139.248856,35.460146],[139.246505,35.462789],[139.245675,35.462874],[139.242825,35.460745],[139.236879,35.459111],[139.237929,35.456376],[139.234618,35.455806],[139.229671,35.452145],[139.228301,35.452226],[139.229021,35.456829],[139.225408,35.457818],[139.22331,35.45912],[139.221403,35.458585],[139.216103,35.461231],[139.212707,35.460818],[139.211534,35.459595],[139.209583,35.460184],[139.207659,35.459212],[139.207127,35.460053],[139.205535,35.460535],[139.203661,35.459911],[139.202833,35.457464],[139.201792,35.456758],[139.202082,35.454365],[139.199686,35.452836],[139.19685,35.449577],[139.195628,35.449337],[139.194075,35.451025],[139.192887,35.450531],[139.191586,35.450782],[139.189872,35.449598],[139.186217,35.448925],[139.182023,35.449217],[139.178978,35.447431],[139.17732,35.44946],[139.176674,35.451487],[139.173129,35.452856],[139.163633,35.453755],[139.163283,35.454683],[139.165301,35.45679],[139.165086,35.461793],[139.166157,35.462433],[139.166241,35.465349],[139.165228,35.468615],[139.163493,35.47063],[139.163728,35.472613],[139.162834,35.474549],[139.165703,35.478738],[139.165354,35.479917],[139.166703,35.483086],[139.170442,35.485283],[139.171005,35.487024],[139.172855,35.487723],[139.174271,35.489586],[139.175597,35.489969],[139.177802,35.493735],[139.181024,35.494631],[139.181188,35.497127],[139.183258,35.498128],[139.187765,35.502602],[139.190821,35.504059],[139.192099,35.506235],[139.195693,35.50607],[139.19954,35.506933],[139.202814,35.51024],[139.202762,35.512426],[139.204412,35.513907],[139.209372,35.515487],[139.210842,35.520623],[139.215549,35.521204],[139.214707,35.525624],[139.217364,35.524963],[139.218853,35.526065],[139.220539,35.526311],[139.221726,35.528035],[139.223031,35.527913],[139.221098,35.531114],[139.21757,35.532444],[139.219525,35.534237],[139.224346,35.535894],[139.228201,35.535909],[139.229634,35.536464],[139.22995,35.533594],[139.232566,35.531897],[139.235682,35.534043],[139.236979,35.533528],[139.23806,35.533914],[139.238493,35.535862],[139.241036,35.536685],[139.240797,35.538342],[139.245795,35.542171],[139.247956,35.542535]]]}}]}